speed_object_1_kph,speed_object_2_kph,angle_degrees,PET,acceleration_obj1_mps2,acceleration_obj2_mps2,min_dist_dual_check_m,object_count_at_frame1,target_dist_px,FE_inv_PET,FE_safety_index,FE_log_mesafe,FE_dist_squared,class_object_1,class_object_2
4,8,29.19,2.87,0.0,0.0,4.677,48,58.758,0.3484319343442737,0.10211375298489136,4.090303073062381,3452.5025640000003,Car,VRU
8,11,1.83,1.47,0.0,1.11,1.611,46,15.622,0.6802716460737102,0.6081167194906721,2.8107271191308345,244.046884,Car,VRU
8,11,2.03,1.4,0.0,-0.56,1.74,46,17.448,0.7142852040819971,0.5444749802570507,2.9149559635267033,304.432704,Car,VRU
6,16,38.42,2.6,0.0,0.0,1.404,47,12.715,0.38461523668644737,0.8651198690428731,2.6184901243895666,161.671225,Car,VRU
14,17,10.0,2.07,-1.11,0.0,15.321,47,208.468,0.4830915540620512,0.07435193855003196,5.344570983065472,43458.90702399999,Car,VRU
8,6,60.89,2.57,0.0,0.0,8.986,45,119.355,0.3891049069630712,0.05864856890244591,4.790445708858405,14245.616025000001,Car,Ped
5,14,16.2,2.77,0.0,0.0,9.024,42,119.892,0.36101069999613716,0.07923798018851984,4.794897585042639,14374.091664,Car,VRU
5,16,2.03,2.33,0.0,0.0,8.775,39,116.397,0.42918436515692476,0.0902085097536147,4.765561353404804,13548.261609000001,Car,VRU
7,13,8.42,2.9,0.0,0.0,8.24,46,108.867,0.3448274673008733,0.09185519861982787,4.699270543343187,11852.023689000001,Car,VRU
6,5,0.9,2.8,0.0,0.0,3.451,50,41.505,0.3571427295918823,0.13251415172836642,3.7496217160693224,1722.6650250000002,Car,Ped
14,25,9.19,2.23,0.0,0.56,19.113,39,261.799,0.44843029218372543,0.07448462341535063,5.571389481428177,68538.71640099998,Car,VRU
10,10,16.07,1.67,0.0,0.0,0.866,46,5.154,0.5988020366454871,1.9402402133798577,1.8171022768998502,26.563716,Car,VRU
10,9,39.82,2.87,0.0,0.56,6.944,46,90.634,0.3484319343442737,0.10481717562043852,4.517802381849488,8214.521956,Car,LCV
9,10,4.55,2.63,0.0,0.0,5.723,37,73.46,0.38022799230874815,0.129322078283119,4.310262068444571,5396.3715999999995,LCV,LCV
9,10,0.89,2.8,0.0,0.0,10.904,36,146.333,0.3571427295918823,0.06492042078737933,4.99269533096359,21413.346889,LCV,LCV
12,11,9.9,2.3,0.56,0.56,3.353,48,40.134,0.43478241965981757,0.2865400835565834,3.716835030127268,1610.737956,Car,VRU
3,10,7.2,1.8,0.56,0.0,1.027,41,7.406,0.5555552469137517,0.8776666381762573,2.1289457365829247,54.848836,Car,VRU
5,7,1.88,1.4,0.0,-0.56,1.713,49,17.066,0.7142852040819971,0.35157621284564555,2.8940317187276516,291.24835599999994,Ped,VRU
5,8,3.63,1.03,0.0,0.0,1.191,50,9.717,0.9708728438127731,0.6689306710990356,2.3718312657308602,94.420089,Ped,VRU
4,8,10.34,1.8,1.11,0.0,2.08,48,22.225,0.5555552469137517,0.2699662420712602,3.1452292846999024,493.95062500000006,Ped,VRU
12,16,4.35,2.63,0.0,0.0,16.32,43,222.51,0.38022799230874815,0.06291852023316472,5.409456155782004,49510.700099999995,Car,VRU
9,7,85.14,2.5,0.56,0.0,3.127,40,36.955,0.399999840000064,0.2164794962392235,3.6364012474687315,1365.6720249999998,Car,Ped
3,3,1.82,1.77,0.56,0.56,10.97,42,147.272,0.5649714322195298,0.020370470826970025,4.999048424844336,21689.041983999996,VRU,Car
2,2,3.77,1.9,0.56,0.56,11.807,45,159.036,0.5263155124655198,0.012575768929199874,5.075398789925123,25292.449296,VRU,Car
7,10,33.42,2.0,0.0,0.0,2.885,39,33.545,0.499999750000125,0.2533909598035189,3.542262821940758,1125.267025,VRU,VRU
6,4,87.46,2.1,-0.56,0.56,1.551,40,14.787,0.47619024943321453,0.3381348253104196,2.75918681654959,218.65536900000004,Car,Ped
11,17,0.41,1.6,-0.56,1.11,4.452,41,55.584,0.6249996093752441,0.2518710374951238,4.035726259733689,3089.5810560000004,VRU,VRU
13,13,2.79,1.23,0.0,0.0,2.201,40,23.926,0.8130074690996186,0.5433419483682208,3.215911435404185,572.4534759999999,Car,VRU
13,13,2.86,1.27,0.0,0.0,2.206,40,23.996,0.7874009548023978,0.5417569369162804,3.218715812066835,575.808016,Car,VRU
13,13,3.27,1.2,0.0,0.0,2.194,40,23.831,0.8333326388894676,0.545507928936766,3.212092872571368,567.916561,Car,VRU
13,17,13.47,1.73,0.0,0.56,4.153,41,51.383,0.5780343479570244,0.2919253392770889,3.9585821112081003,2640.2126890000004,Car,VRU
14,8,3.92,2.7,0.0,1.67,8.354,37,110.464,0.3703702331962099,0.0995799527485882,4.71370166881129,12202.295296,Car,VRU
13,12,5.14,1.47,0.0,-0.56,4.128,40,51.035,0.6802716460737102,0.2449299452350359,3.9519165690898226,2604.5712249999997,VRU,VRU
13,22,2.94,1.93,0.0,0.0,6.302,40,81.607,0.518134446562463,0.21444238589284761,4.414094422698925,6659.702449,VRU,VRU
13,4,50.28,1.8,0.0,1.11,1.011,43,7.182,0.5555552469137517,1.183514176620137,2.1019366195072067,51.581124,VRU,Ped
13,5,60.58,2.73,0.0,0.0,3.8,41,46.411,0.36630023212445706,0.19391954075715798,3.85885426928808,2153.9809210000003,VRU,Ped
4,16,0.54,2.8,0.56,0.0,25.714,41,354.647,0.3571427295918823,0.02819705220064726,5.873938665884563,125774.49460899999,LCV,Car
4,16,0.99,2.7,1.11,0.0,25.611,40,353.203,0.3703702331962099,0.028312330222811443,5.869870195103943,124752.35920899999,LCV,Car
14,23,70.83,2.5,0.56,0.0,6.801,40,88.626,0.399999840000064,0.20874235316112255,4.4956454564586545,7854.567876000001,LCV,VRU
13,12,2.14,2.83,-1.67,0.0,12.387,35,167.199,0.353356765598316,0.07476121223953963,5.125147802217964,27955.505601000004,Car,LCV
14,12,2.43,2.83,-1.11,0.0,12.513,35,168.976,0.353356765598316,0.07693400200659264,5.135657250613337,28552.888576,Car,LCV
16,12,2.8,2.93,0.0,0.0,12.724,32,171.938,0.3412968118440915,0.08142469912744886,5.152933148760891,29562.675843999998,Car,LCV
15,12,2.82,2.83,-0.56,0.0,12.48,35,168.507,0.353356765598316,0.08011536565178085,5.132894223902872,28394.609049000002,Car,LCV
23,3,44.56,2.17,0.0,0.0,1.332,42,11.697,0.4608292807238338,1.1113959894506293,2.541365745087654,136.819809,VRU,Ped
8,4,54.66,2.37,1.11,0.0,1.133,40,8.909,0.42194075023597033,0.6734761843667993,2.2934434350767625,79.370281,LCV,Ped
7,7,13.77,2.4,0.0,0.0,1.695,37,16.81,0.41666649305562786,0.41641877356223833,2.87976009730157,282.57609999999994,Car,VRU
7,3,55.18,2.6,0.0,0.0,0.5,39,0.0,0.38461523668644737,5000000.0,0.0,0.0,Car,Ped
13,19,75.89,2.13,1.11,0.0,7.807,36,102.783,0.4694833476604002,0.15566776455573622,4.6423021808256975,10564.345089,VRU,Car
19,8,2.8,2.9,2.22,0.56,12.771,35,172.594,0.3448274673008733,0.07821824583578661,5.156719239416981,29788.688835999998,Car,Car
8,16,1.39,3.0,0.0,0.0,13.828,44,187.472,0.33333322222225925,0.06400955841933964,5.238949454740683,35145.750784,LCV,Car
8,16,27.98,2.97,0.0,0.0,5.325,44,67.873,0.3367002233332581,0.17680078710531746,4.232264228938941,4606.744129000001,LCV,Car
6,8,0.24,2.57,0.0,0.0,5.62,38,72.021,0.3891049069630712,0.09719387265944832,4.2907470710118325,5187.0244410000005,Car,VRU
6,8,0.33,2.6,0.56,0.0,6.329,38,81.991,0.38461523668644737,0.08537522306868775,4.418732168182296,6722.524081,Car,VRU
7,8,0.88,2.47,0.56,0.0,5.464,39,69.819,0.40485813568496526,0.10742061462609584,4.260127326279067,4874.692761,Car,VRU
10,4,80.73,2.0,1.11,0.0,3.133,43,37.038,0.499999750000125,0.18899508102502618,3.6385856600594693,1371.8134439999997,Car,Ped
17,17,1.51,2.5,0.0,0.0,15.216,43,206.985,0.399999840000064,0.08213155502992218,5.337465961716263,42842.790225000004,Car,VRU
17,17,0.1,2.4,0.0,0.0,13.443,45,182.057,0.41666649305562786,0.09337734833938081,5.209797579752862,33144.75124899999,Car,VRU
17,17,0.81,2.3,0.0,0.0,12.698,44,171.575,0.43478241965981757,0.09908203351839119,5.150831924589539,29437.980624999997,Car,VRU
8,16,62.95,2.37,0.0,1.11,15.048,43,204.624,0.42194075023597033,0.05864414702750339,5.326049258285926,41870.981375999996,VRU,VRU
10,8,2.65,2.37,0.0,0.0,7.584,48,99.635,0.42194075023597033,0.09032970251086764,4.611500109682961,9927.133225000001,Car,Car
6,8,39.0,2.27,1.11,0.0,1.944,47,20.31,0.44052844029584126,0.3446577870675634,3.0591764461105257,412.49609999999996,Car,Car
11,8,4.68,1.47,1.11,0.0,3.0,43,35.158,0.6802716460737102,0.27020876414446887,3.5878982242598227,1236.0849640000001,VRU,VRU
7,8,13.71,1.03,0.56,0.56,1.352,41,11.983,0.9708728438127731,0.6258866205552349,2.5636408093781164,143.59228900000002,VRU,VRU
8,11,20.75,1.8,0.0,0.56,2.095,44,22.438,0.5555552469137517,0.4233888749715271,3.1543586368364105,503.46384399999994,LCV,VRU
9,6,3.01,2.4,1.11,0.56,9.06,45,120.407,0.41666649305562786,0.06228873684844954,4.799148537589118,14497.845648999999,VRU,VRU
20,24,0.8,2.47,0.0,0.0,25.243,52,348.029,0.40485813568496526,0.06321312286271223,5.85515501330614,121124.184841,Car,VRU
20,24,1.3,2.4,0.0,0.0,19.398,47,265.806,0.41666649305562786,0.08276713060364653,5.5865218025442225,70652.829636,Car,VRU
20,24,7.24,2.37,0.0,0.56,19.671,47,269.653,0.42194075023597033,0.08158633472801587,5.600837557607936,72712.740409,Car,VRU
9,3,4.34,2.27,0.0,0.56,8.165,44,107.818,0.44052844029584126,0.05564933447430546,4.689676761914431,11624.721124,Car,VRU
5,4,51.43,2.9,0.0,0.0,0.996,48,6.97,0.3448274673008733,0.6456240106708736,2.075684492802124,48.5809,Car,Ped
8,12,5.63,2.33,0.56,0.56,1.936,51,20.196,0.42918436515692476,0.4951475294539745,3.053812484630516,407.8784160000001,Car,VRU
11,12,4.66,1.7,0.0,0.0,9.944,50,132.835,0.5882349480970894,0.08657356806132745,4.896607697941289,17645.137225000002,Car,VRU
7,10,86.63,2.1,-1.11,0.0,3.587,53,43.416,0.47619024943321453,0.1957803529624942,3.7935997648843394,1884.9490559999997,VRU,Car
8,2,82.7,2.83,1.11,0.0,3.334,52,39.864,0.353356765598316,0.12542644678340242,3.7102494798501287,1589.1384959999998,VRU,Ped
6,13,84.58,1.67,-0.56,0.56,1.701,51,16.892,0.5988020366454871,0.5623963673693839,2.8843536855706016,285.33966399999997,VRU,VRU
9,13,87.11,1.47,0.56,0.56,1.418,50,12.919,0.6802716460737102,0.851459025353431,2.6332548132452636,166.900561,VRU,VRU
8,16,89.64,2.0,0.0,1.11,2.657,53,30.339,0.499999750000125,0.3955304922531892,3.444863328314142,920.4549209999999,VRU,VRU
13,12,5.7,2.53,-0.56,0.0,2.467,52,27.673,0.39525676076807875,0.4517038105119138,3.3559559134164663,765.7949289999999,Car,Car
3,10,26.24,2.13,0.56,0.0,4.14,54,51.205,0.4694833476604002,0.1269407259654189,3.9551782757420737,2621.952025,Car,VRU
4,3,3.22,2.57,1.11,0.56,11.219,57,150.773,0.3891049069630712,0.02321370521768682,5.022385983528918,22732.497529,Car,Ped
9,12,27.9,2.8,0.0,0.0,5.453,45,69.671,0.3571427295918823,0.15070832698384798,4.258035304878579,4854.048241000001,Car,LCV
9,14,48.17,1.9,0.56,0.0,3.165,51,37.483,0.5263155124655198,0.3068057437556828,3.6502165853365445,1404.9752889999997,Ped,VRU
7,10,70.46,2.27,1.11,0.0,2.846,51,32.993,0.44052844029584126,0.25763039864121484,3.526154621066539,1088.5380490000002,Ped,VRU
20,15,9.92,3.0,0.0,0.0,25.46,50,351.072,0.33333322222225925,0.04984732462330427,5.8638357001360735,123251.549184,VRU,VRU
20,15,8.28,2.9,0.0,-0.56,24.332,50,335.211,0.3448274673008733,0.05220592387419887,5.817738939059142,112366.41452100001,VRU,VRU
12,14,9.41,1.03,-0.56,-0.56,2.612,51,29.702,0.9708728438127731,0.437680949509092,3.4243277990510097,882.2088040000001,VRU,VRU
11,14,3.84,1.13,0.0,1.11,3.161,50,37.433,0.8849549690663993,0.3339299459319332,3.6489164655424062,1401.229489,VRU,VRU
11,13,7.55,1.2,1.11,2.22,3.646,51,44.253,0.8333326388894676,0.2711680502752796,3.8122689662908384,1958.328009,VRU,VRU
9,14,10.87,2.5,0.0,0.0,14.311,56,194.265,0.399999840000064,0.05919748766274168,5.274357610352805,37738.890224999996,Car,VRU
11,6,4.21,2.87,-1.11,-1.11,5.167,54,65.64,0.3484319343442737,0.12949420887425034,4.1993049978585875,4308.6096,VRU,Car
13,3,62.49,1.1,-0.56,0.56,0.5,46,0.0,0.9090900826453794,8000000.0,0.0,0.0,VRU,Ped
14,11,0.81,1.03,0.0,0.0,4.068,46,50.179,0.9708728438127731,0.2491081877058493,3.9353292916583804,2517.932041,VRU,VRU
13,11,1.13,1.27,0.0,0.0,3.452,49,41.521,0.7874009548023978,0.28901037332890894,3.749998071541504,1723.993441,VRU,VRU
13,11,1.0,1.3,0.0,0.0,3.515,50,42.402,0.7692301775152481,0.2830055119332694,3.7705055229938815,1797.9296040000002,VRU,VRU
14,14,1.92,2.63,0.0,0.0,16.338,45,222.774,0.38022799230874815,0.06284395816906839,5.410636613972579,49628.255076,VRU,VRU
14,14,1.81,2.67,0.0,0.0,16.118,44,219.682,0.37453169493194943,0.063728479967733,5.396722751259664,48260.181123999995,VRU,VRU
14,14,4.13,2.87,0.56,0.0,11.124,48,149.439,0.3484319343442737,0.09368370978336506,5.013557686411737,22332.014721,VRU,VRU
14,14,0.9,2.73,0.0,0.0,15.164,45,206.25,0.36630023212445706,0.0678787875496786,5.333925794015404,42539.0625,VRU,VRU
10,14,2.43,1.47,0.0,0.0,4.739,50,59.625,0.6802716460737102,0.20125785825982628,4.104707349257647,3555.140625,VRU,VRU
10,14,2.5,1.57,0.0,0.0,7.759,46,102.108,0.6369422694635226,0.1175226219539838,4.635776982580992,10426.043664,VRU,VRU
8,4,84.17,1.53,0.56,0.0,1.189,51,9.686,0.6535943440559843,0.6194506897118842,2.3689344735355795,93.818596,VRU,Ped
10,13,3.94,2.6,0.0,1.11,6.213,48,80.359,0.38461523668644737,0.1431078019499023,4.398871460612654,6457.568880999999,Car,VRU
10,9,21.37,2.6,0.0,0.56,3.98,45,48.951,0.38461523668644737,0.19407161867844133,3.9110425249141847,2396.200401,Car,VRU
3,11,61.89,2.2,0.56,0.0,0.5,48,0.0,0.45454524793397816,7000000.0,0.0,0.0,Ped,VRU
2,14,33.56,2.33,0.56,0.56,0.828,55,4.61,0.42918436515692476,1.7353575411371926,1.724550719534605,21.252100000000002,Ped,VRU
11,14,1.3,1.73,0.0,0.0,7.511,50,98.608,0.5780343479570244,0.12676456142742412,4.601242482650111,9723.537664000001,VRU,VRU
11,14,1.49,1.77,0.0,0.0,7.498,49,98.428,0.5649714322195298,0.1269963818527616,4.599433764136155,9688.071184,VRU,VRU
11,14,1.2,1.8,0.0,0.56,7.407,47,97.146,0.5555552469137517,0.12867230633610952,4.586456165943967,9437.345316,VRU,VRU
11,14,1.41,1.8,0.0,0.56,7.519,48,98.726,0.5555552469137517,0.12661304897784728,4.602426425317028,9746.823076,VRU,VRU
11,14,4.45,1.47,0.0,0.0,3.547,50,42.859,0.6802716460737102,0.2916540215204736,3.780979942912221,1836.8938810000002,VRU,VRU
7,6,45.68,2.57,1.11,0.0,5.735,38,73.627,0.3891049069630712,0.08828282982760632,4.312502372023651,5420.9351289999995,Car,Ped
13,8,73.22,2.17,0.0,0.56,1.399,44,12.646,0.4608292807238338,0.8303020061440767,2.613446438393232,159.92131600000002,VRU,VRU
13,8,72.65,2.17,0.0,0.56,1.399,44,12.646,0.4608292807238338,0.8303020061440767,2.613446438393232,159.92131600000002,VRU,VRU
13,8,68.14,1.87,0.0,1.11,1.407,45,12.756,0.5347590723213517,0.8231419862698349,2.62147509257002,162.71553600000001,VRU,VRU
8,9,71.78,2.47,0.0,1.11,3.407,46,40.892,0.40485813568496526,0.20786461391312203,3.7350948779108992,1672.1556640000003,VRU,Car
19,14,12.69,2.5,0.0,0.0,15.637,35,212.907,0.399999840000064,0.0774986257967158,5.365541341125588,45329.39064900001,VRU,Car
12,5,39.07,2.6,0.0,0.0,0.932,42,6.076,0.38461523668644737,1.398946445203021,1.9567087762975388,36.917775999999996,LCV,Ped
12,11,4.4,2.73,0.0,0.0,8.359,43,110.547,0.36630023212445706,0.10402814998120122,4.714446026747288,12220.639208999999,LCV,Car
19,7,0.18,1.7,0.0,0.56,7.242,39,94.835,0.5882349480970894,0.13708019046680878,4.562627962722416,8993.677225,Car,LCV
18,4,0.8,1.57,0.0,0.56,8.324,39,110.044,0.6369422694635226,0.0999600150852385,4.709926519164434,12109.681935999999,Car,LCV
10,8,1.79,2.13,0.0,0.0,1.549,42,14.748,0.4694833476604002,0.610252196212897,2.756713373081491,217.503504,Car,Car
10,8,2.08,2.13,0.0,0.0,1.503,42,14.109,0.4694833476604002,0.637890662847072,2.715290592757704,199.063881,Car,Car
10,8,0.38,1.8,0.0,0.0,1.406,39,12.747,0.5555552469137517,0.7060484266063838,2.620820618489283,162.486009,Car,Car
10,8,0.84,1.8,0.0,0.0,1.517,40,14.311,0.5555552469137517,0.6288868262953794,2.728571524322958,204.804721,Car,Car
10,8,1.35,1.83,0.0,0.0,1.623,38,15.789,0.5464477888263449,0.5700170644108516,2.820723910054261,249.292521,Car,Car
10,8,1.93,1.9,0.0,0.0,1.805,38,18.35,0.5263155124655198,0.4904631885306164,2.962692419475791,336.7225,Car,Car
10,14,73.77,2.97,0.0,0.0,4.835,41,60.974,0.3367002233332581,0.196805192429475,4.126714942252551,3717.8286759999996,LCV,Car
8,15,68.74,2.97,-0.56,0.0,5.767,43,74.087,0.3367002233332581,0.15522291150643283,4.318647441256157,5488.8835690000005,LCV,VRU
11,14,1.56,2.0,0.0,0.0,7.92,42,104.362,0.499999750000125,0.11977539602752539,4.657402039790926,10891.427043999998,Car,Car
1,1,3.55,2.8,0.56,0.0,20.357,48,279.3,0.3571427295918823,0.0035803795074100266,5.635860458170742,78008.49,Car,VRU
4,7,1.56,2.7,0.56,0.56,15.783,44,214.962,0.3703702331962099,0.025585917391976642,5.375102466281458,46208.661444,Car,VRU
10,13,12.21,1.93,0.0,0.0,6.734,40,87.684,0.518134446562463,0.1311527743812694,4.485079489729964,7688.483856,Car,VRU
10,19,15.99,2.37,0.0,0.0,4.076,39,50.3,0.42194075023597033,0.2882703720025771,3.937690752176724,2530.0899999999997,Car,VRU
10,6,1.84,1.83,0.56,0.56,9.119,43,121.229,0.5464477888263449,0.06599081023525055,4.805896334458151,14696.470441,VRU,Car
7,6,67.06,1.33,1.11,-1.11,1.745,38,17.514,0.7518791339254632,0.37113164490512474,2.9185272026450195,306.74019599999997,VRU,VRU
10,9,43.51,2.17,0.0,0.0,4.312,52,53.613,0.4608292807238338,0.17719582606465176,4.0002719496487815,2874.353769,Car,VRU
10,9,58.81,1.27,0.0,0.56,1.512,50,14.229,0.7874009548023978,0.667650525852096,2.7232015048695537,202.46444099999997,Car,VRU
9,16,75.75,2.0,1.11,0.0,2.663,45,30.428,0.499999750000125,0.4108058232284138,3.447699215313575,925.863184,Car,VRU
7,10,5.52,2.07,0.0,0.56,3.029,46,35.578,0.4830915540620512,0.2389116802824307,3.599446966782384,1265.794084,Car,VRU
5,7,4.97,2.27,0.56,0.56,3.906,40,47.906,0.44052844029584126,0.12524526937658603,3.8899000883403754,2294.984836,Car,VRU
11,13,70.55,2.83,0.0,0.0,3.166,40,37.498,0.353356765598316,0.32001705904269406,3.650606291892444,1406.100004,Car,VRU
8,13,7.48,1.9,0.0,0.56,4.253,50,52.788,0.5263155124655198,0.19890883915077598,3.9850503939616235,2786.5729439999996,VRU,VRU
11,12,61.07,1.5,0.56,0.56,2.6,50,29.537,0.6666662222225186,0.38934216781182357,3.4189390631383123,872.434369,Car,VRU
12,5,50.14,1.27,0.0,0.0,3.702,48,45.041,0.7874009548023978,0.18871694259192864,3.8295323038610674,2028.6916809999998,Car,Ped
16,12,21.39,1.87,1.11,0.56,3.37,50,40.375,0.5347590723213517,0.34674921741797604,3.722676833697227,1630.140625,Car,VRU
13,13,65.8,2.4,0.56,0.0,5.343,50,68.122,0.41666649305562786,0.1908340889751609,4.235873059262371,4640.606884,Car,VRU
13,12,68.19,2.33,0.56,1.11,6.72,50,87.481,0.42918436515692476,0.14288816836926685,4.4827878396993075,7652.925360999999,Car,VRU
12,5,69.97,2.5,0.0,0.0,4.157,51,51.44,0.399999840000064,0.16524105433046163,3.959669658895499,2646.0735999999997,Car,Ped
8,9,8.16,1.47,0.0,0.0,2.54,50,28.693,0.6802716460737102,0.2962394905991185,3.3909113277936553,823.2882490000001,VRU,VRU
8,9,8.2,1.5,0.0,0.0,2.641,50,30.112,0.6666662222225186,0.2822794805300385,3.437593596853446,906.7325439999998,VRU,VRU
8,9,0.99,1.93,0.0,-0.56,1.443,50,13.261,0.518134446562463,0.6409772535270906,2.65752853875463,175.854121,VRU,VRU
9,10,7.67,1.63,0.0,0.56,2.355,48,26.09,0.6134965561370822,0.3641241715552253,3.2991646560970036,680.6881,VRU,VRU
10,18,3.28,1.7,0.0,0.0,6.646,54,86.451,0.5882349480970894,0.16194144472659144,4.4710786365050055,7473.775400999999,VRU,Car
9,9,5.37,2.43,0.56,0.0,3.431,49,41.225,0.41152246439404755,0.21831412447994847,3.743012462693864,1699.5006250000001,VRU,Car
13,9,5.07,2.63,0.0,-1.11,2.075,50,22.15,0.38022799230874815,0.4966139730648319,3.1419947805322432,490.62249999999995,Car,VRU
12,8,28.39,2.8,0.0,-0.56,4.62,53,57.95,0.3571427295918823,0.17256255094801465,4.07668962698338,3358.2025000000003,VRU,Car
18,4,71.85,2.2,0.56,0.0,1.19,49,9.703,0.45454524793397816,1.1336698821323425,2.3705240760022384,94.148209,Car,Ped
4,11,60.14,1.9,0.0,1.11,0.662,40,2.285,0.5263155124655198,3.2822742747158533,1.189366651936574,5.2212250000000004,Ped,VRU
12,12,0.82,2.67,0.56,0.0,8.881,36,117.883,0.37453169493194943,0.1017958475624488,4.778139816182667,13896.401688999998,VRU,VRU
12,12,0.39,2.7,0.56,0.0,8.787,37,116.562,0.3703702331962099,0.10294950238543006,4.766965853995321,13586.699843999999,VRU,VRU
12,11,14.49,2.9,0.56,0.0,9.358,39,124.598,0.3448274673008733,0.09229682585357048,4.833086330340438,15524.661603999999,VRU,VRU
11,11,4.41,2.93,0.56,0.0,9.226,39,122.735,0.3412968118440915,0.08962398590765482,4.818142181980805,15063.880224999999,VRU,VRU
12,12,0.38,2.7,0.56,0.0,8.954,37,118.912,0.3703702331962099,0.10091496147642827,4.786758140428295,14140.063744000001,VRU,VRU
14,14,1.01,1.6,1.11,-0.56,2.66,52,30.383,0.6249996093752441,0.4607839758817768,3.4462663450297333,923.1266889999999,VRU,VRU
4,6,2.06,1.4,1.11,1.11,5.605,55,71.798,0.7142852040819971,0.06963982186634973,4.287688482297791,5154.9528040000005,VRU,VRU
4,6,1.5,1.37,1.11,1.11,5.605,54,71.798,0.7299264745062229,0.06963982186634973,4.287688482297791,5154.9528040000005,VRU,VRU
11,12,2.5,1.27,0.0,0.0,5.708,50,73.25,0.7874009548023978,0.15699658488741863,4.307437777682809,5365.5625,VRU,VRU
12,11,9.87,2.1,0.0,0.0,4.021,40,49.519,0.47619024943321453,0.23223408727490283,3.9223495031454494,2452.1313609999997,Car,VRU
3,15,19.85,1.5,0.0,-0.56,1.936,50,20.193,0.6666662222225186,0.4456989825336016,3.053670938474437,407.75724900000006,LCV,VRU
5,7,14.16,2.23,0.0,1.11,0.859,49,5.057,0.44843029218372543,1.1864739595661538,1.8012146279988102,25.573249000000004,Car,VRU
7,11,6.94,1.9,0.0,0.0,10.585,54,141.858,0.5263155124655198,0.06344372496832237,4.9618511299088235,20123.692164,Car,VRU
7,18,3.34,1.4,0.0,0.0,7.559,54,99.295,0.7142852040819971,0.12588750565599974,4.608115843276661,9859.497025,Car,VRU
7,15,14.37,1.47,0.0,0.0,3.461,51,41.648,0.6802716460737102,0.26411831866792357,3.75298037952046,1734.5559040000003,Car,VRU
5,12,12.71,2.9,0.0,0.0,4.545,50,56.891,0.3448274673008733,0.14940851541705163,4.058561932082329,3236.585881,Car,VRU
1,17,5.35,2.33,0.0,0.0,7.524,36,98.803,0.42918436515692476,0.0910903505856062,4.603198242985862,9762.032809,Car,Car
16,20,13.65,2.3,0.0,0.0,14.19,44,192.557,0.43478241965981757,0.09347881357998508,5.26557204273495,37078.198248999994,Car,VRU
6,6,1.08,2.67,-1.11,0.0,2.784,45,32.126,0.37453169493194943,0.1867646085175681,3.5003184725299623,1032.0798759999998,Car,Car
8,6,16.88,2.8,0.0,0.0,2.754,53,31.704,0.3571427295918823,0.22079232207947508,3.487497394581239,1005.1436160000001,Car,Car
8,6,1.39,2.53,0.0,0.0,5.491,54,70.201,0.39525676076807875,0.09971367787191526,4.265506863263121,4928.180400999999,Car,Car
15,18,1.91,2.93,0.0,0.56,12.748,40,172.279,0.3412968118440915,0.0957748762427523,5.154903012229565,29680.053840999997,VRU,VRU
6,6,82.5,2.03,0.0,0.0,1.569,52,15.03,0.49261059477310604,0.3992015702460699,2.7744619666214616,225.90089999999998,Car,Ped
6,5,68.76,2.8,0.0,0.0,3.467,54,41.736,0.3571427295918823,0.1317807137296168,3.755041656367605,1741.8936959999999,Car,Ped
16,15,8.09,2.07,0.0,0.0,6.916,46,90.248,0.4830915540620512,0.17174895652259378,4.513581074414183,8144.701504000001,Car,VRU
14,3,7.22,2.03,0.0,0.56,7.808,46,102.796,0.49261059477310604,0.082688041531888,4.642427434343799,10567.017616000001,VRU,Car
7,5,89.25,2.73,0.56,1.11,2.087,46,22.316,0.36630023212445706,0.26886537601427785,3.1491398201833034,498.0038559999999,Car,VRU
7,7,15.51,2.93,0.0,0.0,6.223,51,80.502,0.3412968118440915,0.08695436030217436,4.40062755982302,6480.572004,Car,LCV
6,6,76.7,2.63,0.0,0.0,7.318,49,95.904,0.38022799230874815,0.06256256191021686,4.573720797714501,9197.577216,Car,Ped
7,5,67.4,2.97,0.0,0.0,4.65,55,58.371,0.3367002233332581,0.10279076762791853,4.083805891664399,3407.1736410000003,LCV,Ped
11,20,6.59,2.13,0.0,0.0,13.46,54,182.286,0.4694833476604002,0.08503121421814504,5.211047774405562,33228.185796,VRU,VRU
11,20,3.38,2.13,0.0,0.0,13.577,53,183.932,0.4694833476604002,0.08427027333867804,5.21998818994124,33830.980623999996,VRU,VRU
11,20,0.7,2.1,0.0,0.0,15.163,51,206.249,0.47619024943321453,0.07515187915988984,5.333920968913293,42538.650000999995,VRU,VRU
11,20,4.36,2.13,0.0,0.0,13.42,53,181.727,0.4694833476604002,0.08529277385697902,5.207993235716324,33024.702529,VRU,VRU
12,15,1.78,2.33,0.0,0.0,10.958,45,147.101,0.42918436515692476,0.09177367868489215,4.99789447344542,21638.704201,LCV,Car
24,6,1.51,2.37,0.56,0.0,13.661,45,185.11,0.42194075023597033,0.08103289891938362,5.226337896755872,34265.712100000004,VRU,VRU
2,0,6.95,1.33,0.0,0.0,11.122,53,149.403,0.7518791339254632,0.006693305979844408,5.013318358125315,22321.256408999998,VRU,VRU
20,19,1.76,2.83,0.0,0.0,18.243,50,249.569,0.353356765598316,0.07813470391701412,5.523734331697577,62284.68576099999,VRU,VRU
17,14,24.41,1.2,0.0,0.56,2.795,49,32.282,0.8333326388894676,0.4801437184764353,3.5050167103011525,1042.1275239999998,VRU,VRU
18,14,19.61,1.27,1.11,0.56,3.457,50,41.594,0.7874009548023978,0.3846708567420576,3.751713398285304,1730.060836,VRU,VRU
20,19,1.12,2.8,0.0,0.0,19.125,49,261.973,0.3571427295918823,0.07443515142997503,5.572051365310744,68629.852729,VRU,VRU
20,17,1.76,2.07,0.0,0.0,9.44,53,125.741,0.4830915540620512,0.1471278250759273,4.842145634033093,15810.799081,VRU,VRU
20,19,1.95,2.8,0.0,0.0,18.325,50,250.717,0.3571427295918823,0.07777693543805592,5.528305440583582,62859.014089000004,VRU,VRU
20,18,1.09,2.23,0.0,0.56,10.983,52,147.445,0.44843029218372543,0.1288616085397158,5.000214519268338,21740.028025,VRU,VRU
20,17,2.39,2.17,0.0,0.0,10.419,53,139.509,0.4608292807238338,0.1326079311542056,4.945271543661744,19462.761080999997,VRU,VRU
19,17,2.82,1.23,0.0,1.67,4.184,53,51.823,0.8130074690996186,0.34733611818427884,3.966946701924045,2685.623329,VRU,VRU
20,18,0.37,2.37,0.0,0.0,11.876,51,160.006,0.42194075023597033,0.1187455462998541,5.081441631370808,25601.920036,VRU,VRU
20,18,0.42,2.37,0.0,0.0,12.636,51,170.692,0.42194075023597033,0.11131160153193119,5.145702173923364,29135.758864000003,VRU,VRU
7,10,42.22,2.23,0.0,0.0,3.234,47,38.457,0.44843029218372543,0.221026075330211,3.6752114713485162,1478.940849,LCV,VRU
13,2,61.35,2.93,0.0,0.0,2.14,51,23.072,0.3412968118440915,0.325069334038257,3.181049339327744,532.317184,VRU,Ped
18,2,61.78,1.6,0.0,0.0,0.916,51,5.856,0.6249996093752441,1.707649981617148,1.9251241812954787,34.292736,VRU,Ped
8,6,23.05,2.33,0.0,0.0,0.649,46,2.096,0.42918436515692476,3.3396930631235384,1.1301109557274807,4.393216000000001,LCV,Ped
19,15,1.18,2.9,0.0,0.0,13.509,43,182.979,0.3448274673008733,0.09290683579587364,5.214821620660829,33481.314441,Car,VRU
19,15,2.08,2.87,0.56,0.0,12.901,44,174.422,0.3484319343442737,0.0974647687937028,5.1671944996667705,30423.034084,Car,VRU
16,13,8.51,2.93,0.56,1.67,10.083,45,134.785,0.3412968118440915,0.10757873570813714,4.911072752470066,18166.996225,Car,VRU
17,15,5.53,2.9,0.56,2.22,11.017,46,147.921,0.3448274673008733,0.10816584455103843,5.003415963996743,21880.622240999997,Car,VRU
17,14,6.33,2.93,1.11,2.22,10.624,45,142.393,0.3412968118440915,0.10885366479494311,4.965589112469172,20275.766449,Car,VRU
13,9,69.48,1.77,0.56,1.11,2.379,53,26.428,0.5649714322195298,0.4162251999309369,3.311564389422118,698.4391840000001,Car,VRU
9,6,79.4,2.27,1.11,1.67,0.944,50,6.238,0.44052844029584126,1.2023082394504263,1.9793449251415507,38.91264400000001,LCV,VRU
9,8,19.58,1.6,0.56,0.0,1.8,45,18.29,0.6249996093752441,0.46473480236551107,2.9595868269176377,334.5241,LCV,Ped
12,7,81.52,2.1,0.0,-0.56,4.918,48,62.142,0.47619024943321453,0.15287566938824515,4.1453861582696145,3861.628164,VRU,VRU
12,8,37.05,3.0,0.0,1.11,3.615,46,43.82,0.33333322222225925,0.2282062932860271,3.802654468372781,1920.1924000000001,VRU,Car
4,5,6.93,1.8,0.56,1.11,10.165,53,135.95,0.5555552469137517,0.03310040431702535,4.919615895709087,18482.402499999997,VRU,VRU
3,3,2.19,2.0,0.56,0.56,10.762,48,144.344,0.499999750000125,0.02078368327894694,4.979103346483093,20835.190336,VRU,VRU
10,15,78.35,3.0,1.67,0.0,16.907,44,230.768,0.33333322222225925,0.05416695532237158,5.445736871332726,53253.869824,Car,VRU
10,9,1.18,3.0,-0.56,-0.56,4.734,43,59.56,0.33333322222225925,0.15950301948450268,4.103634609129194,3547.3936000000003,Car,Car
11,10,1.82,3.0,-0.56,0.0,4.734,44,59.559,0.33333322222225925,0.1762957709784286,4.103618096443322,3547.274481,Car,Car
12,10,2.79,2.93,0.0,0.0,4.825,46,60.832,0.3412968118440915,0.1808258781426572,4.12442102980457,3700.532224,Car,Car
11,15,85.53,1.6,1.11,0.0,2.027,41,21.477,0.6249996093752441,0.6052986634400213,3.1124925641626904,461.261529,Car,VRU
5,8,13.49,2.13,0.0,1.67,6.687,41,87.023,0.4694833476604002,0.0746928964217173,4.477598143965045,7573.002528999999,Car,VRU
15,17,2.6,1.87,0.56,0.56,5.13,47,65.125,0.5347590723213517,0.24568137818531474,4.191546890178463,4241.265625,Car,Car
16,17,2.9,1.73,0.0,0.0,6.731,47,87.638,0.5780343479570244,0.1882744906516067,4.484560659567526,7680.419044000001,Car,Car
11,13,1.5,2.23,0.0,1.11,4.184,43,51.811,0.44843029218372543,0.23161104337667593,3.966719502347174,2684.379721,Car,Car
11,12,1.5,2.23,0.56,0.56,4.083,44,50.402,0.44843029218372543,0.22816554445923684,3.939677082209962,2540.361604,Car,Car
9,9,2.4,2.43,-1.11,-0.56,3.614,41,43.796,0.41152246439404755,0.20549821432326665,3.802118849720447,1918.089616,Car,Car
16,19,1.03,2.43,0.0,0.56,9.485,48,126.376,0.41152246439404755,0.13847565883968746,4.8471433423462225,15970.893376000002,Car,VRU
16,19,1.06,2.47,0.0,0.56,9.842,47,131.4,0.40485813568496526,0.13318112531825627,4.885827643502908,17265.960000000003,Car,VRU
16,19,0.96,2.4,0.0,0.56,9.253,47,123.116,0.41666649305562786,0.14214236864304908,4.821216612183667,15157.549456,Car,VRU
14,16,11.65,2.2,0.0,-1.11,6.728,44,87.6,0.45454524793397816,0.1712328747576156,4.484131857611035,7673.759999999999,Car,VRU
14,15,26.46,2.17,0.56,0.0,6.516,45,84.616,0.4608292807238338,0.1713623880665313,4.449872181568948,7159.867456,Car,VRU
15,17,4.45,2.5,0.56,0.56,8.208,45,108.413,0.399999840000064,0.14758377549201873,4.695129712909877,11753.378568999999,Car,VRU
20,22,1.68,2.27,0.0,0.0,14.774,45,200.778,0.44052844029584126,0.10459313219280433,5.307168083145998,40311.805283999995,VRU,VRU
8,17,88.48,3.0,1.11,1.67,3.56,46,43.036,0.33333322222225925,0.2904544964575124,3.7850074812081567,1852.0972960000001,Car,VRU
13,11,1.82,1.87,0.0,0.0,6.601,49,85.817,0.5347590723213517,0.13983243250367142,4.463802455024263,7364.557488999999,Car,VRU
13,11,1.9,1.87,0.0,0.0,6.662,51,86.676,0.5347590723213517,0.13844662722729906,4.473648201721105,7512.728976,Car,VRU
8,7,4.9,1.4,-1.11,-1.67,2.352,45,26.049,0.7142852040819971,0.28791891097858224,3.297650036032426,678.550401,VRU,VRU
12,13,3.88,2.2,0.56,0.0,12.155,43,163.932,0.45454524793397816,0.07625112805156328,5.105533267743173,26873.700623999997,VRU,VRU
12,10,5.16,1.13,0.0,0.0,2.674,41,30.58,0.8849549690663993,0.35971221845283785,3.452524008827496,935.1363999999999,VRU,VRU
9,12,11.72,2.63,1.11,-0.56,9.312,45,123.939,0.38022799230874815,0.08471909500061245,4.827825618191548,15360.875720999999,VRU,VRU
15,15,0.89,1.03,0.0,0.56,3.335,45,39.878,0.9708728438127731,0.3761472396773349,3.710592021019586,1590.254884,VRU,VRU
15,11,1.39,1.53,1.11,0.56,7.184,51,94.012,0.6535943440559843,0.1382802180755625,4.554003199412847,8838.256144,VRU,VRU
14,10,0.8,1.6,1.67,0.56,7.629,53,100.274,0.6249996093752441,0.11967209725679541,4.617829714934846,10054.875076,VRU,VRU
13,10,0.93,1.67,1.11,0.56,7.724,54,101.608,0.5988020366454871,0.11318006344795623,4.630915902406507,10324.185664,VRU,VRU
13,10,1.0,1.67,1.11,0.56,7.742,54,101.862,0.5988020366454871,0.11289784107029274,4.633388284062076,10375.867043999999,VRU,VRU
7,9,1.11,2.9,1.11,0.0,7.171,37,93.828,0.3448274673008733,0.08526239411196664,4.552064724300986,8803.693584,Car,VRU
9,10,3.4,2.03,0.0,0.0,5.005,43,63.372,0.49261059477310604,0.1499084745643427,4.164678755956248,4016.010384,Car,VRU
3,9,52.27,2.93,0.0,-0.56,0.797,37,4.184,0.3412968118440915,1.4340340740836341,1.6455769590499736,17.505856,Car,VRU
6,9,15.7,2.53,-0.56,0.0,2.13,42,22.929,0.39525676076807875,0.32709667551586746,3.175091112497179,525.7390409999999,Car,VRU
6,7,22.47,2.73,0.56,-0.56,1.88,37,19.404,0.36630023212445706,0.33498246057604303,3.0157309600606803,376.515216,Car,VRU
9,4,43.59,1.73,0.0,0.0,1.436,41,13.169,0.5780343479570244,0.4935833781165329,2.6510564795820897,173.422561,Car,Ped
9,9,29.55,2.8,0.0,0.0,3.216,36,38.197,0.3571427295918823,0.23562059230775736,3.6686002132555555,1459.010809,Car,VRU
5,9,39.2,1.77,0.0,0.0,6.04,40,77.929,0.5649714322195298,0.0898253526950769,4.368548714186106,6072.929041,VRU,VRU
18,16,0.25,1.53,0.0,0.0,8.933,38,118.622,0.6535943440559843,0.14331236917846293,4.7843367710887446,14071.178884,VRU,VRU
7,6,42.78,1.7,0.56,0.56,1.12,37,8.714,0.5882349480970894,0.7459260103366984,2.273568143923553,75.933796,VRU,VRU
4,9,79.35,2.03,0.56,0.0,2.686,38,30.745,0.49261059477310604,0.211416483609807,3.4577352326224133,945.255025,Ped,VRU
12,12,82.27,1.67,1.11,0.0,2.119,37,22.771,0.5988020366454871,0.5269860556415592,3.1684663503231194,518.518441,VRU,VRU
3,9,55.55,1.83,0.0,1.11,1.056,38,7.815,0.5464477888263449,0.7677542203769391,2.1764548158498336,61.074225000000006,Ped,VRU
9,9,87.84,2.07,0.56,-1.11,3.873,44,47.445,0.4830915540620512,0.18969332511975287,3.8804291338369676,2251.028025,Car,VRU
10,14,89.98,1.93,0.56,0.0,7.663,42,100.749,0.518134446562463,0.11910788078186503,4.622508996264581,10150.361001,Car,VRU
4,8,64.28,2.6,0.0,1.67,2.658,44,30.351,0.38461523668644737,0.1976870548684704,3.445246164496836,921.1832009999999,Car,VRU
20,4,69.18,1.7,0.0,0.0,10.507,46,140.761,0.5882349480970894,0.08525088564836222,4.954142541007962,19813.659121,VRU,Ped
3,3,58.82,2.83,0.0,0.0,7.643,37,100.468,0.353356765598316,0.029860253714015867,4.619743477837552,10093.819024,VRU,VRU
20,2,22.53,1.73,0.0,0.0,12.47,46,168.361,0.5780343479570244,0.06533579590679674,5.1320325313911335,28345.426320999995,VRU,Ped
10,14,5.6,2.93,0.56,1.11,2.696,49,30.888,0.3412968118440915,0.3885003759226762,3.462229763470439,954.0685440000001,Car,LCV
13,8,40.09,2.23,0.0,-0.56,2.571,37,29.123,0.44843029218372543,0.3605397671757797,3.4052889995654088,848.149129,Car,VRU
13,14,2.95,2.8,0.0,0.0,13.633,41,184.724,0.3571427295918823,0.07308200302569237,5.224261700718623,34122.956176,Car,VRU
13,14,2.66,2.83,0.0,0.0,14.078,41,190.987,0.353356765598316,0.07068543895298927,5.257427661402136,36476.034169,Car,VRU
8,9,48.33,2.87,1.11,0.56,2.261,48,24.765,0.3484319343442737,0.3432263136189657,3.2490169817801875,613.3052250000001,Car,Car
8,18,2.18,2.23,0.0,0.0,10.152,43,135.765,0.44843029218372543,0.0957536913361051,4.9182641245005625,18432.135224999995,Car,VRU
12,12,0.75,2.53,0.0,0.0,11.864,46,159.835,0.39525676076807875,0.07507742312336207,5.080378994751539,25547.227225000002,Car,Car
10,12,0.91,2.67,0.0,0.0,5.757,48,73.936,0.37453169493194943,0.14877731891396181,4.3166344159068295,5466.532096000001,Car,Car
10,11,5.52,3.0,-0.56,0.56,5.267,53,67.051,0.33333322222225925,0.15659721470824872,4.220257424066653,4495.836601,Car,Car
10,3,70.46,2.77,1.11,0.0,2.794,51,32.268,0.36101069999613716,0.20143795086655664,3.504595974006441,1041.2238240000001,Car,LCV
14,14,7.99,2.77,0.0,0.0,6.794,37,88.529,0.36101069999613716,0.15814026863355207,4.494562595143275,7837.383840999999,LCV,VRU
13,9,0.38,1.47,-0.56,-1.11,2.791,43,32.22,0.6802716460737102,0.34140284477334437,3.503152104185149,1038.1283999999998,VRU,VRU
13,10,1.4,1.33,-0.56,-1.67,2.33,44,25.737,0.7518791339254632,0.4468275072142244,3.286048373906415,662.393169,VRU,VRU
13,10,1.4,1.33,-0.56,-1.67,2.33,44,25.737,0.7518791339254632,0.4468275072142244,3.286048373906415,662.393169,VRU,VRU
13,11,2.12,1.27,0.0,-1.67,2.355,45,26.086,0.7874009548023978,0.46001684965050793,3.2990169892331793,680.479396,VRU,VRU
10,10,2.91,1.17,1.11,1.67,3.282,47,39.133,0.8547001241879282,0.25553879703731386,3.6921989385242786,1531.3916890000003,VRU,VRU
11,8,35.58,3.0,0.56,-0.56,4.676,46,58.732,0.33333322222225925,0.1617516828687652,4.0898678901950225,3449.447824,LCV,VRU
11,14,4.87,2.53,0.0,0.0,8.508,43,112.632,0.39525676076807875,0.11098089254402929,4.732965156760677,12685.967424,LCV,VRU
10,16,64.47,2.23,0.56,0.0,9.814,44,131.011,0.44843029218372543,0.09922830831587952,4.882885252447675,17163.882121,Car,VRU
9,11,30.06,2.77,0.0,0.56,9.712,37,129.577,0.36101069999613716,0.07717418926835636,4.871963091072761,16790.198929,VRU,VRU
13,8,59.15,1.97,0.0,0.0,1.93,42,20.113,0.5076139555259109,0.522050389198509,3.049888964505946,404.532769,Car,Ped
10,16,19.66,3.0,0.0,0.0,14.38,45,195.236,0.33333322222225925,0.06658608009493086,5.279318016538253,38117.095696,VRU,VRU
6,9,10.08,2.57,0.0,0.0,3.935,49,48.311,0.3891049069630712,0.15524414408221432,3.898147179892498,2333.952721,Car,VRU
6,4,19.79,2.93,0.0,0.0,0.5,40,0.0,0.3412968118440915,5000000.0,0.0,0.0,Car,Ped
19,18,2.61,1.97,0.0,1.11,7.021,41,91.717,0.5076139555259109,0.20170742390497484,4.529551843029186,8412.008088999999,Car,VRU
19,16,4.8,1.87,0.56,0.56,6.541,40,84.968,0.5347590723213517,0.20595988835844214,4.453975133986465,7219.5610240000005,Car,VRU
19,17,4.16,1.9,0.56,1.11,6.797,40,88.577,0.5263155124655198,0.20321302140270026,4.495098590600146,7845.884929,Car,VRU
19,19,0.05,2.6,0.0,0.0,15.332,42,208.621,0.38461523668644737,0.09107424424638821,5.345301138267815,43522.721641000004,Car,VRU
19,19,0.14,3.0,0.0,0.0,20.399,40,279.887,0.33333322222225925,0.06788453887502978,5.637952453224374,78336.732769,Car,VRU
19,19,0.05,2.7,0.0,0.0,17.101,41,233.5,0.3703702331962099,0.08137044933031927,5.457455587886334,54522.25,Car,VRU
15,23,30.65,2.6,1.11,2.22,21.54,40,295.934,0.38461523668644737,0.06420350461858554,5.693509891885461,87576.93235600002,Car,VRU
4,26,4.72,2.13,0.56,4.44,10.288,45,137.678,0.4694833476604002,0.10894986774248705,4.932154699022607,18955.231684,Car,VRU
7,9,87.35,3.0,1.11,1.11,1.59,39,15.336,0.33333322222225925,0.5216483749577221,2.7933712614223096,235.19289600000002,Car,Car
8,12,85.62,2.4,1.11,0.0,8.199,39,108.284,0.41666649305562786,0.09234974610884575,4.693949998373682,11725.424656000001,Car,VRU
23,13,1.85,2.73,5.0,0.0,16.117,51,219.659,0.36630023212445706,0.0819451965002791,5.396618523462923,48250.076280999994,VRU,LCV
17,13,6.92,2.6,5.0,0.0,22.958,51,315.891,0.38461523668644737,0.047484733507808914,5.7585578661673615,99787.123881,VRU,LCV
13,12,86.55,2.47,0.0,0.0,4.268,36,53.005,0.40485813568496526,0.23582680434248082,3.9890766348704374,2809.5300250000005,LCV,VRU
16,12,3.92,2.5,-1.11,0.0,11.252,40,151.234,0.399999840000064,0.0925717755757847,5.025418810755646,22871.722756000003,VRU,VRU
12,16,2.83,2.03,0.0,1.11,5.035,37,63.784,0.49261059477310604,0.21949077794602445,4.171058659289805,4068.398656,VRU,VRU
12,15,3.69,2.37,0.0,-0.56,8.077,42,106.581,0.42194075023597033,0.12666422601904442,4.678244052209963,11359.509561,VRU,VRU
12,19,25.78,2.9,0.0,0.0,15.568,44,211.947,0.3448274673008733,0.07313149007472863,5.3610433084559475,44921.530809,VRU,VRU
12,14,81.54,3.0,0.0,-0.56,18.106,37,247.638,0.33333322222225925,0.05249598182631106,5.515998023388888,61324.579044000006,VRU,VRU
9,15,4.61,2.87,0.56,-5.0,7.516,50,98.681,0.3484319343442737,0.12160395494974763,4.60197508709155,9737.939761,VRU,VRU
5,7,84.82,1.63,1.11,0.56,0.734,39,3.296,0.6134965561370822,1.8203877972124403,1.4576843572065634,10.863615999999999,VRU,Ped
13,10,0.3,2.83,0.0,0.0,8.535,52,113.015,0.353356765598316,0.10175640311678624,4.736330018686114,12772.390225000001,VRU,Car
11,10,35.37,2.83,-0.56,0.0,4.765,47,59.988,0.353356765598316,0.17503500408356665,4.11067712350966,3598.560144,VRU,Car
4,6,72.81,2.03,0.0,0.56,0.5,49,0.0,0.49261059477310604,5000000.0,0.0,0.0,VRU,Ped
13,17,2.9,2.7,0.0,0.0,12.129,50,163.564,0.3703702331962099,0.0917072210773323,5.103299552292844,26753.182095999997,VRU,VRU
13,17,3.02,2.7,0.0,0.0,12.239,50,165.117,0.3703702331962099,0.09084467322659283,5.1126923593651945,27263.623688999996,VRU,VRU
13,17,3.25,2.63,0.0,0.0,11.553,50,155.465,0.38022799230874815,0.09648473870977559,5.052832342796044,24169.366225,VRU,VRU
4,9,82.74,1.5,0.0,0.0,2.175,49,23.559,0.6666662222225186,0.27590304020106793,3.20107838583762,555.0264810000001,VRU,VRU
16,6,22.32,2.5,-0.56,1.11,1.958,38,20.514,0.399999840000064,0.5362191412586945,3.0687038860098137,420.824196,VRU,Ped
6,6,65.42,1.73,-0.56,-0.56,0.621,46,1.706,0.5780343479570244,3.5169967661214736,0.9954715297485963,2.910436,VRU,VRU
5,9,5.94,1.73,0.56,0.56,1.879,42,19.397,0.5780343479570244,0.3608805299334676,3.0153878312124323,376.24360899999994,Car,VRU
10,10,7.18,1.9,0.0,0.56,2.535,48,28.622,0.5263155124655198,0.3493815823708482,3.388517328504781,819.218884,Car,VRU
10,10,1.74,2.03,0.0,0.0,4.582,44,57.417,0.49261059477310604,0.1741644430366539,4.067606943364404,3296.711889,Car,VRU
10,10,3.24,2.13,0.0,0.0,8.114,43,107.099,0.4694833476604002,0.0933715525507096,4.683047473908573,11470.195801000002,VRU,Car
10,10,0.54,2.03,0.0,0.0,7.136,44,93.341,0.49261059477310604,0.10713405569755997,4.546915877757536,8712.542280999998,VRU,Car
10,10,1.26,2.07,0.0,0.0,7.027,47,91.799,0.4830915540620512,0.10893364732803573,4.530435863872026,8427.056401000002,VRU,Car
10,10,1.54,1.97,0.0,0.0,6.893,47,89.925,0.5076139555259109,0.11120377969192351,4.510034990873053,8086.505625,VRU,Car
10,10,1.75,1.97,0.0,0.0,6.717,48,87.448,0.5076139555259109,0.11435367173230182,4.48241480870515,7647.152703999999,VRU,Car
10,9,41.41,1.67,0.56,0.0,2.247,49,24.579,0.5988020366454871,0.3865087926071527,3.241771702345105,604.127241,VRU,Car
5,13,63.31,2.0,0.0,0.56,5.201,51,66.119,0.499999750000125,0.13611820904553595,4.206467163359049,4371.722161,Ped,VRU
6,5,0.87,2.87,1.11,0.0,3.463,42,41.669,0.3484319343442737,0.1319926052462837,3.7534726612562004,1736.3055609999997,Car,Ped
7,6,15.53,2.9,0.56,0.0,1.26,50,10.684,0.3448274673008733,0.6083863152015805,2.4582203845254944,114.14785599999999,LCV,Ped
6,6,17.05,2.7,0.0,0.0,1.257,50,10.647,0.3703702331962099,0.5635389721481194,2.455048636120515,113.358609,LCV,Ped
11,9,72.01,2.17,-2.78,1.11,4.409,46,54.977,0.4608292807238338,0.18189424337642573,4.0249408920832215,3022.4705289999997,VRU,VRU
9,9,41.43,2.47,-0.56,0.0,4.875,47,61.538,0.40485813568496526,0.14625109450662852,4.1357743719852404,3786.9254439999995,Car,VRU
4,18,33.57,1.2,0.0,0.0,0.5,51,0.0,0.8333326388894676,11000000.0,0.0,0.0,Ped,VRU
7,6,34.03,2.53,-0.56,1.11,0.5,51,0.0,0.39525676076807875,6500000.0,0.0,0.0,Car,VRU
11,7,25.93,1.5,0.0,0.0,5.007,44,63.396,0.6666662222225186,0.14196479049206906,4.1650515193800475,4019.052816,VRU,VRU
11,2,78.04,1.07,0.0,0.0,3.922,42,48.131,0.9345785658144244,0.1350480950936383,3.89449020013584,2316.5931610000002,VRU,Ped
4,6,85.55,2.9,0.0,-1.11,3.807,37,46.509,0.3448274673008733,0.10750607178167512,3.8609191667769345,2163.087081,Car,VRU
12,17,4.76,2.4,0.0,0.0,10.672,39,143.082,0.41666649305562786,0.10134048936036337,4.970382581948482,20472.458723999996,VRU,VRU
13,11,0.43,3.0,0.0,0.0,8.322,38,110.023,0.33333322222225925,0.10906810295058213,4.709737387055093,12105.060528999998,VRU,VRU
13,11,1.26,2.93,0.0,0.0,9.729,39,129.812,0.3412968118440915,0.09244137604812054,4.873761177934222,16851.155344000003,VRU,VRU
13,11,5.14,2.7,0.0,0.0,9.683,35,129.168,0.3703702331962099,0.09290226609607437,4.868825923837018,16684.372224000002,VRU,VRU
11,11,2.44,1.83,-0.56,-1.11,5.741,36,73.717,0.5464477888263449,0.14921930966779293,4.313707643221625,5434.196089,VRU,VRU
13,13,2.47,1.63,0.0,0.0,5.783,36,74.31,0.6134965561370822,0.17494280480496832,4.32161292811326,5521.976100000001,VRU,VRU
6,13,1.12,1.5,0.0,2.78,1.458,40,13.476,0.6666662222225186,0.7049569082103808,2.672492105701496,181.60257600000003,VRU,VRU
11,10,2.69,1.53,0.0,-1.67,1.929,36,20.099,0.6535943440559843,0.5224140244582305,3.049225645993991,403.969801,VRU,VRU
13,21,13.24,2.6,0.56,1.67,9.635,42,128.488,0.38461523668644737,0.132308074432569,4.863588212753346,16509.166144,LCV,VRU
10,9,0.01,2.4,0.0,0.0,8.665,44,114.849,0.41666649305562786,0.08271730635253849,4.752287618989598,13190.292801000001,Car,Car
10,9,0.31,2.43,0.0,0.0,9.093,48,120.862,0.41152246439404755,0.07860204134796676,4.802889256962051,14607.623043999998,Car,Car
10,9,0.63,2.43,0.0,0.0,9.02,49,119.833,0.41152246439404755,0.0792769931548322,4.794409427002125,14359.947889,Car,Car
10,9,3.8,2.57,0.0,0.0,10.692,43,143.356,0.3891049069630712,0.06626858962116278,4.972282470884188,20550.942735999997,Car,Car
10,9,3.14,2.63,0.0,0.0,10.936,43,146.794,0.38022799230874815,0.06471654110715327,4.995819412290897,21548.478436000005,Car,Car
10,11,53.87,1.4,0.0,1.11,1.46,41,13.497,0.7142852040819971,0.7779505980624881,2.6739417314687604,182.169009,Car,VRU
9,9,82.41,1.43,1.11,1.67,2.223,43,24.238,0.6993002102795733,0.3713177501725493,3.228350795230719,587.480644,Car,VRU
9,11,54.67,1.87,0.0,1.11,3.049,45,35.853,0.5347590723213517,0.27891667980596657,3.606937026447827,1285.437609,Car,VRU
9,13,7.8,2.03,0.0,0.0,11.61,44,156.266,0.49261059477310604,0.07039279132765419,5.057938639212122,24419.062755999996,Car,VRU
14,11,81.18,2.03,0.0,1.11,7.639,43,100.415,0.49261059477310604,0.12448339267556248,4.619221009210751,10083.172225000002,VRU,VRU
6,4,51.0,1.4,0.0,-0.56,0.911,47,5.781,0.7142852040819971,0.8649021164327769,1.9141245837017051,33.419960999999994,VRU,Ped
5,12,82.1,2.33,0.0,0.0,3.289,38,39.226,0.42918436515692476,0.21669300421422008,3.694513552731029,1538.679076,VRU,VRU
13,13,64.76,1.63,0.56,1.11,9.143,44,121.575,0.6134965561370822,0.1069298777961762,4.808723087537297,14780.480625,VRU,VRU
9,8,7.6,2.6,0.0,0.0,4.596,45,57.615,0.38461523668644737,0.14753102234607268,4.070990636523792,3319.488225,VRU,Car
8,9,72.93,3.0,1.11,0.0,1.953,42,20.438,0.33333322222225925,0.4158919455968321,3.0651650482693276,417.7118439999999,Car,Car
13,13,4.18,2.47,0.0,0.0,9.883,38,131.975,0.40485813568496526,0.09850350370522067,4.890161140628381,17417.400625,Car,VRU
13,13,10.53,2.83,0.0,0.0,10.141,36,135.609,0.353356765598316,0.09586384313825894,4.917122830764266,18389.800881000003,Car,VRU
7,17,82.05,2.9,1.11,0.0,10.622,42,142.371,0.3448274673008733,0.08428682748391998,4.965435676193746,20269.501641000003,Car,Car
13,11,22.72,2.13,0.56,1.67,4.915,45,62.098,0.4694833476604002,0.19324293546904997,4.14468907332377,3856.161604,Car,VRU
7,5,35.1,2.4,1.67,0.0,2.384,44,26.5,0.41666649305562786,0.22641508579565714,3.3141860046725258,702.25,VRU,Ped
13,5,67.2,1.6,0.0,0.0,1.573,40,15.089,0.6249996093752441,0.5964609585485481,2.778135808668898,227.67792100000003,VRU,Ped
3,12,28.16,1.83,0.0,0.0,1.092,42,8.33,0.5464477888263449,0.9003600359711842,2.2332350148592526,69.3889,Ped,VRU
12,18,85.3,2.83,0.0,0.56,7.45,38,97.758,0.353356765598316,0.15344012609259472,4.592672413158111,9556.626563999998,VRU,Car
12,9,84.43,2.63,0.56,0.56,11.841,38,159.515,0.38022799230874815,0.06582453019575257,5.0783873961470745,25445.035224999996,VRU,Car
8,15,14.9,1.23,-0.56,0.0,2.243,38,24.514,0.8130074690996186,0.4691196675728291,3.2392273211160982,600.936196,Ped,VRU
18,19,15.29,1.53,0.0,0.0,5.766,37,74.074,0.6535943440559843,0.24975024637861806,4.318474293767362,5486.957476,Car,VRU
10,7,65.44,2.73,0.56,0.56,7.456,35,97.845,0.36630023212445706,0.086872092729602,4.5935529666479,9573.644025,Car,VRU
13,17,2.35,1.17,-0.56,0.0,4.049,37,49.916,0.8547001241879282,0.30050484212467266,3.9301772160081883,2491.607056,VRU,VRU
6,13,7.72,1.03,-2.22,0.56,2.663,40,30.418,0.9708728438127731,0.31231506633193945,3.447380977077748,925.254724,Car,VRU
18,24,6.97,1.63,0.0,0.56,6.556,45,85.177,0.6134965561370822,0.24654542603583798,4.456403320720791,7255.121329000001,Car,VRU
18,24,8.12,1.6,0.0,0.56,6.173,44,79.798,0.6249996093752441,0.2631644870402205,4.391952212745455,6367.7208040000005,Car,VRU
18,24,10.45,1.57,0.0,1.67,5.637,42,72.261,0.6369422694635226,0.29061318981728473,4.294028407271158,5221.652120999999,Car,VRU
12,11,62.35,1.67,0.56,1.67,5.366,37,68.449,0.5988020366454871,0.16800829569448356,4.2405926702485965,4685.265601,Car,VRU
6,13,1.95,2.77,0.0,0.0,8.784,35,116.521,0.36101069999613716,0.08153036721680755,4.7666170410193445,13577.143441,Car,Car
13,16,2.33,1.37,0.0,0.0,6.464,39,83.882,0.7299264745062229,0.17286187533842928,4.441262056704852,7036.189924000001,VRU,VRU
13,16,0.48,1.4,0.0,0.0,6.663,39,86.68,0.7142852040819971,0.16728195469217863,4.473693823199706,7513.422400000001,VRU,VRU
13,16,0.58,1.4,0.0,0.0,6.663,39,86.68,0.7142852040819971,0.16728195469217863,4.473693823199706,7513.422400000001,VRU,VRU
13,16,6.76,1.4,0.0,0.0,6.647,39,86.455,0.7142852040819971,0.16771730764308246,4.471124375359026,7474.467025,VRU,VRU
16,14,1.39,2.8,0.0,0.56,12.824,43,173.342,0.3571427295918823,0.08653413433250952,5.16101888735427,30047.448964000003,Car,VRU
16,6,0.77,2.6,0.0,1.11,17.897,40,244.692,0.38461523668644737,0.04495447319505961,5.504078718964484,59874.174864,Car,VRU
16,19,4.73,2.47,0.0,0.0,15.388,32,209.408,0.40485813568496526,0.08356891769383731,5.349048502954394,43851.710463999996,Car,VRU
5,52,77.14,1.47,1.11,0.0,0.5,40,0.0,0.6802716460737102,28500000.0,0.0,0.0,Ped,VRU
11,12,82.61,2.97,1.67,0.56,3.789,33,46.266,0.3367002233332581,0.24856265403184513,3.8557912209580945,2140.542756,LCV,Car
12,9,79.01,2.63,1.67,0.0,5.77,32,74.128,0.38022799230874815,0.14164687915973884,4.3191933255023125,5494.960384,LCV,VRU
12,9,69.71,1.97,0.0,1.11,1.712,38,17.054,0.5076139555259109,0.6156912973090596,2.893367266875963,290.8389159999999,LCV,VRU
10,4,56.15,2.77,0.56,0.0,7.527,33,98.844,0.36101069999613716,0.07081866303651549,4.6036089679211365,9770.136336,Car,Ped
16,14,5.63,2.27,0.0,0.0,8.944,31,118.769,0.44052844029584126,0.1262955811171637,4.785564887588332,14106.075361000001,Car,Car
15,7,81.08,2.47,0.0,1.11,10.451,33,139.971,0.40485813568496526,0.07858770689222977,4.9485541954655545,19591.880841000002,VRU,VRU
11,9,4.53,2.43,0.0,0.0,8.836,35,117.255,0.41152246439404755,0.08528420890124763,4.772843309776226,13748.735024999998,Car,Ped
23,13,0.46,2.53,0.0,0.0,13.279,30,179.747,0.39525676076807875,0.10014075283514744,5.19709826339076,32308.984009000003,VRU,VRU
22,13,1.96,2.2,0.56,0.0,13.49,31,182.708,0.45454524793397816,0.09578124605500993,5.213347540537945,33382.213264,VRU,VRU
21,13,1.99,2.1,0.0,0.56,13.269,31,179.608,0.47619024943321453,0.09465057183059457,5.1963289367902945,32259.033664000002,VRU,VRU
7,14,82.53,1.7,0.0,0.0,1.543,39,14.665,0.5882349480970894,0.7159904046375449,2.751428924404155,215.06222499999998,Car,VRU
9,20,4.81,1.03,0.0,0.0,4.965,40,62.797,0.9708728438127731,0.23090274645440476,4.155706167301604,3943.4632089999996,LCV,VRU
3,7,83.83,2.73,0.56,1.11,1.353,40,12.001,0.36630023212445706,0.4166319126212889,2.5650262775800314,144.024001,Car,VRU
6,3,76.97,2.7,0.0,0.0,0.89,32,5.486,0.3703702331962099,0.8202696280952191,1.8696460078851262,30.096196,Car,Ped
6,12,10.0,1.87,0.0,0.56,2.41,36,26.871,0.5347590723213517,0.3349335590438183,3.327586721725647,722.0506409999999,Car,VRU
8,30,2.98,2.67,0.56,0.0,17.913,34,244.92,0.37453169493194943,0.07757635114496018,5.505006279790286,59985.806399999994,Car,VRU
15,11,6.56,2.97,0.0,0.0,8.769,39,116.313,0.3367002233332581,0.11176738531576534,4.7648455764580495,13528.713969,Car,VRU
15,11,9.75,2.9,0.0,0.0,8.165,39,107.809,0.3448274673008733,0.1205836236252667,4.6895940515889185,11622.780481,Car,VRU
10,10,31.83,2.23,1.11,0.0,2.019,43,21.36,0.44843029218372543,0.4681647720896642,3.1072736482868986,456.2496,Car,VRU
15,19,4.84,1.5,-1.11,-0.56,5.265,40,67.024,0.6666662222225186,0.25364048320541177,4.2198605840834915,4492.216576,Car,VRU
7,7,1.96,1.7,1.11,0.56,3.633,38,44.065,0.5882349480970894,0.1588562315021847,3.8081058920083732,1941.7242249999997,Car,VRU
6,6,2.34,1.67,1.11,0.56,3.713,38,45.187,0.5988020366454871,0.13278154927785538,3.8326983732100417,2041.8649689999997,Car,VRU
6,6,2.49,1.63,1.11,0.56,3.771,39,46.006,0.6134965561370822,0.13041776876021022,3.850275253136737,2116.552036,Car,VRU
8,11,1.07,2.23,0.0,0.0,8.086,41,106.698,0.44843029218372543,0.08903634473901718,4.679331013887781,11384.463203999998,Car,VRU
8,11,1.71,2.23,0.0,0.0,7.652,42,100.597,0.44843029218372543,0.09443621485296566,4.6210140071493795,10119.756409,Car,VRU
8,6,49.92,2.93,0.56,0.56,1.517,42,14.301,0.3412968118440915,0.4894762261746573,2.7279181857396764,204.51860100000002,VRU,VRU
9,10,5.5,1.47,1.11,0.0,2.289,45,25.159,0.6802716460737102,0.3775984586987377,3.26419329955866,632.975281,VRU,VRU
4,7,16.59,1.53,0.56,1.11,1.405,43,12.731,0.6535943440559843,0.43201630413822134,2.6196560503396147,162.078361,VRU,VRU
12,5,66.97,1.67,1.67,0.0,0.671,42,2.408,0.5988020366454871,3.529898866321069,1.2261256089670693,5.798463999999999,VRU,Ped
2,10,84.01,1.4,0.0,0.0,0.702,42,2.838,0.7142852040819971,2.1141641599139676,1.344951397585508,8.054244,Ped,VRU
8,9,2.7,1.7,0.56,1.11,2.804,42,32.405,0.5882349480970894,0.2623051917202533,3.5087055893774406,1050.084025,VRU,VRU
8,9,2.73,1.7,0.56,1.11,2.83,42,32.767,0.5882349480970894,0.2594073226292513,3.5194839942061154,1073.6762890000002,VRU,VRU
8,7,7.9,2.83,0.56,0.0,6.881,41,89.755,0.353356765598316,0.08356080348102275,4.508163568045941,8055.960024999999,VRU,VRU
11,10,10.28,2.83,1.11,0.56,13.752,43,186.403,0.353356765598316,0.05632956520909232,5.233261378214073,34746.078408999994,VRU,VRU
12,10,6.87,1.83,1.11,0.0,7.732,41,101.718,0.5464477888263449,0.1081421173426324,4.631987369347116,10346.551524,VRU,VRU
10,10,3.42,1.43,0.0,0.0,3.694,41,44.926,0.6993002102795733,0.22258825128904752,3.8270314054966788,2018.3454760000002,VRU,VRU
9,8,2.76,1.97,0.0,0.0,8.395,44,111.053,0.5076139555259109,0.07654002974669726,4.7189719736502385,12332.768809,VRU,VRU
7,4,12.93,1.93,-1.11,0.56,0.91,44,5.761,0.518134446562463,0.9546951996710293,1.9111708081085408,33.189121,VRU,Ped
11,16,14.48,2.93,0.0,0.0,15.568,39,211.945,0.3412968118440915,0.0636957698285132,5.361033916403502,44920.683025,VRU,VRU
8,4,77.76,2.07,0.56,-0.56,5.949,37,76.646,0.4830915540620512,0.07828197064058176,4.352160035067588,5874.609316,VRU,Ped
8,16,33.76,2.63,0.0,1.11,6.345,39,82.212,0.38022799230874815,0.14596409105770336,4.421391568196136,6758.812944,VRU,VRU
19,16,0.42,1.7,0.0,0.56,7.195,39,94.165,0.5882349480970894,0.1858439952652897,4.555612227139747,8867.047225000002,VRU,VRU
19,16,0.08,1.67,0.0,0.0,7.378,38,96.743,0.5988020366454871,0.18089163886904855,4.58234158504807,9359.208048999999,VRU,VRU
19,16,1.39,1.4,0.0,0.0,6.51,38,84.536,0.7142852040819971,0.2070123946364579,4.448937339956508,7146.335296,VRU,VRU
19,16,1.31,1.3,0.0,0.0,6.427,39,83.365,0.7692301775152481,0.20992022779439543,4.435152623650301,6949.723224999999,VRU,VRU
11,8,17.08,2.67,0.0,0.0,8.021,37,105.793,0.37453169493194943,0.08979800090934181,4.670892381306892,11192.158849000001,VRU,VRU
11,8,19.66,2.67,0.0,0.0,7.718,38,101.528,0.37453169493194943,0.09357024570985102,4.63013593200584,10307.934784000001,VRU,VRU
11,9,14.43,2.63,0.0,0.56,8.063,37,106.38,0.38022799230874815,0.09400263119004859,4.676373944994423,11316.704399999999,VRU,VRU
13,4,47.86,2.33,0.0,0.0,5.128,36,65.098,0.42918436515692476,0.1305723658088979,4.191138489213801,4237.749604,Car,Ped
13,20,8.67,1.3,0.0,0.56,4.242,30,52.632,0.7692301775152481,0.3134974860636593,3.982145904859618,2770.127424,Car,VRU
13,18,23.24,1.37,0.0,0.0,4.346,31,54.093,0.7299264745062229,0.28654354007831806,4.009022666346096,2926.052649,Car,VRU
13,18,23.47,1.37,0.0,0.0,4.346,31,54.093,0.7299264745062229,0.28654354007831806,4.009022666346096,2926.052649,Car,VRU
4,7,67.89,2.7,0.0,0.0,2.242,31,24.503,0.3703702331962099,0.22446230157685582,3.2387960923033314,600.397009,Ped,Car
1,6,4.86,2.13,0.0,0.0,4.847,33,61.139,0.4694833476604002,0.05724660106893143,4.1293738111414955,3737.9773210000003,Car,Car
1,1,3.97,2.1,-3.33,0.0,4.832,32,60.934,0.47619024943321453,0.016411198732871654,4.126069301916342,3712.952356,Car,Car
2,2,42.57,2.0,0.56,-2.22,4.549,33,56.946,0.499999750000125,0.035120991200066884,4.059511542381854,3242.846916,Car,Car
5,6,1.08,2.03,0.56,0.56,2.672,36,30.55,0.49261059477310604,0.18003272733117096,3.4515735889872223,933.3025,Car,Car
6,9,3.67,2.33,0.56,1.11,1.464,38,13.564,0.42918436515692476,0.5529341969231645,2.678552730313187,183.982096,Car,Car
9,9,1.0,2.43,0.0,0.0,4.985,32,63.078,0.41152246439404755,0.1426804885589193,4.160101091286764,3978.8340840000005,Car,Car
6,13,8.42,2.97,-0.56,0.0,5.984,33,77.139,0.3367002233332581,0.12315430426691681,4.358489292002163,5950.425321,Car,VRU
7,4,80.0,2.63,0.0,0.0,5.21,35,66.246,0.38022799230874815,0.08302387943386953,4.208357537159066,4388.532515999999,Car,Ped
19,17,1.1,1.23,-0.56,0.56,5.081,31,64.44,0.8130074690996186,0.27932960460382367,4.181133692294492,4152.513599999999,VRU,VRU
19,17,1.1,1.23,-0.56,0.56,5.081,31,64.44,0.8130074690996186,0.27932960460382367,4.181133692294492,4152.513599999999,VRU,VRU
10,7,7.49,1.07,1.67,1.11,6.167,35,79.709,0.9345785658144244,0.10663789400647487,4.390850093221115,6353.524681000001,VRU,VRU
16,4,75.51,2.97,1.11,0.0,3.738,31,45.546,0.3367002233332581,0.2195582439828252,3.840441070922473,2074.438116,VRU,Ped
13,4,55.39,2.2,0.0,0.0,2.488,36,27.961,0.45454524793397816,0.3039948390974987,3.365950097308096,781.8175209999999,VRU,Ped
12,5,25.34,2.47,0.0,0.56,1.76,33,17.722,0.40485813568496526,0.4796298115545755,2.929699302949553,314.06928400000004,VRU,Ped
6,7,6.69,2.7,0.0,0.56,2.293,34,25.224,0.3703702331962099,0.25769107763673177,3.2666750220014737,636.250176,Car,VRU
5,6,17.83,2.77,0.56,-0.56,2.563,35,29.015,0.36101069999613716,0.18955711909160367,3.4016972567038066,841.870225,Car,VRU
5,5,73.17,2.6,0.56,0.56,1.489,35,13.916,0.38461523668644737,0.3592986232179776,2.7024344623165746,193.655056,Car,Ped
11,1,14.13,2.93,1.67,0.0,11.934,34,160.826,0.3412968118440915,0.03730740031271436,5.086521683927389,25865.002276,Car,Ped
8,0,16.92,2.77,1.11,-0.56,9.175,35,122.016,0.36101069999613716,0.03278258562170055,4.812314428213392,14887.904256000002,Car,Ped
7,1,22.93,2.73,0.56,0.0,8.282,35,109.453,0.36630023212445706,0.03654536617045338,4.704590091108845,11979.959209,Car,Ped
7,0,29.45,2.77,0.56,0.0,8.964,35,119.048,0.36101069999613716,0.02939990567334264,4.787891662803373,14172.426304,Car,Ped
9,1,46.1,2.67,1.11,0.56,9.843,34,131.413,0.37453169493194943,0.03804798583056481,4.885925825994027,17269.376569000004,Car,Ped
11,1,1.43,2.9,0.0,0.0,12.96,34,175.255,0.3448274673008733,0.034235827598437546,5.171931810084318,30714.315025,Car,Ped
7,1,22.14,2.77,0.56,0.0,8.348,35,110.392,0.36101069999613716,0.036234509418848204,4.713055511629029,12186.393664,Car,Ped
11,23,26.13,2.93,1.11,-0.56,2.018,35,21.347,0.3412968118440915,0.796364791475861,3.106692083862249,455.69440900000006,VRU,Car
14,19,0.37,2.5,0.0,0.0,22.65,36,311.554,0.399999840000064,0.05296032131521239,5.744777254248256,97065.89491599999,Car,Car
18,11,1.54,2.43,0.0,0.56,10.561,34,141.517,0.41152246439404755,0.10246118768443942,4.959461290838849,20027.061288999997,Car,VRU
18,1,4.55,2.57,2.78,0.0,24.373,32,335.784,0.3891049069630712,0.02829199715206205,5.819441775301486,112750.89465599999,Car,VRU
18,12,2.65,2.93,0.0,-3.33,14.294,35,194.019,0.3412968118440915,0.07731201543502432,5.273096989714614,37643.372361,Car,LCV
13,13,3.31,2.87,1.11,0.56,6.125,36,79.122,0.3484319343442737,0.16430322584991247,4.383550473042224,6260.290884,Car,LCV
11,12,5.5,2.87,1.67,0.0,5.08,36,64.426,0.3484319343442737,0.1784993608403539,4.180919732976511,4150.709476,Car,LCV
7,22,82.68,2.13,0.0,0.0,2.624,34,29.87,0.4694833476604002,0.4854368769522304,3.429784838514068,892.2169,Car,VRU
15,14,3.67,2.63,-0.56,-1.67,2.844,37,32.975,0.38022799230874815,0.43972705262389533,3.5256249600372076,1087.350625,VRU,LCV
12,21,87.98,2.4,0.0,-0.56,8.192,37,108.186,0.41666649305562786,0.15251511145143445,4.693052849963619,11704.210596,VRU,VRU
7,11,36.73,2.2,0.56,1.67,3.377,39,40.466,0.45454524793397816,0.22240893040060963,3.7248738143373123,1637.4971560000001,Car,VRU
4,16,89.7,2.83,0.0,2.22,3.712,36,45.182,0.353356765598316,0.2213270722560517,3.8325901117802355,2041.4131240000002,Car,VRU
18,17,0.52,2.97,0.0,0.0,16.561,38,225.9,0.3367002233332581,0.07746790581023504,5.424509391785796,51030.810000000005,LCV,LCV
18,15,18.04,2.73,0.0,0.56,11.853,38,159.681,0.36630023212445706,0.10333101556646679,5.079421033021628,25498.021761000004,VRU,LCV
9,14,89.16,2.43,0.56,0.0,2.217,39,24.15,0.41152246439404755,0.4761904564724449,3.224857896545748,583.2225,VRU,Car
4,3,78.6,2.83,-0.56,0.0,0.5,37,0.0,0.353356765598316,3500000.0,0.0,0.0,VRU,Ped
14,14,2.95,1.9,0.0,0.0,7.976,38,105.155,0.5263155124655198,0.13313679679390616,4.664900290195858,11057.574025,LCV,VRU
12,14,11.76,1.97,0.56,1.11,3.582,37,43.355,0.5076139555259109,0.2998500680463599,3.7922254419725503,1879.6560249999998,LCV,VRU
14,9,5.56,2.77,1.11,0.56,7.906,42,104.165,0.36101069999613716,0.11040176536838894,4.655530545327041,10850.347225000001,Car,Car
2,16,1.8,2.47,0.56,0.0,6.71,36,87.35,0.40485813568496526,0.10303377100133063,4.481306198765705,7630.022499999999,Car,LCV
4,16,0.13,2.4,0.56,0.0,5.779,39,74.252,0.41666649305562786,0.13467650521633756,4.320842481348884,5513.359503999999,Car,LCV
2,16,3.09,2.43,0.56,0.0,6.977,38,91.105,0.41152246439404755,0.0987871126855045,4.522929230604181,8300.121025,Car,LCV
1,16,2.54,2.43,0.0,-0.56,7.048,38,92.104,0.41152246439404755,0.09228697893373818,4.533717147914314,8483.146816,Car,LCV
10,3,76.85,2.63,0.0,0.0,1.006,35,7.124,0.38022799230874815,0.9124086310487604,2.094822643718138,50.75137599999999,Car,Ped
8,9,0.22,3.0,0.56,0.0,2.756,38,31.727,0.33333322222225925,0.26791060396789473,3.4882004252837295,1006.602529,Car,Car
9,4,80.77,2.3,0.0,0.0,2.065,33,22.018,0.43478241965981757,0.29521299413148355,3.1362765185462993,484.792324,Car,Ped
9,10,2.0,2.27,0.0,0.0,10.705,36,143.536,0.44052844029584126,0.06618548610672245,4.973528611471626,20602.583296,Car,LCV
9,10,0.41,2.37,0.0,0.0,11.336,37,152.418,0.42194075023597033,0.06232859595107798,5.033166222336154,23231.246724,Car,LCV
10,11,3.81,2.07,0.0,0.0,5.055,40,64.071,0.4830915540620512,0.16388069229634794,4.175478981453966,4105.093041,LCV,VRU
10,11,3.22,2.03,0.0,0.0,4.312,42,53.622,0.49261059477310604,0.19581514684616116,4.000436731999134,2875.318884,LCV,VRU
10,13,2.75,1.5,1.11,-0.56,1.362,40,12.125,0.6666662222225186,0.9484535300244512,2.5745188084776873,147.015625,Car,Car
8,14,2.16,1.5,0.56,0.56,3.218,40,38.229,0.6666662222225186,0.2877396665426858,3.669416269200672,1461.456441,LCV,VRU
10,8,21.16,1.57,0.0,0.0,0.895,35,5.549,0.6369422694635226,1.621913566063513,1.8793123662359166,30.791401000000004,LCV,VRU
1,10,12.74,1.2,0.0,0.0,1.532,41,14.512,0.8333326388894676,0.37899666627641493,2.741613917940351,210.59814400000002,Car,VRU
7,7,5.97,2.5,0.0,0.0,5.414,37,69.114,0.399999840000064,0.1012819385177831,4.250122488793515,4776.744996,Car,VRU
10,5,11.12,2.97,0.0,0.56,3.771,42,46.01,0.3367002233332581,0.16300803818717588,3.850360345036039,2116.9201,VRU,Car
5,17,1.28,2.3,-0.56,0.0,12.626,42,170.552,0.43478241965981757,0.06449645817993072,5.144886427645127,29087.984704,Car,VRU
5,9,83.09,2.77,1.11,0.0,4.715,44,59.283,0.36101069999613716,0.11807769313162807,4.099050140270419,3514.4740890000003,Car,Car
7,28,77.8,2.2,0.0,0.0,7.345,42,96.284,0.45454524793397816,0.18175397592794257,4.57763453579357,9270.608656,Car,VRU
2,28,57.06,2.4,0.0,0.0,2.363,41,26.206,0.41666649305562786,0.5723879809055948,3.3034375372112383,686.7544359999999,Ped,VRU
17,4,19.41,2.33,0.0,0.56,1.261,41,10.703,0.42918436515692476,0.9810332634744219,2.459845219192629,114.55420899999999,VRU,Ped
7,4,40.66,2.5,0.0,0.0,2.608,44,29.645,0.399999840000064,0.18552875069897956,3.422469516937695,878.826025,Car,Ped
7,3,88.14,1.8,0.56,0.56,1.359,41,12.086,0.5555552469137517,0.4137017695100307,2.571542956447547,146.07139600000002,Car,Ped
13,14,1.01,2.3,0.0,0.0,8.434,40,125.364,0.43478241965981757,0.10768641629425979,4.839166631020068,15716.132496,Car,Car
13,14,0.68,2.27,0.0,0.0,6.756,45,98.857,0.44052844029584126,0.13656088960254822,4.603739162562309,9772.706449,Car,Car
13,14,3.88,2.43,0.56,0.0,6.36,45,92.6,0.41152246439404755,0.1457883353586573,4.539030383483547,8574.759999999998,Car,Car
13,10,3.11,2.67,0.0,0.0,6.487,46,94.597,0.37453169493194943,0.12156833597716275,4.560141438811831,8948.592408999999,Car,Car
11,13,0.79,2.77,0.0,0.0,9.814,46,147.173,0.36101069999613716,0.08153669435605244,4.99838051002924,21659.891929,Car,Car
11,13,0.58,2.8,0.0,0.0,9.183,44,137.208,0.3571427295918823,0.08745845659539928,4.928759796778291,18826.035264,Car,Car
11,13,2.1,2.8,0.0,0.0,7.061,50,103.68,0.3571427295918823,0.11574073962441415,4.650908077661946,10749.542400000002,Car,Car
9,11,1.45,2.1,0.0,0.0,2.882,44,37.641,0.47619024943321453,0.26566774884653044,3.6543138889266222,1416.8448809999998,Car,VRU
9,11,0.61,2.1,0.56,0.56,2.675,44,34.37,0.47619024943321453,0.2909514026490718,3.5658640032173894,1181.2968999999998,Car,VRU
10,8,1.86,2.33,0.56,-1.11,2.884,46,37.669,0.42918436515692476,0.23892324619917585,3.6550382454451653,1418.9535609999998,Car,VRU
10,11,0.9,2.2,-0.56,0.0,2.576,43,32.798,0.45454524793397816,0.3201414622799725,3.520401629140632,1075.708804,Car,VRU
10,11,1.13,2.27,-0.56,0.0,2.671,41,34.313,0.44052844029584126,0.3060064609329857,3.5642511680984534,1177.3819690000003,Car,VRU
9,11,1.6,2.1,0.56,0.0,2.729,46,35.225,0.47619024943321453,0.2838892751202477,3.589749488206746,1240.800625,Car,VRU
11,11,0.37,2.27,0.0,0.0,2.729,41,35.225,0.44052844029584126,0.31227820263227246,3.589749488206746,1240.800625,Car,VRU
9,11,3.15,2.33,0.56,0.56,4.309,45,60.184,0.42918436515692476,0.1661571154101237,4.113885717428936,3622.1138559999995,Car,VRU
8,11,0.01,2.1,0.0,1.11,2.705,42,34.849,0.47619024943321453,0.2726046580216174,3.579315672653795,1214.4528009999997,Car,VRU
8,7,82.01,2.17,0.0,0.56,2.668,39,34.255,0.4608292807238338,0.21894613285808984,3.562607363171004,1173.4050250000003,Car,VRU
11,4,57.94,2.63,0.0,0.0,1.991,46,23.565,0.38022799230874815,0.3182686052082068,3.2013226656206117,555.3092250000001,Car,Ped
10,3,43.4,2.17,1.11,0.0,0.5,42,0.0,0.4608292807238338,6500000.0,0.0,0.0,Car,Ped
2,3,2.19,2.43,-3.33,-3.33,7.102,47,104.325,0.41152246439404755,0.023963575135743348,4.6570508078650805,10883.705625,Car,Car
8,9,3.3,2.43,0.0,0.0,7.653,45,113.029,0.41152246439404755,0.07520193865997277,4.736452802008785,12775.554841,Car,Car
9,16,30.48,2.63,0.56,2.22,3.152,40,41.908,0.38022799230874815,0.2982723991058414,3.759058288735183,1756.2804640000002,Car,VRU
4,8,14.02,2.97,0.0,0.0,4.789,46,67.777,0.3367002233332581,0.08852560472541415,4.230869386722238,4593.721729,VRU,Car
11,11,88.64,1.13,1.11,0.0,1.287,43,12.441,0.8849549690663993,0.8841732268970961,2.598309737089011,154.77848100000003,VRU,VRU
8,9,15.81,2.33,0.0,0.56,3.039,47,40.127,0.42918436515692476,0.21182744257414104,3.716664840121873,1610.1761290000002,Car,VRU
6,21,84.36,2.1,-0.56,0.0,2.488,41,31.419,0.47619024943321453,0.42967629683706365,3.478744670674498,987.1535610000001,VRU,VRU
12,14,3.61,2.2,0.0,-1.11,6.817,39,99.822,0.45454524793397816,0.13023181132183476,4.61335658579159,9964.431684000001,VRU,VRU
12,17,6.98,2.37,0.0,1.11,6.967,42,102.186,0.42194075023597033,0.14189810598420424,4.636533184930231,10441.978596,VRU,VRU
13,13,1.36,1.53,0.0,-1.11,3.595,47,48.901,0.6535943440559843,0.26584322885333167,3.9100410426368337,2391.3078010000004,Car,VRU
13,16,3.24,1.6,1.11,0.0,3.626,42,49.389,0.6249996093752441,0.29358763502829305,3.9197728972882055,2439.273321,Car,VRU
14,3,2.48,1.33,0.0,1.11,3.889,46,53.556,0.7518791339254632,0.15871237286742154,3.9992276970646286,2868.2451359999995,Car,Ped
15,10,10.99,2.63,0.0,-0.56,5.893,49,85.213,0.38022799230874815,0.14669123083694707,4.456820978363616,7261.255368999999,VRU,LCV
7,6,3.14,2.07,1.11,0.56,6.057,45,87.817,0.4830915540620512,0.0740175583996543,4.486578073116991,7711.825488999999,VRU,LCV
13,10,5.28,2.17,0.0,0.0,6.746,48,98.693,0.4608292807238338,0.1165229538414786,4.602095463871015,9740.308249,VRU,VRU
14,10,7.54,2.37,0.0,0.0,7.466,44,110.075,0.42194075023597033,0.10901657861443036,4.710205648821972,12116.505625,VRU,VRU
12,9,53.76,2.6,0.0,0.56,7.199,44,105.858,0.38461523668644737,0.09918947931011847,4.671500850277367,11205.916164,VRU,VRU
21,16,0.13,1.17,1.11,0.0,4.249,48,59.234,0.8547001241879282,0.31232062139445893,4.098236976937445,3508.666756,VRU,VRU
15,4,76.34,3.0,1.11,0.0,2.861,45,37.302,0.33333322222225925,0.25467802652195526,3.6455021141443678,1391.439204,VRU,Ped
16,15,12.38,1.77,0.0,1.11,8.271,40,122.788,0.5649714322195298,0.126233832897076,4.81857042501931,15076.892944,VRU,VRU
19,2,64.89,1.77,0.0,0.0,0.761,43,4.117,0.5649714322195298,2.550400157784756,1.6325683298229547,16.949689,VRU,Ped
9,11,0.66,2.67,0.0,0.0,8.36,38,124.197,0.37453169493194943,0.08051724211923604,4.8298884967175715,15424.894809000001,LCV,VRU
9,11,2.06,2.83,0.0,0.0,8.374,39,124.423,0.353356765598316,0.08037099185543677,4.831692024458848,15481.082929,LCV,VRU
9,11,3.07,3.0,0.0,0.0,8.766,39,130.619,0.33333322222225925,0.07655853990186313,4.879911385369572,17061.323161,LCV,VRU
4,17,74.91,1.43,0.0,-0.56,0.874,41,5.905,0.6993002102795733,1.7781538055624375,1.9322457868612555,34.869025,Ped,VRU
5,7,24.93,2.53,-0.56,0.0,3.653,40,49.824,0.39525676076807875,0.12042388968320711,3.928368683964232,2482.4309759999996,Ped,VRU
18,19,0.54,1.9,0.0,0.0,13.689,40,208.406,0.5263155124655198,0.08876903693382611,5.344274951321068,43433.060836000004,Car,VRU
18,19,0.58,1.87,0.0,0.0,13.335,39,202.821,0.5347590723213517,0.09121343405656498,5.3172421576783755,41136.358041,Car,VRU
18,19,0.69,1.8,0.0,0.0,12.329,37,186.921,0.5555552469137517,0.09897229257829622,5.236021661749866,34939.460241,Car,VRU
18,19,1.26,1.7,0.0,0.0,10.732,38,161.688,0.5882349480970894,0.11441789053969442,5.091834256126934,26143.009343999995,Car,VRU
18,19,1.71,1.67,0.0,0.0,10.303,37,154.897,0.5988020366454871,0.11943420389397985,5.049195532774026,23993.080608999997,Car,VRU
11,26,51.06,2.43,0.0,-1.11,9.185,35,137.238,0.41152246439404755,0.13480231324558567,4.928976837358496,18834.268644,Car,VRU
6,9,67.51,1.2,0.0,0.0,0.944,40,7.01,0.8333326388894676,1.0698999900285322,2.080690761080268,49.1401,VRU,VRU
12,14,4.69,2.5,0.0,0.0,6.118,40,88.778,0.399999840000064,0.14643267311234007,4.497339956429338,7881.533284000001,Car,VRU
12,14,10.16,2.43,0.0,0.56,7.956,37,117.819,0.41152246439404755,0.11033873899507941,4.777601326800613,13881.316761,Car,VRU
12,12,0.5,1.23,0.0,0.0,2.923,41,38.286,0.8130074690996186,0.31343048860078127,3.6708682213120847,1465.817796,Car,VRU
12,12,2.91,1.23,0.0,0.0,2.538,39,32.202,0.8130074690996186,0.3726476500637337,3.5026101150718842,1036.9688039999999,Car,VRU
7,7,16.88,2.57,-0.56,0.56,1.663,36,18.372,0.3891049069630712,0.3810145666767599,2.9638287245409827,337.53038399999997,VRU,Car
14,11,4.81,2.43,0.0,-0.56,4.153,37,57.721,0.41152246439404755,0.21655896092307894,4.072797414134004,3331.713841,Car,VRU
14,19,2.4,1.93,0.0,-1.11,6.992,36,102.586,0.518134446562463,0.16084065895111752,4.640402185558672,10523.887396,Car,VRU
14,11,1.65,1.73,0.0,1.11,10.004,40,150.178,0.5780343479570244,0.08323456109926514,5.018457950513393,22553.431684,Car,VRU
8,7,50.65,2.83,0.56,0.0,1.179,34,10.728,0.353356765598316,0.6991050802474758,2.4619791451442956,115.089984,LCV,VRU
10,9,0.99,2.77,0.0,0.0,19.59,38,301.65,0.36101069999613716,0.03149345257253953,5.712577022337697,90992.72249999999,VRU,VRU
7,13,49.83,1.03,0.0,-1.11,0.794,37,4.653,0.9708728438127731,2.1491506234363587,1.7321863776931536,21.650408999999996,VRU,VRU
14,18,72.37,1.33,0.56,0.0,4.444,42,62.328,0.7518791339254632,0.2567064520487349,4.148327569420156,3884.7795840000003,VRU,Car
10,18,74.02,2.6,0.56,0.56,2.259,44,27.796,0.38461523668644737,0.5036695746269401,3.3602364886070566,772.617616,LCV,Car
11,11,1.09,2.07,0.0,0.0,2.668,38,34.26,0.4830915540620512,0.32107412956584563,3.562749176969724,1173.7476,LCV,VRU
11,10,5.69,2.0,-0.56,-0.56,2.372,40,29.575,0.499999750000125,0.3550295737944354,3.420182681573236,874.680625,LCV,VRU
11,11,2.44,2.07,-0.56,0.56,2.571,41,32.723,0.4830915540620512,0.33615498774088604,3.5181800971477695,1070.794729,LCV,VRU
9,4,50.07,1.9,1.11,0.0,8.506,33,126.51,0.5263155124655198,0.051379337195641944,4.848194792895451,16004.780100000002,VRU,Ped
16,6,49.26,1.8,0.0,0.0,1.872,39,21.673,0.5555552469137517,0.507543925273662,3.1211747892445056,469.71892899999995,Car,Ped
4,19,70.87,2.17,0.56,0.0,3.298,38,44.22,0.4608292807238338,0.2600633138836881,3.811539466849824,1955.4083999999998,Ped,Car
8,9,86.63,2.93,0.56,-0.56,8.486,42,126.196,0.3412968118440915,0.06735554163875605,4.845729203870689,15925.430416,Ped,Car
11,11,2.98,1.5,0.0,0.0,2.512,40,31.794,0.6666662222225186,0.3459772175260358,3.4902455718276766,1010.858436,Car,VRU
11,13,78.65,2.73,0.0,0.56,6.822,41,99.899,0.36630023212445706,0.12012132133333346,4.614120016507676,9979.810201,Car,VRU
10,7,69.97,1.4,0.0,1.67,0.967,40,7.387,0.7142852040819971,1.1506699403452092,2.1266828880022746,54.56776899999999,Car,VRU
11,8,65.27,1.6,0.0,0.0,1.364,42,13.654,0.6249996093752441,0.6957667573043242,2.684713335737772,186.431716,Car,VRU
16,13,16.43,1.77,0.0,0.0,7.88,37,116.623,0.5649714322195298,0.12433224900463674,4.76748459457289,13600.924129,Car,VRU
4,13,79.73,2.63,0.0,0.0,3.594,42,48.894,0.38022799230874815,0.17384545805527352,3.909900755047045,2390.623236,Ped,VRU
11,7,0.93,2.23,0.56,0.56,6.891,37,100.989,0.44843029218372543,0.08911861599660739,4.624864964331527,10198.778121000001,VRU,Car
11,7,0.87,2.23,0.56,0.56,6.56,40,95.752,0.44843029218372543,0.09399281378986535,4.572151003530857,9168.445504,VRU,Car
11,7,0.93,2.23,0.56,0.56,6.891,37,100.989,0.44843029218372543,0.08911861599660739,4.624864964331527,10198.778121000001,VRU,Car
10,6,1.19,2.3,0.56,0.0,7.762,36,114.756,0.43478241965981757,0.0697131298606336,4.751484527476044,13168.939536,VRU,Car
10,6,1.19,2.3,0.56,0.0,7.762,36,114.756,0.43478241965981757,0.0697131298606336,4.751484527476044,13168.939536,VRU,Car
5,3,3.99,2.9,0.56,0.56,14.46,41,220.587,0.3448274673008733,0.0181334347983633,5.400815288892386,48658.62456899999,VRU,Car
5,10,5.47,2.17,0.0,0.0,11.062,41,166.897,0.4608292807238338,0.04493789555871049,5.123350696145425,27854.608608999995,Car,VRU
10,19,2.68,2.4,0.0,0.0,10.504,40,158.075,0.41666649305562786,0.09172860925681728,5.069375789118856,24987.705624999995,Car,VRU
10,19,7.78,2.17,0.0,0.0,7.386,39,108.803,0.4608292807238338,0.13326838291896012,4.698687851106552,11838.092809,Car,VRU
10,19,2.23,2.4,0.0,0.0,10.844,39,163.455,0.41666649305562786,0.08870943018745568,5.102636976551093,26717.537025000005,Car,VRU
10,19,0.35,2.47,0.0,0.0,12.995,38,197.434,0.40485813568496526,0.07344226387834789,5.290456551136187,38980.184356,Car,VRU
10,24,4.42,1.9,0.0,0.0,9.348,38,139.816,0.5263155124655198,0.1215883724209792,4.947454073631456,19548.513856,Car,VRU
10,9,80.54,1.5,0.0,0.0,4.234,39,59.008,0.6666662222225186,0.160995116577496,4.0944778866673355,3481.9440640000003,Car,VRU
18,7,34.63,2.07,0.0,-0.56,2.187,40,26.658,0.4830915540620512,0.46890237568825954,3.3199150170424665,710.6489640000001,Car,VRU
10,10,1.3,1.63,0.0,0.0,4.205,43,58.552,0.6134965561370822,0.1707883561485798,4.08684988045984,3428.336704,Car,VRU
8,13,19.72,1.63,0.56,1.11,2.327,39,28.865,0.6134965561370822,0.36376232933440744,3.396687226184269,833.1882249999999,Car,VRU
10,6,45.68,2.63,0.0,0.56,4.592,37,64.664,0.38022799230874815,0.1237164400019108,4.1845508301082495,4181.432896,Car,Car
15,9,89.18,2.17,0.56,-0.56,14.486,42,220.998,0.4608292807238338,0.054299133683114176,5.402668372822689,48840.116003999996,VRU,VRU
8,5,12.68,2.9,0.0,0.0,5.734,39,82.71,0.3448274673008733,0.07858783607075523,4.427358444671965,6840.944099999999,VRU,LCV
6,4,70.11,2.47,0.0,0.56,1.157,38,10.374,0.40485813568496526,0.48197411972487764,2.431330048884608,107.619876,Car,Ped
9,20,6.65,2.97,0.0,0.0,7.824,37,115.734,0.3367002233332581,0.1252872956496164,4.7598978421896065,13394.358756,Car,VRU
9,20,6.9,2.9,0.0,0.0,7.52,36,110.929,0.3448274673008733,0.13071423946205016,4.7178647417059905,12305.243041,Car,VRU
9,3,77.21,1.7,0.0,0.0,1.621,36,17.709,0.5882349480970894,0.3388107550504966,2.9290046915032817,313.608681,Car,Ped
19,24,2.32,2.6,0.0,0.0,21.468,35,331.324,0.38461523668644737,0.06489116374035336,5.8061103966466,109775.59297600001,VRU,VRU
19,21,1.46,2.53,0.0,0.0,9.708,36,145.506,0.39525676076807875,0.13745137563089235,4.9870663832498625,21171.996036,VRU,VRU
16,18,26.39,1.83,1.67,0.0,5.79,32,83.588,0.5464477888263449,0.20337847294613495,4.437792412579739,6986.953743999999,VRU,VRU
16,17,2.99,2.27,0.0,0.0,7.774,38,114.94,0.44052844029584126,0.1435531569205398,4.753072815911587,13211.203599999999,VRU,VRU
13,13,14.72,2.47,0.56,0.56,5.556,37,79.897,0.40485813568496526,0.16270948642990993,4.393176740558567,6383.530609000001,VRU,VRU
9,10,0.17,2.7,0.0,0.0,7.555,36,111.478,0.3703702331962099,0.08521860739142605,4.722757646965438,12427.344484,Car,Car
9,10,3.04,2.53,0.0,0.0,4.794,38,67.86,0.39525676076807875,0.13999410344836277,4.232075457910378,4604.9796,Car,Car
9,10,16.92,2.33,0.0,0.0,2.506,37,31.699,0.42918436515692476,0.29969398720167867,3.487344496395843,1004.8266010000001,Car,Car
10,23,36.99,2.57,1.11,-1.11,2.553,37,32.434,0.3891049069630712,0.5087253959201642,3.509573346280439,1051.9643559999997,Car,VRU
11,10,0.91,2.83,0.0,0.0,6.553,36,95.642,0.353356765598316,0.1097844031933209,4.571013429336597,9147.392163999999,Car,Car
11,10,1.6,2.7,0.0,0.0,6.064,37,87.924,0.3703702331962099,0.11942131705312181,4.487782072339745,7730.629776000002,Car,Car
11,13,4.57,1.8,0.0,0.0,4.006,36,55.404,0.5555552469137517,0.2165908559564137,4.032540077974984,3069.6032160000004,Car,VRU
12,10,3.91,2.5,0.0,0.0,13.54,38,206.051,0.399999840000064,0.05338484135779569,5.332965139731181,42457.014600999995,VRU,VRU
6,9,55.25,2.1,0.0,0.56,3.036,36,40.067,0.47619024943321453,0.18718645800318323,3.715204879281485,1605.364489,Ped,VRU
7,8,64.9,1.7,0.0,0.0,1.014,34,8.122,0.5882349480970894,0.9234177636767098,2.2106890782895086,65.966884,VRU,VRU
10,3,65.34,1.33,0.0,0.0,0.702,37,3.187,0.7518791339254632,2.0395349734750634,1.4319844870370062,10.156968999999998,Car,Ped
8,3,75.5,2.6,0.0,0.0,0.686,33,2.94,0.38461523668644737,1.870747663010999,1.3711807233098425,8.6436,LCV,Ped
8,8,0.49,2.0,0.0,0.0,4.742,34,67.034,0.499999750000125,0.11934242146757731,4.220007580217758,4493.557156000001,Car,Car
8,14,6.86,1.13,0.0,0.0,2.407,35,30.134,0.8849549690663993,0.36503615965234754,3.4383004696136577,908.057956,Car,VRU
13,3,86.13,2.77,-1.11,0.0,1.897,34,22.074,0.36101069999613716,0.36241730712977677,3.138706442505098,487.2614760000001,Car,Ped
9,17,85.43,2.27,1.11,1.11,1.735,36,19.517,0.44052844029584126,0.6660859421998288,3.0212538107840685,380.91328899999996,Car,VRU
14,12,4.96,2.7,1.11,0.0,6.899,36,101.122,0.3703702331962099,0.1285575826372344,4.626168176983697,10225.658884,Car,VRU
13,12,4.91,2.7,1.11,0.0,6.735,36,98.515,0.3703702331962099,0.1268842295398241,4.600308386571184,9705.205225,Car,VRU
13,14,9.44,1.3,0.0,0.0,4.271,31,59.594,0.7692301775152481,0.22653286863555278,4.104195878272475,3551.444836,LCV,VRU
9,8,20.75,2.9,-0.56,-2.22,2.637,35,33.767,0.3448274673008733,0.25172504955355673,3.548668661020364,1140.210289,LCV,VRU
8,9,21.26,2.97,-1.11,-1.67,2.579,36,32.853,0.3367002233332581,0.2587282665592711,3.522027621723673,1079.3196090000001,LCV,VRU
19,12,17.96,2.0,-0.56,0.0,5.432,36,77.937,0.499999750000125,0.19887857886653865,4.36865006596555,6074.175969,Car,VRU
11,38,40.07,2.4,0.0,0.0,6.71,32,98.127,0.41666649305562786,0.24967643717145704,4.596401856296235,9628.908129,VRU,VRU
17,6,40.93,2.13,0.0,0.0,1.635,37,17.937,0.4694833476604002,0.6411328181338675,2.941117680280768,321.73596900000007,Car,VRU
24,21,1.82,1.37,0.56,0.0,7.884,30,116.677,0.7299264745062229,0.19284006108453197,4.767943583106235,13613.522329000001,VRU,VRU
6,4,56.84,2.6,0.0,0.56,2.563,34,32.596,0.38461523668644737,0.15339304965661282,3.5144070122633804,1062.4992159999997,Car,Ped
14,23,20.26,2.5,0.0,1.11,7.903,34,116.984,0.399999840000064,0.15814128292637214,4.770549022051734,13685.256255999999,VRU,VRU
8,4,64.96,1.23,-1.11,0.0,0.849,35,5.519,0.8130074690996186,1.087153272847749,1.8747209899424022,30.459361,VRU,Ped
8,4,87.04,1.1,1.11,0.0,1.134,34,10.017,0.9090900826453794,0.5989816712606898,2.399439534357928,100.34028899999998,VRU,Ped
7,4,75.58,2.9,0.56,0.0,3.664,33,49.99,0.3448274673008733,0.11002200219999995,3.9316295350670645,2499.0001,VRU,Ped
12,20,41.96,1.67,-5.0,0.0,2.886,39,37.702,0.5988020366454871,0.42438065820432186,3.6558912782869557,1421.4408039999998,VRU,Car
3,9,5.77,2.27,0.56,0.0,4.191,37,58.319,0.44052844029584126,0.10288242077397725,4.082929659406802,3401.1057610000003,Car,VRU
6,9,28.28,2.5,0.56,1.11,1.254,44,11.908,0.399999840000064,0.6298286337060268,2.557847274189715,141.80046399999998,Car,VRU
10,13,25.77,2.97,0.56,1.67,3.73,43,51.045,0.3367002233332581,0.22529140512701723,3.9521087289674317,2605.5920250000004,Car,VRU
10,12,24.72,1.53,0.0,0.0,4.611,40,64.965,0.6535943440559843,0.1693219399781122,4.18912429833574,4220.451225000001,VRU,VRU
12,5,54.87,2.6,0.0,0.0,0.819,39,5.036,0.38461523668644737,1.68784716285799,1.7977415409056023,25.361295999999996,LCV,Ped
4,11,60.44,1.6,0.0,0.0,1.071,43,9.024,0.6249996093752441,0.8311169291758723,2.3049822175937673,81.43257599999998,Ped,VRU
19,7,82.77,1.87,0.0,0.0,2.805,42,36.427,0.5347590723213517,0.35687813004424934,3.6223923690915756,1326.926329,Car,VRU
13,3,73.1,2.43,0.0,0.0,8.525,40,126.802,0.41152246439404755,0.0630904870341912,4.850482191273252,16078.747204000001,VRU,Ped
12,10,42.31,1.73,0.56,0.0,2.186,43,26.644,0.5780343479570244,0.41285090778971223,3.3194087062291477,709.9027359999999,Car,VRU
15,15,12.06,1.17,0.0,0.0,2.957,43,38.823,0.8547001241879282,0.3863688950784614,3.684444634823824,1507.225329,Car,VRU
6,5,21.13,2.5,0.0,-0.56,0.885,43,6.089,0.399999840000064,0.9032680401924715,1.9585442868728806,37.07592100000001,Car,VRU
8,16,85.82,2.67,0.56,-0.56,3.417,37,46.087,0.37453169493194943,0.2603771072020937,3.851996954432449,2124.0115690000002,Car,VRU
8,20,11.67,1.9,0.0,0.0,4.52,37,63.518,0.5263155124655198,0.22040995906026703,4.166944254636444,4034.536324,Car,VRU
20,3,74.0,3.0,0.0,0.0,20.581,42,317.312,0.33333322222225925,0.036241932116522754,5.763032033860162,100686.90534400001,VRU,Ped
10,10,11.24,1.87,-0.56,0.0,2.204,38,26.927,0.5347590723213517,0.37137444307295864,3.3295939628024627,725.063329,Car,VRU
10,6,14.84,1.7,-0.56,0.0,1.577,38,17.015,0.5882349480970894,0.4701733487996856,2.891204744200057,289.510225,Car,VRU
13,14,24.12,1.4,0.56,1.67,2.205,39,26.949,0.7142852040819971,0.5009462131824478,3.330381420785741,726.2486010000001,Car,VRU
16,2,64.81,2.7,0.0,0.0,0.648,40,2.345,0.3703702331962099,3.837951455031362,1.2074666935801919,5.4990250000000005,Car,Ped
3,21,66.58,2.8,0.0,-0.56,18.477,41,284.063,0.3571427295918823,0.0422441499165884,5.652710208471697,80691.787969,Ped,VRU
10,10,70.29,2.7,0.0,-0.56,7.472,37,110.162,0.3703702331962099,0.09077540267265116,4.71098859679593,12135.666244000002,VRU,VRU
9,8,74.13,2.8,0.0,2.22,1.725,37,19.363,0.3571427295918823,0.4389815401032102,3.013719528568378,374.925769,Car,VRU
9,9,36.8,2.5,0.0,1.11,2.249,39,27.635,0.399999840000064,0.3256739523910276,3.3546297458458207,763.6932250000001,Car,VRU
10,11,74.11,1.2,1.11,-2.78,1.849,41,21.316,0.8333326388894676,0.49258770441979244,3.1053039099832818,454.371856,VRU,VRU
6,5,1.03,2.93,1.11,1.11,11.012,43,166.109,0.3412968118440915,0.03311078849965511,5.118646294115045,27592.199881000004,VRU,VRU
11,9,89.41,1.93,0.0,1.67,1.737,35,19.55,0.518134446562463,0.5115089252425101,3.022860940942244,382.20250000000004,Car,VRU
17,5,61.07,1.53,-1.11,0.0,0.995,42,7.824,0.6535943440559843,1.4059302906530815,2.1774752819512013,61.214976,VRU,Ped
8,9,33.82,2.87,-1.11,2.22,4.364,34,61.064,0.3484319343442737,0.13919821598325993,4.128166110697611,3728.812096,VRU,VRU
13,7,73.17,1.8,0.0,0.0,1.215,38,11.301,0.5555552469137517,0.8848773661731382,2.509680559886648,127.712601,VRU,Car
8,11,75.73,2.67,1.11,1.11,1.931,41,22.614,0.37453169493194943,0.42009372865951494,3.161839756484918,511.39299600000004,Car,Car
9,24,69.73,2.77,-1.11,-0.56,0.737,36,3.741,0.36101069999613716,4.4105842259865735,1.5562480839199813,13.995081,Car,VRU
14,4,58.79,1.9,1.11,0.0,1.024,45,8.281,0.5263155124655198,1.0868251314062154,2.227969299613256,68.57496100000002,Car,Ped
18,14,8.24,1.5,1.11,1.67,2.119,37,25.58,0.6666662222225186,0.6254886385657296,3.2801590532850993,654.3363999999999,VRU,Car
19,4,27.73,2.33,0.0,0.0,2.484,42,31.345,0.42918436515692476,0.3668846588966451,3.4764594494959487,982.509025,VRU,Ped
22,14,24.8,2.47,0.56,-0.56,7.388,40,108.838,0.40485813568496526,0.1653834123616438,4.699006552990956,11845.710243999998,VRU,Car
13,12,8.51,1.87,0.0,0.0,3.363,38,45.234,0.5347590723213517,0.27634079947957735,3.8337154581593853,2046.1147560000002,VRU,Car
8,11,78.5,2.87,0.0,1.67,2.916,37,38.18,0.3484319343442737,0.24882136592924659,3.6681664125163946,1457.7124,Car,Car
4,12,53.78,2.87,0.0,0.0,12.595,37,191.127,0.3484319343442737,0.041856984927001496,5.258156611693972,36529.530129000006,Ped,Car
9,11,1.15,2.77,0.56,0.0,5.36,38,76.8,0.36101069999613716,0.13020833163791234,4.354141431184346,5898.24,VRU,VRU
17,17,4.73,1.93,0.0,0.0,5.739,39,82.789,0.518134446562463,0.20534128682142208,4.428301733955577,6854.018521,Car,Car
7,15,87.19,1.77,0.0,0.0,7.689,45,113.602,0.5649714322195298,0.09682928032227178,4.741465256135336,12905.414404000001,VRU,VRU
8,7,13.11,1.37,0.56,1.11,0.561,45,0.957,0.7299264745062229,7.836982406496963,0.6714126884139392,0.9158489999999999,VRU,VRU
7,6,15.84,1.5,0.0,0.56,0.5,45,0.0,0.6666662222225186,6500000.0,0.0,0.0,VRU,VRU
16,16,3.6,1.7,0.0,0.0,5.185,39,74.028,0.5882349480970894,0.21613443269932414,4.317861377198095,5480.144784000001,Car,VRU
16,13,12.92,1.7,0.0,0.0,5.743,38,82.853,0.5882349480970894,0.17500874832524174,4.429065265804507,6864.619608999999,Car,VRU
17,7,85.77,1.73,0.0,1.11,1.214,42,11.279,0.5780343479570244,1.063924012419185,2.5078904861783755,127.215841,Car,VRU
15,4,58.93,1.17,0.0,0.0,0.996,39,7.83,0.8547001241879282,1.2132820928119932,2.178155014615869,61.3089,VRU,Ped
3,6,82.27,2.4,0.56,0.56,2.855,43,37.207,0.41666649305562786,0.1209449802202548,3.643018744898317,1384.3608490000001,Ped,VRU
8,4,64.91,1.97,0.0,0.0,1.036,46,8.468,0.5076139555259109,0.7085497509979038,2.2479176916517374,71.707024,Car,Ped
4,10,76.61,1.97,0.0,0.56,3.195,40,42.579,0.5076139555259109,0.16440028736230802,3.7745753829475586,1812.971241,LCV,VRU
12,12,19.61,2.8,0.0,1.11,11.71,42,177.14,0.3571427295918823,0.06774302773093019,5.182569758003724,31378.579599999994,VRU,VRU
10,8,79.79,2.7,0.56,0.56,9.493,42,142.106,0.3703702331962099,0.0633330044943,4.963585614404595,20194.115235999998,VRU,LCV
5,13,80.42,2.83,0.56,0.0,8.519,41,126.712,0.353356765598316,0.07102721075330505,4.849777728866323,16055.930944000002,VRU,VRU
12,9,32.97,2.1,0.56,0.56,1.898,43,22.091,0.47619024943321453,0.4753066644648651,3.13944293122029,488.01228100000003,VRU,LCV
11,15,28.88,2.7,0.0,0.0,9.714,42,145.598,0.3703702331962099,0.08928694014143779,4.987694146794689,21198.777604000003,VRU,VRU
9,17,1.61,2.07,0.56,0.0,4.333,44,60.574,0.4830915540620512,0.21461352701466757,4.120239703517438,3669.2094759999995,Car,Car
15,2,79.31,2.13,1.67,0.0,1.258,42,11.971,0.4694833476604002,0.7100492264598425,2.5627160963585363,143.304841,Car,Ped
8,8,83.67,2.27,1.11,0.0,1.659,41,18.312,0.44052844029584126,0.43687197264788263,2.960726664355176,335.32934400000005,Car,VRU
17,4,67.27,1.93,0.0,0.0,1.592,44,17.262,0.518134446562463,0.608272470845066,2.9048223981941486,297.976644,VRU,Ped
13,4,59.36,1.43,0.0,0.0,7.368,43,108.532,0.6993002102795733,0.07831791473189553,4.696216744006434,11779.195023999999,VRU,Ped
8,4,89.73,1.27,0.0,0.56,1.031,41,8.384,0.7874009548023978,0.7156487696029616,2.2390061113511743,70.29145600000001,VRU,Ped
9,9,33.15,1.1,1.11,0.0,1.061,43,8.866,0.9090900826453794,1.015113803844597,2.2890945028115466,78.60595599999999,VRU,VRU
4,17,65.48,1.5,0.0,0.0,1.153,40,10.32,0.6666662222225186,1.0174417618757983,2.4265710727750367,106.50240000000001,Ped,VRU
4,7,57.69,1.7,0.0,-2.22,1.533,43,16.324,0.5882349480970894,0.3369272030796861,2.8520928233523803,266.4729760000001,Ped,VRU
13,14,1.77,2.87,-0.56,-1.11,12.156,42,184.185,0.3484319343442737,0.07329587060132003,5.221355325411408,33924.114225,VRU,LCV
14,9,1.07,2.53,0.0,0.0,2.511,39,31.781,0.39525676076807875,0.3618514092743649,3.489849079256718,1010.0319609999999,LCV,VRU
14,6,26.95,2.23,-0.56,-2.22,5.245,39,74.977,0.44843029218372543,0.1333742329864594,4.330430662905206,5621.550529000001,LCV,Ped
8,5,63.68,2.5,0.0,0.0,3.755,43,51.433,0.399999840000064,0.1263780038812046,3.9595361640968303,2645.353489,Car,Ped
13,13,7.35,2.13,0.0,0.0,13.809,42,210.306,0.4694833476604002,0.0618146887781866,5.3533073198648635,44228.613636,Car,VRU
13,13,12.21,2.57,0.0,0.0,9.506,44,142.307,0.3891049069630712,0.09135179512355826,4.964989182210508,20251.282248999996,Car,VRU
6,14,19.17,1.23,0.0,0.0,1.86,43,21.492,0.8130074690996186,0.46528938836360556,3.1131596904299554,461.906064,Ped,VRU
6,18,21.41,2.7,0.0,1.67,7.852,45,116.174,0.3703702331962099,0.10329333496915545,4.7636600095287,13496.398276000002,Ped,VRU
2,5,31.51,2.87,0.0,1.11,7.759,50,114.701,0.3484319343442737,0.030514119052893012,4.751009277204631,13156.319400999999,Car,Car
3,16,83.03,1.17,-0.56,0.0,0.5,43,0.0,0.8547001241879282,9500000.0,0.0,0.0,Ped,VRU
13,12,1.44,1.97,0.0,0.0,6.936,42,101.702,0.5076139555259109,0.12290810286023773,4.631831590941582,10343.296804,Car,VRU
13,13,2.12,2.67,0.56,0.56,6.561,43,95.777,0.37453169493194943,0.13573195928321038,4.572409362744609,9173.233729,Car,Car
9,12,89.18,2.9,0.0,0.0,5.167,46,73.75,0.3448274673008733,0.1423728794254525,4.314149212270796,5439.0625,VRU,Car
9,7,0.89,2.37,-0.56,-0.56,1.485,42,15.567,0.42194075023597033,0.5139075920917587,2.8074127649564002,242.331489,VRU,Car
9,9,1.95,2.27,0.0,-0.56,1.881,42,21.828,0.44052844029584126,0.41231443960443287,3.1279878526744618,476.46158399999996,VRU,Car
9,10,2.52,2.13,-0.56,-0.56,2.565,44,32.627,0.4694833476604002,0.2911698810442308,3.515329315707068,1064.5211290000002,VRU,Car
7,9,7.48,1.83,0.0,0.0,7.46,47,109.973,0.5464477888263449,0.07274512768820413,4.709286928480655,12094.060728999999,VRU,Car
13,16,76.72,2.4,1.11,0.0,6.947,44,101.871,0.41666649305562786,0.14233687563352795,4.633475776102786,10377.700641,VRU,VRU
5,2,87.87,2.43,1.11,0.0,9.105,39,135.971,0.41152246439404755,0.025740782771761752,4.919769224588882,18488.112841000002,Car,Ped
11,3,75.63,1.83,0.0,0.56,0.693,40,3.042,0.5464477888263449,2.3011169292843756,1.3967396189814292,9.253763999999999,Car,Ped
15,16,5.28,2.17,0.0,0.0,8.374,42,124.419,0.4608292807238338,0.12457904239240758,4.8316601318730745,15480.087560999998,Car,VRU
15,4,57.16,2.67,0.0,0.0,13.241,43,201.327,0.37453169493194943,0.04718691458578872,5.309885200418785,40532.560929,Car,Ped
6,10,0.8,1.27,0.0,0.0,2.584,38,32.937,0.7874009548023978,0.2428879302034815,3.5245058646206138,1084.8459689999997,Car,VRU
6,10,18.19,1.33,0.0,0.0,2.278,45,28.097,0.7518791339254632,0.28472789676022714,3.3706350760795156,789.441409,Car,VRU
14,7,48.27,2.3,1.11,0.0,11.898,44,180.101,0.43478241965981757,0.05830061988383951,5.199054886685277,32436.370200999998,VRU,VRU
6,10,24.79,2.87,0.56,0.56,0.595,40,1.506,0.3484319343442737,5.312081466081364,0.9186878564738765,2.268036,Car,VRU
8,10,82.59,2.27,1.11,0.56,4.105,47,56.964,0.44052844029584126,0.15799452008295556,4.0598221281836775,3244.8972959999996,Car,VRU
11,3,67.56,2.0,1.11,0.0,0.63,45,2.058,0.499999750000125,3.4013588914679826,1.1177611075068705,4.235364,Car,Ped
5,6,16.82,2.47,0.0,0.0,0.515,44,0.241,0.40485813568496526,22.821482068539137,0.21591750622247016,0.058080999999999994,Car,Ped
6,7,23.93,2.97,0.56,0.0,1.321,42,12.969,0.3367002233332581,0.5011951190380817,2.6368405887454136,168.19496099999998,Car,VRU
11,5,57.68,2.13,0.0,0.56,11.239,38,169.689,0.4694833476604002,0.047145070999622424,5.139843187185057,28794.356720999996,Car,Ped
6,13,4.3,1.07,0.0,0.0,3.528,37,47.848,0.9345785658144244,0.1985453895973627,3.888713435992522,2289.431104,Ped,VRU
11,12,3.78,1.7,0.0,-0.56,3.008,38,39.633,0.5882349480970894,0.2901622312173635,3.7045805443400206,1570.7746890000003,Car,VRU
6,11,10.13,1.3,0.0,2.78,1.141,43,10.135,0.7692301775152481,0.8386777662873443,2.410093300709331,102.71822499999999,Car,VRU
10,13,0.51,2.73,0.0,0.0,12.006,39,181.817,0.36630023212445706,0.0632504107797928,5.208485652507838,33057.421489,VRU,VRU
10,13,0.24,2.83,0.0,0.0,11.088,37,167.315,0.353356765598316,0.0687326296582337,5.12583722378494,27994.309225,VRU,VRU
10,13,22.3,2.83,0.0,0.0,7.717,36,114.033,0.353356765598316,0.1008479992559347,4.745219043720841,13003.525089,VRU,VRU
12,11,6.31,2.27,0.0,0.0,4.076,39,56.502,0.44052844029584126,0.2035326147121763,4.051819729807099,3192.476004,VRU,Car
13,13,9.87,2.27,1.11,2.22,4.731,46,66.857,0.44052844029584126,0.19444485701654493,4.217402549713954,4469.858449,Car,VRU
11,12,3.37,2.6,0.0,0.0,9.474,43,141.811,0.38461523668644737,0.08109384969364965,4.961522077751089,20110.359721,Car,Car
11,12,3.83,2.6,0.0,0.0,9.242,43,138.142,0.38461523668644737,0.08324767208200495,4.935494994403977,19083.212164,Car,Car
11,12,6.12,2.63,0.0,0.0,8.467,43,125.897,0.38022799230874815,0.09134451105789247,4.8433757337789585,15850.054609,Car,Car
9,6,72.49,1.27,1.11,0.0,4.124,36,57.272,0.7874009548023978,0.13095404157434626,4.065121703545198,3280.081984,Car,VRU
16,11,3.54,1.7,0.0,0.0,9.745,43,146.091,0.5882349480970894,0.09240815592741404,4.991051442866847,21342.580281000002,Car,VRU
16,11,4.78,1.77,0.0,0.0,9.917,45,148.802,0.5649714322195298,0.09072458642542046,5.00931442212884,22142.035203999996,Car,VRU
16,11,3.46,1.7,0.0,0.0,9.708,44,145.503,0.5882349480970894,0.09278159149445998,4.987045906063154,21171.123008999995,Car,VRU
10,10,0.85,1.7,1.11,1.11,5.0,41,71.102,0.5882349480970894,0.14064301790887712,4.2780817831572175,5055.494404000001,VRU,VRU
5,5,2.31,1.77,1.67,1.11,6.791,38,99.405,0.5649714322195298,0.05029928021428218,4.609212006814423,9881.354025,VRU,VRU
9,11,2.23,2.53,0.0,0.0,8.721,42,129.905,0.39525676076807875,0.07697933045703144,4.874471869283385,16875.309025,Car,Car
9,9,36.66,2.2,0.56,0.0,1.936,43,22.687,0.45454524793397816,0.3967029401550253,3.164926374440445,514.699969,Car,VRU
15,18,0.18,1.6,-1.11,-0.56,4.491,44,63.059,0.6249996093752441,0.26165971135508476,4.159804533693887,3976.4374809999995,VRU,VRU
17,15,1.54,1.8,1.11,1.11,6.904,43,101.194,0.5555552469137517,0.15811213947356426,4.626872967631325,10240.225636000001,VRU,VRU
3,2,1.28,2.2,0.0,-2.78,7.06,40,103.657,0.45454524793397816,0.024118004340102413,4.650688336287104,10744.773648999999,Car,VRU
11,2,12.2,2.2,0.0,-2.78,7.143,40,104.976,0.45454524793397816,0.06191891420973447,4.663212653381961,11019.960576,Car,VRU
3,6,1.34,2.53,-3.89,-2.22,5.703,42,82.214,0.39525676076807875,0.05473520258428975,4.421415602902253,6759.141796,Car,Car
4,6,0.29,2.53,-3.33,-2.22,5.638,42,81.197,0.39525676076807875,0.061578628993945235,4.409118805045761,6592.952809,Car,Car
10,10,2.13,2.53,0.0,0.0,6.692,44,97.849,0.39525676076807875,0.10219828406832687,4.59359343322757,9574.426801000001,Car,Car
10,9,33.56,2.07,0.0,0.56,3.619,37,49.29,0.4830915540620512,0.1927368595508854,3.9178062501838733,2429.5041,Car,VRU
11,11,60.7,2.97,1.11,0.0,5.502,39,79.034,0.3367002233332581,0.13918060405419688,4.382451544386962,6246.373156000001,Car,VRU
12,10,4.99,3.0,0.56,-0.56,7.149,37,105.065,0.33333322222225925,0.10469709127971169,4.664052113724313,11038.654225,Car,VRU
14,15,0.58,2.67,0.0,0.0,15.163,39,231.694,0.37453169493194943,0.06258254394769591,5.449724285704232,53682.109635999994,Car,VRU
12,14,21.77,2.1,0.0,0.56,4.711,40,66.543,0.47619024943321453,0.195362394311011,4.21276443209356,4427.970849000001,Car,VRU
14,23,1.88,1.3,0.0,0.0,8.77,40,130.675,0.7692301775152481,0.141572602704629,4.880336765369453,17075.955625000002,Car,VRU
12,21,51.59,1.8,-0.56,3.33,2.906,36,38.016,0.5555552469137517,0.43402776636080165,3.6639718184077514,1445.216256,Car,VRU
11,14,54.07,1.67,1.11,0.56,2.873,38,37.501,0.5988020366454871,0.3333244357930606,3.6506842149823933,1406.325001,VRU,VRU
15,4,36.28,2.93,0.0,0.0,1.67,38,18.49,0.3412968118440915,0.5137912107197831,2.9699015135194693,341.88009999999997,VRU,Ped
4,11,72.92,2.4,0.0,1.11,1.73,38,19.43,0.41666649305562786,0.38600100946983995,3.0170044088295307,377.5249,Ped,Car
4,15,67.6,1.9,0.0,1.67,1.191,40,10.925,0.5263155124655198,0.8695651377972414,2.478637036774405,119.35562500000002,Ped,VRU
11,14,1.48,2.77,0.0,0.0,8.048,39,119.269,0.36101069999613716,0.10480510354907727,4.789730900662533,14225.094361000001,Car,VRU
13,4,77.64,1.47,0.0,0.0,0.881,39,6.024,0.6802716460737102,1.4110223421277652,1.9493328563328156,36.288576,VRU,Ped
14,6,71.37,2.8,1.67,0.56,8.168,40,121.17,0.3571427295918823,0.08252867803475548,4.8054135174159684,14682.1689,Car,LCV
15,15,4.9,1.6,2.22,2.22,6.133,38,89.016,0.6249996093752441,0.16850903019110014,4.499987432307447,7923.848256000001,VRU,VRU
15,3,77.34,1.97,0.0,0.0,6.73,39,98.443,0.5076139555259109,0.09142346239525957,4.59958461569348,9691.024249,VRU,Ped
8,7,1.89,2.67,0.0,0.0,3.412,48,46.013,0.37453169493194943,0.16299741023194728,3.850424159209189,2117.196169,LCV,VRU
8,7,12.49,2.8,0.0,0.0,3.373,47,45.399,0.3571427295918823,0.16520187305443132,3.83727790727583,2061.0692010000002,LCV,VRU
7,5,63.03,2.23,0.0,0.56,0.791,42,4.594,0.44843029218372543,1.306051087058971,1.721694594779768,21.104836000000002,LCV,Ped
7,8,6.07,2.93,0.0,0.0,4.056,44,56.191,0.3412968118440915,0.1334733296529101,4.046396543348755,3157.4284810000004,Ped,LCV
7,9,19.7,1.27,0.0,1.67,0.546,43,0.72,0.7874009548023978,11.11109567903378,0.5423242908253617,0.5184,Ped,VRU
8,10,0.56,1.97,0.0,0.0,4.52,41,63.525,0.5076139555259109,0.14167650308262097,4.1670527456046775,4035.425625,Car,Car
8,10,1.03,1.97,0.0,0.0,3.966,41,54.771,0.5076139555259109,0.16432053158933502,4.021254021027869,2999.862441,Car,Car
6,15,82.17,1.6,0.56,0.0,3.641,39,49.634,0.6249996093752441,0.211548531016067,3.9246232874038847,2463.533956,Car,VRU
10,13,0.34,2.03,0.0,0.0,7.719,44,114.072,0.49261059477310604,0.10081352040103163,4.7455580194091,13012.421184,Car,VRU
10,13,0.57,2.0,0.0,0.0,7.706,45,113.87,0.499999750000125,0.10099235882153017,4.743801054157313,12966.376900000001,Car,VRU
10,13,6.32,2.03,0.0,0.0,6.316,47,91.9,0.49261059477310604,0.12513601604857436,4.531523645819793,8445.61,Car,VRU
19,8,16.64,2.1,0.56,0.0,8.652,41,128.818,0.47619024943321453,0.10479901795712541,4.866133469539954,16594.077124000003,VRU,VRU
8,18,54.38,2.13,0.0,2.22,5.899,44,85.317,0.4694833476604002,0.15237291334232436,4.458026565943706,7278.990488999999,Ped,VRU
6,12,2.14,2.37,0.0,0.0,8.866,42,132.201,0.42194075023597033,0.06807815320551167,4.891859265585615,17477.104400999997,Car,VRU
16,18,3.74,2.43,0.0,0.0,16.562,41,253.811,0.41152246439404755,0.06697897227866809,5.540522093880762,64420.023721000005,Car,Car
12,26,4.04,2.87,0.0,0.0,20.245,41,312.001,0.3484319343442737,0.06089724051878924,5.746206385423228,97344.62400099999,Car,VRU
3,9,4.52,2.47,1.11,0.56,2.537,45,32.194,0.40485813568496526,0.18637012529135474,3.502369136698527,1036.4536360000002,Car,VRU
8,9,2.74,2.17,0.56,0.0,2.378,42,29.677,0.4608292807238338,0.2864170810251346,3.4235131881455705,880.724329,Car,VRU
8,13,14.75,2.53,-0.56,-1.11,3.599,42,48.962,0.39525676076807875,0.21445201963865815,3.9112627164817373,2397.2774440000003,LCV,VRU
9,13,9.26,1.5,0.0,0.0,4.227,42,58.891,0.6666662222225186,0.1867857535653028,4.092526243415317,3468.149881,LCV,VRU
5,5,5.68,2.43,0.0,-1.11,1.481,43,15.5,0.41152246439404755,0.32258062434963714,2.803360380906535,240.25,Car,Ped
5,5,6.38,2.5,-0.56,-0.56,1.522,44,16.145,0.399999840000064,0.30969338434850513,2.8417065859148836,260.661025,Car,Ped
25,7,73.74,2.67,1.67,0.0,5.299,42,75.831,0.37453169493194943,0.21099550037589507,4.3416082045438955,5750.340561000001,VRU,VRU
9,13,1.71,2.73,0.0,0.0,10.072,38,151.253,0.36630023212445706,0.0727258297506441,5.025543610829374,22877.470008999997,Car,Car
9,13,1.9,2.7,0.0,0.0,10.161,37,152.667,0.3703702331962099,0.07205224395545702,5.0347879235235835,23307.212889000002,Car,Car
9,11,2.07,2.67,0.0,-1.11,9.598,37,143.764,0.37453169493194943,0.0695584425199741,4.975104830256313,20668.087696000002,Car,Car
9,21,78.54,2.5,0.0,-0.56,4.538,41,63.814,0.399999840000064,0.23505813402923914,4.171521629405638,4072.226596,Car,Car
9,3,66.09,2.17,0.0,0.0,1.676,37,18.579,0.4608292807238338,0.3229452433960254,2.974457563275136,345.17924100000005,Car,Ped
9,4,49.24,2.47,0.0,0.0,11.207,39,169.195,0.40485813568496526,0.03841721068342912,5.136944838504465,28626.948024999998,Car,Ped
9,8,21.83,2.2,0.0,0.0,6.351,43,92.454,0.45454524793397816,0.09193761122355322,4.537469336623832,8547.742116,Car,VRU
9,20,2.26,2.77,0.0,-0.56,13.061,42,198.481,0.36101069999613716,0.0730548512298162,5.295718993699245,39394.707361,Car,VRU
16,2,67.56,2.63,-1.11,0.56,5.326,44,76.254,0.38022799230874815,0.11802659377833827,4.347098694372596,5814.6725160000005,VRU,Ped
9,8,49.47,2.7,-0.56,0.0,4.048,42,56.059,0.3703702331962099,0.15162596279587645,4.044085820219935,3142.611481,VRU,VRU
11,4,56.02,2.67,0.56,0.0,7.887,42,116.722,0.37453169493194943,0.06425523839331714,4.768325912687484,13624.025284,VRU,Ped
11,1,64.1,1.77,0.56,0.0,1.766,42,20.004,0.5649714322195298,0.2999399970035994,3.044712895775613,400.16001600000004,VRU,Ped
13,15,1.77,3.0,0.0,0.0,17.081,45,262.008,0.33333322222225925,0.05343348274314723,5.572184449966089,68648.19206399999,VRU,VRU
11,8,79.19,2.93,0.56,0.0,2.959,39,38.853,0.3412968118440915,0.24451135705064328,3.685197684711311,1509.5556090000002,VRU,Car
12,4,63.94,2.47,0.0,0.0,2.859,42,37.279,0.40485813568496526,0.21459802530652577,3.6449014429415487,1389.7238410000002,VRU,Ped
15,4,73.5,3.0,0.0,0.0,1.96,44,23.066,0.33333322222225925,0.4118615966417412,3.1808000560159706,532.040356,VRU,Ped
8,9,82.53,2.67,0.0,0.56,3.713,36,50.771,0.37453169493194943,0.16741840484886245,3.9468301469335514,2577.694441,VRU,Car
8,3,40.18,2.5,0.0,0.0,6.456,38,94.119,0.399999840000064,0.05843665935213231,4.555128739291099,8858.386161,Car,Ped
12,17,5.78,2.73,0.0,0.0,9.567,41,143.274,0.36630023212445706,0.10120468402358639,4.971714269365246,20527.439076,Car,Car
12,6,66.33,2.5,0.0,-0.56,6.384,36,92.974,0.399999840000064,0.09680125522402763,4.543018148265665,8644.164676,Car,Ped
19,4,66.56,2.97,0.0,0.0,2.532,39,32.106,0.3367002233332581,0.3581884894353551,3.499714534837974,1030.7952360000002,Car,Ped
19,26,0.7,1.47,0.0,0.0,11.744,38,177.673,0.6802716460737102,0.12663713604972543,5.185557319535629,31567.694929,Car,VRU
19,26,0.55,1.5,0.0,0.0,12.47,39,189.146,0.6666662222225186,0.1189557266928419,5.247792198128817,35776.20931599999,Car,VRU
4,13,66.88,1.4,0.0,0.0,0.607,38,1.689,0.7142852040819971,5.0325606675188475,0.9891693772867276,2.8527210000000003,Ped,VRU
12,3,79.89,2.27,1.67,0.0,2.025,38,24.102,0.44052844029584126,0.3111774827326577,3.2229475242382546,580.9064040000001,VRU,Ped
15,31,5.35,2.5,-0.56,0.0,7.74,38,114.402,0.399999840000064,0.20104543451123727,4.748421684946349,13087.817604,LCV,VRU
7,7,23.09,3.0,1.67,-0.56,1.317,39,12.908,0.33333322222225925,0.5422993072281294,2.6324642141456147,166.61646399999998,Ped,Car
6,12,0.64,2.8,0.0,1.11,6.321,37,91.988,0.3571427295918823,0.09783884748185799,4.532470452569814,8461.792144,LCV,VRU
6,11,2.59,2.9,-0.56,1.11,6.319,37,91.957,0.3448274673008733,0.09243450642762915,4.532137020637928,8456.089848999998,LCV,VRU
31,22,7.79,1.5,0.0,1.67,8.179,40,121.344,0.6666662222225186,0.21838739271503008,4.806836749045822,14724.366336,VRU,VRU
15,11,6.09,2.87,1.11,0.0,4.94,39,70.167,0.3484319343442737,0.18527227635110127,4.265029227830349,4923.407889,VRU,LCV
16,11,6.01,2.87,1.67,0.0,4.872,39,69.083,0.3484319343442737,0.19541710412956728,4.249680253931069,4772.460889,VRU,LCV
2,7,68.91,2.43,0.0,-0.56,5.737,41,82.752,0.41152246439404755,0.05437934969089147,4.427860051017054,6847.893504,Ped,VRU
8,5,82.78,2.03,0.0,0.0,1.649,36,18.155,0.49261059477310604,0.3580280717142345,2.952563778152612,329.60402500000004,Car,Ped
12,18,2.33,1.57,0.0,0.0,5.739,39,82.785,0.6369422694635226,0.1811922427832066,4.428253993852687,6853.3562249999995,Car,VRU
12,13,0.94,2.87,0.0,0.56,16.078,36,246.16,0.3484319343442737,0.05077998029419897,5.510035900192779,60594.745599999995,Car,VRU
12,12,1.63,2.8,0.56,0.0,13.374,37,203.426,0.3571427295918823,0.05898950940887837,5.320206051805674,41382.137475999996,Car,VRU
11,12,1.63,2.8,0.56,0.0,12.872,36,195.495,0.3571427295918823,0.058825033587431734,5.280636985692958,38218.295025,Car,VRU
12,12,1.64,2.8,0.56,0.0,13.374,37,203.426,0.3571427295918823,0.05898950940887837,5.320206051805674,41382.137475999996,Car,VRU
10,11,85.43,2.9,0.0,0.0,6.641,37,97.036,0.3448274673008733,0.10820726216860482,4.58533475815398,9415.985296,VRU,Car
16,3,80.74,2.13,-0.56,0.0,2.031,38,24.187,0.4694833476604002,0.3927729609801562,3.2263279883932405,585.010969,VRU,Ped
18,14,2.62,2.1,0.0,0.0,10.201,40,153.298,0.47619024943321453,0.10437187631689993,5.038885797522311,23500.276804,VRU,VRU
14,16,0.78,2.93,0.0,0.0,13.765,36,209.603,0.3412968118440915,0.07156386086285091,5.349974844612661,43933.417609000004,Car,Car
14,16,5.16,2.7,0.0,0.0,8.094,38,120.001,0.3703702331962099,0.12499895730036452,4.795798810025401,14400.240001000002,Car,Car
6,10,77.46,2.57,-0.56,2.22,2.386,40,29.804,0.3891049069630712,0.2684203372560617,3.4276445516770035,888.2784159999999,Car,Car
15,13,1.66,2.77,1.67,0.0,5.152,38,73.507,0.36101069999613716,0.19045804902311278,4.310893080703118,5403.279049000001,Car,Car
13,6,4.46,3.0,0.0,-1.67,2.805,39,36.42,0.33333322222225925,0.26084568201961333,3.6222053208459437,1326.4164,Car,Car
16,19,0.95,1.9,0.0,0.0,6.079,39,88.16,0.5263155124655198,0.19850272007143013,4.490432508517668,7772.1856,Car,VRU
14,16,9.08,2.0,0.0,0.0,8.809,40,131.296,0.499999750000125,0.11424567302701018,4.885041836347895,17238.639615999997,Car,VRU
17,20,1.67,1.43,0.0,0.0,5.918,39,85.608,0.6993002102795733,0.21610129641971199,4.461392190054622,7328.729664,VRU,Car
17,20,4.83,1.33,0.0,0.0,5.181,39,73.974,0.7518791339254632,0.2500878653298745,4.317141386766864,5472.152676000001,VRU,Car
17,20,6.79,1.33,0.0,0.0,4.954,41,70.375,0.7518791339254632,0.26287743853815365,4.267947667976174,4952.640625,VRU,Car
17,20,9.14,1.3,0.0,0.0,4.745,40,67.074,0.7692301775152481,0.27581476763254364,4.22059534877143,4498.9214759999995,VRU,Car
17,20,5.61,1.33,0.0,0.0,5.095,42,72.61,0.7518791339254632,0.2547858386615365,4.298780886070615,5272.2121,VRU,Car
9,27,81.62,2.5,1.11,0.0,3.106,36,41.175,0.399999840000064,0.43715845932827063,3.741827628432032,1695.3806249999998,Car,VRU
10,16,73.85,2.07,1.11,0.0,3.13,37,41.552,0.4830915540620512,0.3128609859246009,3.7507268574400165,1726.568704,Car,VRU
20,27,3.22,2.43,0.0,0.0,14.047,38,214.063,0.41152246439404755,0.10978076496274104,5.3709310084605475,45822.967969,VRU,VRU
3,22,85.83,1.6,0.0,1.11,2.155,38,26.159,0.6249996093752441,0.47784699423345717,3.3017084831614127,684.293281,Ped,VRU
3,25,86.61,1.17,0.56,-1.11,1.214,37,11.284,0.8547001241879282,1.2406946791302127,2.508297602578576,127.32865600000001,Ped,VRU
10,13,48.76,2.13,0.0,0.0,4.518,40,63.487,0.4694833476604002,0.18113944301763443,4.166463653100121,4030.599169,Car,Car
17,7,84.22,2.9,0.0,0.56,1.949,38,22.904,0.3448274673008733,0.5239259289239465,3.1740458089504067,524.593216,VRU,Car
17,23,6.14,3.0,0.56,-0.56,11.055,38,166.792,0.33333322222225925,0.11990982709056892,5.122725117092049,27819.571264000002,VRU,VRU
10,4,53.89,2.23,0.0,0.0,9.47,33,141.739,0.44843029218372543,0.04938654816679567,4.96101778777367,20089.944121,Car,Ped
13,18,1.23,1.77,0.0,0.0,7.875,41,116.542,0.5649714322195298,0.13299926092739733,4.766795716523833,13582.037764,Car,VRU
23,4,72.52,2.63,0.56,0.0,3.305,36,44.322,0.38022799230874815,0.3045891362170223,3.813792565812733,1964.4396840000002,VRU,Ped
7,23,0.59,2.33,0.0,0.0,12.283,35,186.186,0.42918436515692476,0.08056459626091866,5.232102774922069,34665.226596,Car,VRU
7,19,59.28,2.1,0.56,0.0,1.456,43,15.107,0.47619024943321453,0.8605281749832413,2.779253960108542,228.22144899999998,Car,VRU
13,17,2.38,1.93,0.56,0.0,3.767,39,51.629,0.518134446562463,0.29053438395989883,3.963267298615157,2665.553641,Car,VRU
8,15,4.33,2.87,1.11,0.0,9.026,39,134.721,0.3484319343442737,0.08536159852315824,4.910601307999701,18149.747841,Car,VRU
16,19,78.51,2.2,2.78,0.0,13.104,48,199.157,0.45454524793397816,0.08787037318361708,5.299102058596687,39663.510649,VRU,VRU
15,14,84.43,3.0,3.33,0.0,10.823,46,163.118,0.33333322222225925,0.08889270289672077,5.100585681294517,26607.481924,VRU,Car
15,19,2.36,2.93,0.0,0.0,15.473,39,236.594,0.3412968118440915,0.07185304753352559,5.470563334644387,55976.720836,VRU,VRU
9,7,10.21,2.1,0.0,-0.56,1.909,46,22.272,0.47619024943321453,0.3591953861711842,3.1472509211929003,496.04198399999996,Car,VRU
7,9,3.43,2.97,-0.56,0.56,3.825,42,52.541,0.3367002233332581,0.1522620400779955,3.9804477155419877,2760.5566809999996,VRU,Car
8,12,0.39,2.03,0.0,0.56,3.937,43,54.31,0.49261059477310604,0.18412814980430584,4.012953724006587,2949.5761,VRU,Car
7,8,10.74,2.0,-0.56,-0.56,5.661,41,81.551,0.499999750000125,0.0919669888540056,4.413416284163146,6650.565601,VRU,Car
8,5,3.2,2.8,0.0,0.0,2.3,45,28.439,0.3571427295918823,0.22855936465560095,3.3823203258924663,808.776721,VRU,Car
12,4,49.96,2.97,0.0,0.0,15.464,32,236.462,0.3367002233332581,0.03383207435515189,5.47000761067333,55914.27744399999,Car,Ped
14,13,18.66,1.27,0.0,0.0,2.871,35,37.473,0.7874009548023978,0.36025937714462747,3.6499566965674743,1404.225729,Car,VRU
4,6,55.32,2.67,0.0,-1.11,3.374,39,45.409,0.37453169493194943,0.11011032812635539,3.837493405940572,2061.977281,Ped,VRU
17,28,1.9,1.3,0.0,0.0,8.171,33,121.207,0.7692301775152481,0.18563284145608058,4.805716328239268,14691.136848999999,VRU,VRU
17,24,0.89,1.37,0.0,0.0,7.686,33,113.552,0.7299264745062229,0.18053402687285097,4.741028868371705,12894.056704000002,VRU,VRU
17,20,6.58,1.33,0.0,1.11,5.796,31,83.678,0.7518791339254632,0.22108558735766168,4.438855827659925,7002.007683999999,VRU,VRU
27,25,1.01,1.57,0.0,0.56,9.141,33,136.538,0.6369422694635226,0.19042317750059926,4.9239002425615945,18642.625444000005,Car,VRU
27,17,3.56,1.43,2.78,3.33,8.586,31,127.765,0.6993002102795733,0.1721911308089764,4.857989037612051,16323.895225,Car,VRU
15,4,75.91,2.93,0.0,0.0,13.313,31,202.47,0.3412968118440915,0.0469205312050154,5.315518573867812,40994.1009,VRU,Ped
19,6,88.57,1.03,0.56,1.11,0.5,34,0.0,0.9708728438127731,12500000.0,0.0,0.0,VRU,VRU
4,17,69.22,2.53,0.0,0.0,10.847,37,163.504,0.39525676076807875,0.06421861199592296,5.102934886019217,26733.558015999995,Ped,Car
15,13,2.89,2.23,0.0,0.0,3.383,43,45.562,0.44843029218372543,0.30727359845323743,3.8407847578270893,2075.8958439999997,Car,Car
15,13,3.21,2.17,0.0,0.0,3.609,44,49.135,0.4608292807238338,0.28492927068425217,3.9147193669758886,2414.248225,Car,Car
15,13,8.19,2.07,0.0,0.0,5.03,42,71.579,0.4830915540620512,0.1955880887468659,4.28467562378976,5123.553240999999,Car,Car
10,11,2.43,2.27,1.11,0.56,2.86,42,37.288,0.44052844029584126,0.2815919255097639,3.6451365311660173,1390.3949439999997,Car,Car
8,17,86.92,2.73,0.56,1.11,6.458,44,94.143,0.36630023212445706,0.13277673185710323,4.55538102298545,8862.904449,Car,VRU
13,16,74.35,1.97,0.0,0.0,2.978,44,39.151,0.5076139555259109,0.3703609008617685,3.6926473466828558,1532.8008010000003,Car,VRU
8,8,86.42,2.57,0.0,-0.56,4.56,44,64.15,0.3891049069630712,0.12470771434594365,4.176692303570854,4115.222500000001,Car,VRU
12,9,31.24,2.37,0.0,0.0,3.49,42,47.254,0.42194075023597033,0.2222034066491005,3.876478725903255,2232.9405159999997,Car,VRU
13,11,16.91,1.17,0.56,0.0,1.421,43,14.546,0.8547001241879282,0.8249690069456204,2.743803370808028,211.58611599999998,Car,VRU
10,11,27.57,2.03,1.67,0.0,3.342,41,44.901,0.49261059477310604,0.23384779328193597,3.8264869033215523,2016.0998010000003,Car,VRU
7,3,0.71,2.23,1.11,0.56,8.175,34,121.273,0.44843029218372543,0.04122929224782687,4.806256249718353,14707.140528999998,Car,LCV
4,1,10.51,2.33,1.11,-5.0,9.024,35,134.695,0.42918436515692476,0.01856045125238167,4.9104097201782055,18142.743025,Car,LCV
15,10,1.11,2.4,-1.11,0.56,7.151,41,105.096,0.41666649305562786,0.11893887380167777,4.664344344626512,11045.169216,Car,LCV
16,9,1.49,2.4,-0.56,0.56,7.209,38,106.014,0.41666649305562786,0.11790895430878041,4.672959667024449,11238.968196,Car,LCV
15,10,1.01,2.43,-0.56,0.56,7.142,41,104.957,0.41152246439404755,0.11909639072099631,4.663033351432279,11015.971849,Car,LCV
17,11,1.02,2.43,0.56,0.56,7.068,40,103.778,0.41152246439404755,0.13490335008476412,4.651843826185763,10769.873284000001,Car,LCV
16,11,1.11,2.43,0.56,0.56,7.004,40,102.779,0.41152246439404755,0.1313497880758736,4.642263638125199,10563.522841,Car,LCV
17,13,0.13,2.53,0.0,0.56,7.251,40,106.678,0.39525676076807875,0.14061005886302652,4.679145292172664,11380.195684,Car,LCV
5,6,41.41,2.47,0.56,-0.56,0.646,39,2.312,0.40485813568496526,2.3788917046316156,1.1975522365230131,5.345343999999999,VRU,VRU
5,11,81.44,2.33,0.0,0.0,1.433,43,14.749,0.42918436515692476,0.5424096181158303,2.756776871192444,217.533001,VRU,VRU
4,14,26.45,2.8,0.56,0.0,5.201,44,74.29,0.3571427295918823,0.12114685528137224,4.321347323862031,5519.004100000001,VRU,VRU
4,11,20.45,1.47,0.56,-1.11,1.107,45,9.593,0.6802716460737102,0.7818199956405718,2.360193405614359,92.025649,VRU,VRU
15,14,6.8,1.77,0.0,0.0,3.953,43,54.564,0.5649714322195298,0.26574297584958995,4.017535509535143,2977.2300960000002,LCV,VRU
1,10,78.24,1.97,0.0,1.11,0.679,42,2.833,0.5076139555259109,1.9414041858792142,1.343647786398418,8.025889000000001,Ped,VRU
1,15,86.4,1.87,0.0,0.56,1.591,41,17.244,0.5347590723213517,0.4639294558148077,2.903836258849454,297.355536,Ped,VRU
1,10,81.66,2.87,0.0,0.56,0.844,40,5.444,0.3484319343442737,1.010286368426457,1.863149465314728,29.637135999999998,Ped,LCV
9,9,6.48,1.57,0.0,-0.56,2.671,44,34.302,0.6369422694635226,0.26237536404946177,3.563939619558087,1176.627204,VRU,VRU
7,14,4.74,1.03,0.56,1.11,1.757,38,19.855,0.9708728438127731,0.5288340202047837,3.0375937276489084,394.221025,VRU,VRU
4,5,2.94,2.13,0.0,0.56,5.137,41,73.272,0.4694833476604002,0.06141500079955507,4.307734030092027,5368.785984000001,Ped,VRU
14,13,7.08,1.43,0.56,0.56,2.258,40,27.777,0.6993002102795733,0.48601359088405544,3.359576456971055,771.561729,VRU,VRU
15,5,88.55,1.13,0.0,0.0,1.072,39,9.039,0.8849549690663993,1.106316948078665,2.3064775077093893,81.703521,VRU,Ped
11,6,83.9,2.1,0.56,0.56,3.448,42,46.587,0.47619024943321453,0.182454328837351,3.8625596146925556,2170.348569,VRU,LCV
13,3,56.8,2.93,0.0,0.0,0.5,41,0.0,0.3412968118440915,8000000.0,0.0,0.0,Car,Ped
13,15,13.48,2.73,0.0,-0.56,8.205,42,121.758,0.36630023212445706,0.11498217681809675,4.810214937667045,14825.010563999998,Car,VRU
14,4,30.82,2.87,0.56,0.56,0.541,41,0.644,0.3484319343442737,13.975133578985124,0.49713229663398817,0.41473600000000005,Car,Ped
13,10,6.33,2.83,0.0,-0.56,5.194,42,74.175,0.353356765598316,0.15503875759974714,4.319818728874592,5501.930625,Car,Car
11,10,37.0,2.93,0.0,0.56,4.04,43,55.931,0.3412968118440915,0.18773130843840968,4.0418400082399515,3128.2767609999996,Car,LCV
11,13,1.99,2.77,0.56,0.0,6.969,43,102.214,0.36101069999613716,0.1174007463028475,4.636804502761352,10447.701796,Car,LCV
12,10,2.48,2.23,0.0,0.0,6.892,43,100.997,0.44843029218372543,0.10891412508377353,4.624943401087031,10200.394009,Car,VRU
9,10,8.25,2.07,1.67,1.11,6.593,40,96.287,0.4830915540620512,0.09866336993920913,4.577665372865901,9271.186369000001,Car,VRU
12,13,0.52,2.93,0.0,0.0,11.505,38,173.904,0.3412968118440915,0.07187873728103587,5.164237251974587,30242.601216,Car,VRU
10,10,4.72,2.17,0.0,0.0,7.793,42,115.236,0.4608292807238338,0.0867784365408515,4.755622607107651,13279.335696,VRU,VRU
13,10,2.83,1.43,0.0,0.0,4.434,41,62.162,0.6993002102795733,0.18500047963385222,4.145702854497243,3864.114244,VRU,VRU
13,7,4.99,2.63,1.11,0.0,11.733,42,177.493,0.38022799230874815,0.0563402497206073,5.184549384764464,31503.765048999998,VRU,VRU
10,7,8.29,3.0,0.0,0.0,6.551,40,95.621,0.33333322222225925,0.08889260634282631,4.570796108896754,9143.375640999999,VRU,VRU
10,17,5.67,1.43,-1.67,-0.56,6.222,41,90.417,0.6993002102795733,0.14930820366404324,4.515431456788695,8175.233889,LCV,VRU
7,4,28.37,2.73,0.0,0.56,6.368,41,92.731,0.36630023212445706,0.05931134076725863,4.540428977644189,8599.038360999999,VRU,Ped
19,7,25.81,2.7,0.0,0.0,2.301,44,28.461,0.3703702331962099,0.4567653822154744,3.3830673547896852,810.028521,VRU,Car
7,15,25.44,2.83,0.0,1.11,3.594,49,48.898,0.353356765598316,0.2249580713943705,3.909980921793921,2391.0144040000005,Car,VRU
14,14,54.01,1.27,0.56,1.11,2.498,46,31.57,0.7874009548023978,0.4434589659974987,3.4833916192881422,996.6649,VRU,VRU
12,12,88.6,2.1,-3.33,0.0,7.028,47,103.161,0.47619024943321453,0.11632302792408926,4.645937779028613,10642.191921,VRU,VRU
18,3,89.13,2.17,0.0,0.0,2.237,42,27.442,0.4608292807238338,0.3826251591492909,3.3478669259505045,753.063364,VRU,Ped
12,11,39.96,1.57,0.56,0.56,4.169,42,57.983,0.6369422694635226,0.19833399102609403,4.077249266793463,3362.028289,VRU,VRU
5,15,59.95,2.5,-0.56,0.0,9.367,40,140.115,0.399999840000064,0.07136994560632376,4.949575160791792,19632.213225000003,Ped,VRU
21,16,1.62,2.9,0.0,0.0,12.995,40,197.448,0.3448274673008733,0.09369555481090942,5.290527101072974,38985.712704000005,VRU,VRU
5,14,32.82,2.03,0.0,1.11,1.543,40,16.48,0.49261059477310604,0.5764562757004686,2.8610573702273894,271.5904,Ped,VRU
5,14,33.29,2.67,0.0,0.0,3.85,37,52.938,0.37453169493194943,0.179455208367237,3.9878352387890934,2802.431844,Ped,VRU
9,14,1.49,2.67,0.0,0.0,6.142,38,89.16,0.37453169493194943,0.12898160465475994,4.501585869731521,7949.5055999999995,Car,LCV
7,10,30.08,2.5,0.0,0.0,6.108,38,88.608,0.399999840000064,0.09592813181735134,4.495444601709439,7851.377664000001,Car,LCV
9,12,2.79,1.93,0.0,0.0,4.834,38,68.481,0.518134446562463,0.15332719800634925,4.241053333900304,4689.647360999999,Car,VRU
14,10,9.1,2.53,0.0,0.0,2.279,44,28.107,0.39525676076807875,0.4269398930181132,3.3709786950781546,790.0034489999999,LCV,VRU
12,12,66.81,2.73,1.11,0.0,4.039,38,55.916,0.36630023212445706,0.21460762188626475,4.041576496683445,3126.5990559999996,LCV,VRU
17,26,2.25,2.83,0.56,0.0,16.444,38,251.936,0.353356765598316,0.08533913340952014,5.533136492299746,63471.748096,VRU,VRU
9,14,3.44,1.53,0.0,-0.56,2.712,45,34.946,0.6535943440559843,0.32907914127284554,3.582017812329843,1221.222916,LCV,VRU
9,14,3.46,1.53,0.0,-0.56,2.712,45,34.946,0.6535943440559843,0.32907914127284554,3.582017812329843,1221.222916,LCV,VRU
11,11,0.93,2.93,0.0,0.0,10.815,41,162.994,0.3412968118440915,0.06748714635209181,5.099829841789084,26567.044036,Car,Car
11,11,1.27,3.0,0.0,0.0,7.54,44,111.24,0.33333322222225925,0.09888529217111389,4.720639435794205,12374.337599999999,Car,Car
8,4,25.92,1.87,-1.11,0.0,1.889,39,21.953,0.5347590723213517,0.2733111523112489,3.1334486469178247,481.93420899999995,VRU,Ped
8,2,71.68,2.8,0.0,0.0,2.18,41,26.551,0.3571427295918823,0.18831681713243129,3.3160388325808334,704.9556009999999,Car,Ped
11,11,2.35,2.67,0.0,0.0,9.543,46,142.892,0.37453169493194943,0.07698121604441666,4.969063018185296,20418.123664,Car,Car
8,12,15.88,2.5,0.56,1.67,3.269,44,43.758,0.399999840000064,0.22852963507176666,3.801270199692963,1914.7625640000003,Car,VRU
9,15,27.84,1.97,0.0,1.11,3.299,50,44.232,0.5076139555259109,0.27129679256427947,3.8118048009512346,1956.469824,Car,VRU
11,13,7.26,2.37,0.0,0.0,10.912,42,164.521,0.42194075023597033,0.0729390164602755,5.1090980749850115,27067.159440999996,Car,VRU
7,10,1.97,2.5,1.67,1.67,8.142,42,120.758,0.399999840000064,0.07038871072402068,4.802035468222886,14582.494563999999,Car,VRU
0,8,65.11,2.73,-1.11,-1.11,1.012,46,8.09,0.36630023212445706,0.4944375161387496,2.2071749081893874,65.4481,Ped,VRU
4,8,51.87,1.8,-0.56,-1.11,1.012,45,8.09,0.5555552469137517,0.7416562742081244,2.2071749081893874,65.4481,Ped,VRU
6,13,75.72,1.47,-0.56,0.56,1.208,48,11.188,0.6802716460737102,0.8491239855984997,2.5004518611234627,125.17134400000002,Ped,VRU
12,22,81.11,1.93,1.67,0.0,4.244,43,59.158,0.518134446562463,0.28736603185763493,4.096974434408117,3499.668964,Ped,VRU
5,15,11.21,1.2,0.0,0.56,1.905,49,22.202,0.8333326388894676,0.4504098526975113,3.144238481853215,492.92880400000007,Car,VRU
6,27,8.62,1.3,-0.56,0.0,4.31,46,60.21,0.7692301775152481,0.27404085244908066,4.114310574862978,3625.2441,VRU,VRU
13,23,5.62,1.8,1.11,-0.56,4.205,45,58.544,0.5555552469137517,0.3074610496812475,4.08671553505761,3427.399936,Car,VRU
16,22,2.89,1.13,0.0,0.0,7.699,44,113.752,0.8849549690663993,0.1670300287728565,4.742773277982668,12939.517504,Car,VRU
2,10,87.49,3.0,0.0,-0.56,1.953,42,22.96,0.33333322222225925,0.261324030430138,3.1763857732472487,527.1616,Ped,VRU
2,13,76.19,1.53,0.0,0.0,3.565,39,48.438,0.6535943440559843,0.1548371081622464,3.900719359256754,2346.239844,Ped,VRU
12,23,15.6,1.73,0.56,0.0,2.479,48,31.276,0.5780343479570244,0.5595344494329694,3.47432391998626,978.188176,VRU,VRU
8,17,0.59,1.8,1.11,1.67,7.043,45,103.392,0.5555552469137517,0.12089910127573603,4.648153044159946,10689.905664,Car,VRU
10,2,6.01,1.6,0.0,0.0,7.823,50,115.71,0.6249996093752441,0.05185377191380372,4.759692225424263,13388.8041,Car,VRU
23,16,15.55,2.47,0.0,0.0,10.609,44,159.733,0.40485813568496526,0.12207871809783377,5.079744603248524,25514.631289,VRU,VRU
7,11,81.59,2.37,1.11,-5.0,0.5,39,0.0,0.42194075023597033,9000000.0,0.0,0.0,Car,VRU
9,4,12.04,2.43,0.56,-0.56,1.334,47,13.178,0.41152246439404755,0.49324628219409,2.651691467432826,173.65968400000003,VRU,Ped
6,10,36.3,2.17,0.0,0.56,1.64,35,18.017,0.4608292807238338,0.44402506277265563,2.945333315970139,324.612289,Ped,VRU
16,13,26.93,1.8,0.56,0.56,3.318,40,44.524,0.5555552469137517,0.32566704865539825,3.8182396594196435,1982.386576,Car,VRU
17,18,0.38,2.13,0.0,0.0,13.272,41,201.825,0.4694833476604002,0.08670878193133269,5.312343538281128,40733.330624999995,Car,Car
17,18,0.44,2.13,0.0,0.0,13.321,42,202.585,0.4694833476604002,0.08638349292206485,5.316083608091981,41040.682225000004,Car,Car
17,18,0.45,2.13,0.0,0.0,13.338,41,202.854,0.4694833476604002,0.08626894176960305,5.317404051344026,41149.74531600001,Car,Car
17,18,2.62,2.43,0.0,1.11,12.684,41,192.532,0.41152246439404755,0.09089398078815998,5.265442873473955,37068.571024000004,Car,Car
15,12,19.5,2.5,0.0,0.0,6.806,42,99.641,0.399999840000064,0.13548639480247693,4.61155972930976,9928.328881000001,VRU,Car
14,20,50.94,2.57,0.56,-1.11,15.155,44,231.572,0.3891049069630712,0.07341129293087552,5.4491998545066105,53625.591184000004,VRU,VRU
13,17,12.67,2.07,0.0,0.56,4.151,40,57.692,0.4830915540620512,0.26000138216734764,4.072303431345221,3328.366864,Car,VRU
11,14,12.66,2.13,0.0,-0.56,4.416,40,61.872,0.4694833476604002,0.2020299941487265,4.141100913563874,3828.144384,VRU,VRU
8,18,11.04,1.63,-0.56,0.0,3.358,35,45.168,0.6134965561370822,0.28781437549118016,3.8322869174086653,2040.148224,VRU,VRU
11,18,1.73,1.57,0.56,0.0,3.849,41,52.923,0.6369422694635226,0.27398295119356514,3.987557103038512,2800.843929,VRU,VRU
13,12,1.5,2.57,0.0,0.0,9.855,37,147.824,0.3891049069630712,0.08456001674585982,5.002764399715686,21851.934976000004,LCV,LCV
13,12,5.0,2.43,0.0,0.0,5.972,37,86.46,0.41152246439404755,0.14457552458274897,4.471181545984774,7475.331599999999,LCV,LCV
13,11,0.75,3.0,0.0,0.0,4.383,36,61.351,0.33333322222225925,0.19559583062059574,4.132779710489812,3763.945201,LCV,LCV
13,12,0.79,2.77,0.0,0.0,11.653,35,176.229,0.36101069999613716,0.07093043669923545,5.1774426816655295,31056.660441000004,LCV,LCV
12,3,5.21,2.7,0.0,1.11,6.376,35,92.848,0.3703702331962099,0.0807771833450674,4.541676452203419,8620.751103999999,LCV,LCV
10,11,3.63,2.93,0.0,0.0,5.191,36,74.12,0.3412968118440915,0.14166216754368366,4.319086834900007,5493.7744,LCV,Car
10,13,37.01,3.0,0.0,1.11,7.963,35,117.934,0.33333322222225925,0.09751216699584372,4.778568717403201,13908.428355999999,LCV,VRU
9,11,43.49,1.97,1.11,0.56,0.953,37,7.155,0.5076139555259109,1.397623843798205,2.0986312360729773,51.194025,Car,VRU
8,17,13.94,2.77,0.56,0.0,3.195,39,42.585,0.36101069999613716,0.29353057899423324,3.774713054463539,1813.482225,Car,VRU
9,4,1.41,2.83,0.0,-0.56,1.007,40,8.007,0.353356765598316,0.8117895826414909,2.1980020528016055,64.112049,Car,Ped
7,7,8.59,2.0,0.0,0.56,2.699,39,34.753,0.499999750000125,0.20142145422203972,3.576634181703175,1207.771009,Car,Ped
9,16,0.36,1.8,0.0,0.0,7.749,41,114.547,0.5555552469137517,0.10912551084598017,4.749677373596678,13121.015209,Car,VRU
9,16,0.38,1.8,0.0,0.0,7.802,41,115.388,0.5555552469137517,0.10833015470993383,4.756929437199406,13314.390544000002,Car,VRU
9,16,0.29,1.8,0.0,0.0,7.499,39,110.591,0.5555552469137517,0.11302908814434189,4.714840401533924,12230.369281,Car,VRU
9,16,1.86,2.4,0.0,0.0,7.881,41,116.63,0.41666649305562786,0.10717654027971757,4.76754410497235,13602.5569,Car,VRU
9,10,49.18,2.1,0.0,0.56,3.76,42,51.521,0.47619024943321453,0.1843908273443678,3.961213089618905,2654.413441,Car,VRU
9,5,61.48,1.6,0.56,0.56,3.626,40,49.393,0.6249996093752441,0.14172048383940064,3.9198522765424793,2439.6684490000002,Car,Ped
18,21,3.24,2.47,0.0,0.0,15.177,40,231.928,0.40485813568496526,0.08407781689111354,5.450729392935847,53790.597184,Car,VRU
7,11,1.82,1.97,0.0,0.0,1.891,39,21.974,0.5076139555259109,0.4095749335771851,3.1343631417232123,482.856676,Ped,Car
7,11,6.94,2.13,0.0,1.67,3.802,38,52.177,0.4694833476604002,0.17248979104797535,3.9736259720386147,2722.439329,Ped,Car
7,18,83.27,2.6,0.56,0.56,2.784,40,36.088,0.38461523668644737,0.3463755168927201,3.6132934671573413,1302.343744,Car,Car
11,19,4.64,2.63,0.0,0.0,16.266,44,249.13,0.38022799230874815,0.0602095289198028,5.521980782709098,62065.7569,Car,VRU
16,17,0.04,2.47,0.0,0.0,9.525,40,142.614,0.40485813568496526,0.11569691534003032,4.967129144898198,20338.752996000003,Car,LCV
16,15,3.46,2.27,0.0,1.11,5.195,45,74.186,0.44052844029584126,0.20893429745593106,4.319965043411203,5503.562596000001,Car,LCV
16,13,29.5,1.43,0.0,0.0,5.116,45,72.945,0.6993002102795733,0.19877989994132705,4.3033215736187325,5320.973024999999,VRU,VRU
17,13,0.44,2.73,0.0,0.0,12.292,39,186.336,0.36630023212445706,0.08049974196881042,5.232903795999712,34721.104896000004,LCV,Car
17,13,2.63,2.57,0.0,0.0,11.689,42,176.81,0.3891049069630712,0.08483683001619348,5.180715564467857,31261.7761,LCV,Car
17,13,2.02,2.4,0.0,0.0,9.619,40,144.089,0.41666649305562786,0.10410232492346866,4.977347347230081,20761.639920999998,LCV,Car
17,13,2.25,2.37,0.0,0.0,9.475,40,141.812,0.42194075023597033,0.10577384067798323,4.961529079988304,20110.643344000004,LCV,Car
13,16,6.47,1.63,0.0,0.0,7.228,42,106.31,0.6134965561370822,0.13639356470328695,4.675721841939036,11301.8161,Car,VRU
9,5,2.96,2.87,0.0,0.0,6.049,41,87.683,0.3484319343442737,0.07983303399937235,4.48506821367523,7688.308489000001,LCV,Ped
9,0,63.28,2.37,0.0,0.0,8.376,41,124.45,0.42194075023597033,0.036159099749625556,4.8319072728124315,15487.802500000002,VRU,Ped
5,10,82.18,2.63,0.0,0.0,5.422,45,77.779,0.38022799230874815,0.09642705490650363,4.366646463885146,6049.572840999999,Ped,VRU
16,3,0.7,2.73,-0.56,0.56,7.224,42,106.246,0.36630023212445706,0.08941513008099007,4.675125261075316,11288.212516,Car,LCV
16,2,14.26,2.73,-0.56,0.56,6.917,43,101.392,0.36630023212445706,0.08876439868269294,4.62880858455349,10280.337663999999,Car,LCV
7,14,11.39,2.33,0.0,0.0,4.335,41,60.598,0.42918436515692476,0.1732730424556414,4.120629402479925,3672.117604,LCV,VRU
4,5,37.58,2.63,0.0,0.0,1.832,43,21.042,0.38022799230874815,0.21385798812574905,3.09294972426935,442.76576400000005,Car,Ped
14,4,0.43,1.9,0.0,0.56,3.226,42,43.076,0.5263155124655198,0.2089330437149911,3.7859154166255307,1855.541776,Car,Car
15,2,1.4,1.87,0.0,0.56,3.305,43,44.32,0.5347590723213517,0.1917869992827843,3.8137484361598055,1964.2624,Car,Car
10,9,36.06,2.2,0.0,0.0,2.889,43,37.743,0.45454524793397816,0.25170229574484554,3.6569500943197633,1424.534049,Car,VRU
19,16,4.4,2.87,0.0,0.0,14.126,46,215.318,0.3484319343442737,0.081275136861409,5.376749547249728,46361.841124000006,VRU,VRU
11,8,19.4,1.97,1.11,1.11,0.86,43,5.692,0.5076139555259109,1.669008842408847,1.9009127831245776,32.398864,Car,VRU
12,13,1.92,2.67,0.0,-0.56,8.807,47,131.262,0.37453169493194943,0.09522938782565109,4.88478480386211,17229.712644,VRU,VRU
12,10,0.22,2.77,0.0,0.0,7.71,46,113.928,0.36101069999613716,0.09655220756484616,4.744305845332446,12979.589183999999,VRU,VRU
12,13,2.97,2.63,0.0,0.0,9.427,47,141.056,0.38022799230874815,0.08861728612311928,4.956221346056534,19896.795136000004,VRU,VRU
12,10,0.31,2.77,0.0,0.0,7.718,47,114.062,0.36101069999613716,0.09643877806422141,4.745471113519433,13010.139844,VRU,VRU
11,10,5.02,2.5,0.0,0.0,7.227,43,106.304,0.399999840000064,0.09877332839052784,4.675665927599789,11300.540416,VRU,VRU
12,11,0.72,2.87,0.0,0.56,8.138,46,120.698,0.3484319343442737,0.09527912562528687,4.801542566004706,14568.007203999998,VRU,VRU
12,10,0.19,2.77,0.56,0.0,7.701,47,113.782,0.36101069999613716,0.09667609906069415,4.743034677166848,12946.343524,VRU,VRU
12,12,7.36,1.57,0.0,0.56,4.762,48,67.354,0.6369422694635226,0.17816313540156287,4.224700083769227,4536.561316,VRU,VRU
7,7,6.06,2.83,0.56,0.0,2.768,44,35.836,0.353356765598316,0.19533429525241952,3.6064756278591203,1284.2188959999999,VRU,Car
2,2,6.95,2.6,0.0,0.56,6.831,44,100.043,0.38461523668644737,0.019991403496582433,4.615546168812862,10008.601849,VRU,Car
12,10,7.57,1.2,0.0,0.0,2.902,44,37.962,0.8333326388894676,0.2897634400251978,3.6625868121590126,1441.1134440000003,Car,VRU
12,14,2.42,1.3,0.0,0.0,3.816,42,52.401,0.7692301775152481,0.2480868638368187,3.977829472382569,2745.864801,Car,VRU
12,14,3.42,1.37,0.0,0.0,3.929,42,54.19,0.7299264745062229,0.2398966554733963,4.01078177745141,2936.5561,Car,VRU
4,9,3.63,2.67,0.0,0.0,3.318,48,44.522,0.37453169493194943,0.1459952350299799,3.8181957255839927,1982.2084839999998,Car,Car
6,3,49.02,2.3,-0.56,0.0,0.5,46,0.0,0.43478241965981757,4500000.0,0.0,0.0,Car,Ped
7,11,16.21,2.67,0.56,-1.11,10.444,44,157.139,0.37453169493194943,0.05727413272787702,5.063474393111974,24692.665321000004,VRU,VRU
8,11,27.72,2.4,0.56,-0.56,8.354,41,124.1,0.41666649305562786,0.07655116779571984,4.829113417472866,15400.81,VRU,VRU
12,10,4.94,2.47,0.0,0.0,6.762,47,98.952,0.40485813568496526,0.11116500817401359,4.604690070751214,9791.498303999999,VRU,VRU
6,11,3.42,2.63,0.0,0.0,3.347,39,48.107,0.38022799230874815,0.1766894593990592,3.894001590830327,2314.283449,Car,LCV
11,13,18.91,2.43,-1.11,-0.56,4.626,39,69.712,0.41152246439404755,0.17213678890095266,4.258615289758647,4859.762944,Car,Car
8,9,27.54,2.13,-0.56,1.11,1.679,40,19.926,0.4694833476604002,0.4265783184493467,3.0409924049588555,397.04547599999995,Car,VRU
20,19,1.23,2.63,0.0,0.0,17.497,41,287.19,0.38022799230874815,0.0678992998784801,5.663619984837126,82478.0961,Car,VRU
13,1,33.84,1.13,0.0,0.0,1.968,40,24.8,0.8849549690663993,0.2822580531347559,3.250374491927572,615.0400000000001,Car,Ped
12,2,31.68,1.73,0.0,-1.11,1.262,38,12.868,0.5780343479570244,0.5439850369921482,2.629584027822777,165.58542400000002,Car,Ped
11,14,0.07,1.67,0.0,0.0,5.207,43,79.525,0.5988020366454871,0.15718327372293903,4.3885676952172625,6324.225625000001,Car,VRU
11,14,0.06,1.7,0.0,0.0,5.2,40,79.413,0.5882349480970894,0.15740495690371908,4.387175854656541,6306.424569,Car,VRU
11,14,0.03,1.7,0.0,0.0,5.263,40,80.477,0.5882349480970894,0.15532387942736584,4.400320771829523,6476.547529,Car,VRU
11,14,1.16,1.7,0.0,0.0,4.95,43,75.186,0.5882349480970894,0.1662543536528828,4.333177718778601,5652.934596000001,Car,VRU
11,14,0.06,1.7,0.0,0.0,5.2,40,79.413,0.5882349480970894,0.15740495690371908,4.387175854656541,6306.424569,Car,VRU
11,14,3.37,1.7,0.0,0.0,4.222,41,62.896,0.5882349480970894,0.19874077526804923,4.157256761615088,3955.906816,Car,VRU
11,14,2.15,1.7,0.0,0.0,4.513,43,67.808,0.5882349480970894,0.18434402748430823,4.231320017249178,4597.9248640000005,Car,VRU
14,7,3.7,2.53,0.0,0.0,7.807,41,123.471,0.39525676076807875,0.08504021118286714,4.824072757045046,15245.087841,VRU,Car
5,9,40.2,2.33,0.0,1.11,1.591,45,18.432,0.42918436515692476,0.37977428495148197,2.9669211916998712,339.73862399999996,VRU,VRU
6,6,87.14,2.53,-0.56,0.56,1.946,46,24.436,0.39525676076807875,0.24553935809709615,3.2361654934051614,597.118096,VRU,Ped
5,13,15.81,1.9,-0.56,0.56,1.581,46,18.266,0.5263155124655198,0.49271868538712993,2.958341884335432,333.6467559999999,VRU,VRU
11,7,28.81,2.53,0.0,-0.56,5.936,48,91.848,0.39525676076807875,0.09798797907425334,4.5309637474482525,8436.055104,VRU,VRU
11,4,17.71,2.7,0.0,0.0,2.517,45,34.078,0.3703702331962099,0.22008333176585093,3.5575741533359464,1161.3100840000002,VRU,Ped
5,15,61.11,2.63,0.0,1.11,1.602,44,18.621,0.38022799230874815,0.5370280577290125,2.9766004212379644,346.74164099999996,Ped,Car
6,13,34.61,2.83,0.56,0.0,5.998,50,92.893,0.353356765598316,0.10226819994759347,4.542155836044581,8629.109449,Car,VRU
11,10,20.31,2.07,0.0,0.0,3.176,44,45.207,0.4830915540620512,0.2322649095877871,3.8331313017619473,2043.672849,VRU,Car
11,13,4.22,1.9,0.0,0.0,2.447,44,32.905,0.5263155124655198,0.3646862068170124,3.5235624961358054,1082.739025,Car,VRU
12,14,3.91,2.23,0.0,-0.56,7.416,45,116.856,0.44843029218372543,0.11124803081358227,4.769463540262655,13655.324735999999,VRU,VRU
5,3,35.08,2.67,0.0,0.0,6.164,44,95.696,0.37453169493194943,0.041799029825708184,4.571572036557156,9157.724416,Car,Ped
10,3,59.04,2.23,0.56,0.0,7.262,45,114.261,0.44843029218372543,0.05688730138115979,4.74719912200767,13055.576120999998,Car,Ped
12,17,12.04,2.67,0.0,0.56,13.995,44,228.015,0.37453169493194943,0.06359230724473255,5.433787503592471,51990.84022499999,Car,VRU
12,12,1.97,1.6,0.0,0.0,2.225,47,29.145,0.6249996093752441,0.41173441716471376,3.406019071941369,849.431025,VRU,Car
12,12,3.78,2.9,0.0,0.0,5.361,45,82.134,0.3448274673008733,0.14610270842644085,4.420453763791863,6745.993956,Car,VRU
10,7,52.29,1.47,0.56,0.0,0.5,43,0.0,0.6802716460737102,8500000.0,0.0,0.0,Car,VRU
4,11,38.83,2.3,0.0,1.11,10.847,47,174.833,0.43478241965981757,0.042898079636578455,5.169534680945718,30566.577889,Ped,VRU
7,6,4.21,2.5,0.0,0.0,7.723,47,122.036,0.399999840000064,0.05326297114570314,4.812476995475954,14892.785296,Car,Car
12,11,2.12,2.53,1.11,1.11,7.496,46,118.203,0.39525676076807875,0.09729025407739013,4.780827922099781,13971.949209,Car,Car
4,11,66.01,1.67,-0.56,1.67,1.651,36,19.441,0.5988020366454871,0.3857826045068358,3.01754268781784,377.952481,Car,VRU
7,7,39.16,2.2,1.11,0.0,1.173,39,11.365,0.45454524793397816,0.615926034674348,2.5148699009733795,129.163225,Car,VRU
7,9,67.18,2.8,1.11,1.67,1.274,42,13.08,0.3571427295918823,0.6116207483470376,2.644755350729896,171.0864,Car,VRU
7,17,29.05,2.8,0.56,1.67,2.678,50,36.792,0.3571427295918823,0.3261578515395235,3.632097440014952,1353.651264,Car,VRU
13,6,8.61,2.43,0.0,0.56,3.325,49,47.734,0.41152246439404755,0.1990195625964813,3.8863769384445606,2278.534756,Car,Ped
9,1,24.68,1.77,0.0,-2.22,2.986,49,42.003,0.5649714322195298,0.11903911341953877,3.761269880701788,1764.252009,Car,Ped
8,6,11.36,2.37,-1.11,0.0,1.551,47,17.758,0.42194075023597033,0.3941885125471048,2.9316203280867468,315.34656399999994,Car,VRU
18,14,3.1,2.47,0.0,0.0,10.636,44,171.257,0.40485813568496526,0.09342683748152288,5.148987547674719,29328.960049,VRU,VRU
18,14,3.93,2.4,0.0,0.0,10.017,46,160.808,0.41666649305562786,0.09949753681721347,5.086410447159815,25859.212863999997,VRU,VRU
11,10,13.74,2.37,0.56,0.0,4.069,40,60.307,0.42194075023597033,0.17410913867197608,4.11589402891862,3636.9342490000004,VRU,LCV
10,8,0.62,2.87,0.0,0.0,5.257,38,80.379,0.3484319343442737,0.1119695428909349,4.399117254466588,6460.783641000001,Car,LCV
5,8,24.37,1.3,0.0,0.56,0.5,44,0.0,0.7692301775152481,6500000.0,0.0,0.0,Ped,VRU
9,7,57.32,1.17,1.11,-2.22,0.773,38,4.607,0.8547001241879282,1.7364875761911056,1.7240158171415354,21.224449000000003,VRU,VRU
9,18,63.32,1.87,0.0,1.11,2.944,38,41.298,0.5347590723213517,0.3268923355394369,3.744739803610558,1705.5248040000001,LCV,VRU
16,13,9.35,1.6,0.0,0.0,3.795,41,55.679,0.6249996093752441,0.2604213390969425,4.0374037717592905,3100.151041,LCV,VRU
11,11,6.09,1.77,1.11,0.56,1.414,40,15.437,0.5649714322195298,0.7125736404370253,2.799534891224388,238.30096899999998,LCV,VRU
17,13,4.95,2.97,-0.56,0.0,7.201,38,113.217,0.3367002233332581,0.13248893600352477,4.738100147789349,12818.089089,VRU,VRU
16,10,4.07,1.5,1.11,1.67,7.354,43,115.812,0.6666662222225186,0.11225088840318026,4.7605658048427895,13412.419344,VRU,VRU
13,6,7.43,1.4,0.0,-3.33,5.944,44,91.993,0.7142852040819971,0.10326872584578474,4.532524221503212,8462.712049,VRU,VRU
8,16,0.31,2.97,0.56,0.0,11.597,42,187.497,0.3367002233332581,0.06400102367504,5.2390820916420555,35155.125009,VRU,VRU
7,16,1.01,2.93,0.0,0.0,11.671,42,188.754,0.3412968118440915,0.060925860851023764,5.2457284964224575,35628.07251599999,VRU,VRU
6,17,1.25,2.43,0.56,0.0,9.887,39,158.605,0.41152246439404755,0.07250717144789148,5.072702012845789,25155.546024999996,VRU,VRU
9,10,58.39,2.57,0.0,-0.56,7.947,41,125.828,0.3891049069630712,0.07549988813698152,4.84283183781521,15832.685584,VRU,VRU
14,14,0.27,2.23,0.0,0.0,9.283,39,148.411,0.44843029218372543,0.09433262969501836,5.006700897833032,22025.824921,Car,Car
14,14,0.95,1.8,0.0,0.0,5.039,34,76.7,0.5555552469137517,0.18252933269192526,4.3528552573736015,5882.89,Car,Car
14,14,1.64,1.83,0.0,0.0,4.472,36,67.121,0.5464477888263449,0.20857853416101468,4.22128553566325,4505.228641,Car,Car
11,13,2.3,2.87,-0.56,0.56,5.561,35,85.507,0.3484319343442737,0.14033938577731195,4.460225335519086,7311.447049000001,Car,Car
7,7,74.36,1.8,0.56,0.56,1.507,39,17.01,0.5555552469137517,0.41152260955187475,2.8909271591878647,289.34010000000006,Ped,Car
4,8,56.33,3.0,0.0,0.56,5.45,38,83.637,0.33333322222225925,0.07173858373998848,4.438371523247423,6995.147769,Ped,VRU
12,12,2.57,3.0,0.56,1.11,7.613,39,120.177,0.33333322222225925,0.09985271641118752,4.797252286649906,14442.511329,Car,VRU
14,22,9.5,2.83,0.0,2.22,10.756,36,173.291,0.353356765598316,0.1038715218685822,5.160726316080961,30029.770680999998,Car,VRU
13,9,29.87,2.5,0.0,-0.56,3.522,37,51.053,0.399999840000064,0.21546235842237757,3.9522624302876443,2606.4088089999996,VRU,VRU
5,8,2.33,1.0,0.0,0.0,1.594,48,15.387,0.9999990000010001,0.4224344951950026,2.796488337564087,236.759769,Ped,VRU
5,8,3.19,1.0,0.0,0.0,1.266,50,10.77,0.9999990000010001,0.6035282633678494,2.4655539212721855,115.99289999999999,Ped,VRU
7,4,88.43,0.63,0.56,0.0,0.619,41,1.676,1.5872990677792573,3.281620953686782,0.9843231422659819,2.808976,VRU,Ped
15,17,1.83,1.0,0.0,0.0,2.836,44,32.85,0.9999990000010001,0.4870623900437629,3.521938999358284,1079.1225000000002,Car,VRU
14,11,3.45,1.0,0.0,0.0,2.658,49,30.353,0.9999990000010001,0.41182089375610664,3.4453099562804765,921.3046090000001,VRU,VRU
12,16,0.45,0.93,0.0,0.0,2.201,48,23.921,1.075267661002515,0.5852597890865855,3.215710821525044,572.214241,Car,VRU
12,16,1.04,0.93,0.0,0.0,2.102,48,22.538,1.075267661002515,0.6211731022640383,3.1586161364554703,507.96144400000003,Car,VRU
12,16,0.9,0.97,0.0,0.0,2.048,48,21.779,1.030926772240441,0.642821036649018,3.1258390588992064,474.324841,Car,VRU
15,4,35.79,1.0,-1.11,0.0,1.649,42,16.16,0.9999990000010001,0.5878712507505414,2.8425810940598164,261.1456,VRU,Ped
13,11,59.85,1.0,1.11,0.0,3.178,47,37.668,0.9999990000010001,0.3185727854260172,3.655012384602359,1418.878224,VRU,VRU
14,15,0.35,0.9,-0.56,-1.11,2.012,46,21.268,1.1111098765445815,0.6817754052202649,3.1031506703212615,452.327824,VRU,VRU
2,9,16.43,0.93,0.56,0.0,0.909,43,5.757,1.075267661002515,0.9553585278168268,1.9105790045700375,33.143049,Ped,VRU
15,17,0.86,1.0,0.0,0.0,3.068,35,36.116,0.9999990000010001,0.44301693313166096,3.614048143490933,1304.365456,VRU,VRU
15,20,1.7,0.9,0.0,0.0,4.187,42,51.854,1.1111098765445815,0.33748601192798994,3.9675333953557135,2688.837316,VRU,VRU
11,14,8.23,0.87,0.0,0.56,2.557,43,28.938,1.1494239661793493,0.4319579642007753,3.399128576493044,837.407844,VRU,VRU
11,10,7.05,0.87,0.56,1.67,1.675,43,16.529,1.1494239661793493,0.635247102955587,2.86385665224041,273.207841,VRU,VRU
18,14,11.05,0.67,0.0,0.0,1.12,43,8.723,1.4925350857685284,1.8342311321527993,2.2744942128275203,76.09072900000001,VRU,VRU
26,28,1.57,0.6,0.0,0.0,4.994,39,63.207,1.6666638888935186,0.4271678702174147,4.162112239020025,3995.1248490000003,VRU,VRU
26,28,1.79,0.6,0.0,0.0,4.777,38,60.161,1.6666638888935186,0.4487957239940207,4.113509731483112,3619.345921,VRU,VRU
26,28,2.22,0.57,0.0,0.0,4.461,39,55.711,1.7543828870475666,0.4846439574833703,4.037968195444792,3103.7155209999996,VRU,VRU
8,13,86.05,1.0,1.11,-0.56,1.025,39,7.383,0.9999990000010001,1.4221859105802641,2.1262058456557202,54.508689,VRU,VRU
17,15,5.33,0.87,0.56,0.0,2.43,46,30.497,1.1494239661793493,0.5246417508396973,3.449892303200914,930.067009,VRU,VRU
11,0,81.97,0.97,0.0,0.0,1.778,38,20.199,1.030926772240441,0.27229069398036065,3.0539540107541154,407.99960100000004,VRU,Ped
9,8,5.44,0.7,1.67,1.11,1.981,43,23.4,1.4285693877580175,0.36324784772445096,3.1945831322991562,547.56,VRU,VRU
19,24,5.18,0.53,0.0,0.0,2.626,41,33.595,1.8867888928511454,0.6399761678828347,3.5437091629507744,1128.6240249999998,VRU,VRU
20,3,68.59,0.93,0.0,0.0,0.837,36,5.327,1.075267661002515,2.158813185880761,1.8448261901647471,28.376929,VRU,Ped
5,17,87.74,0.93,0.0,0.56,0.5,43,0.0,1.075267661002515,11000000.0,0.0,0.0,Ped,VRU
13,15,46.32,0.97,0.0,-2.22,3.928,41,54.161,1.030926772240441,0.25848857557119376,4.010256181839814,2933.4139210000003,VRU,VRU
19,16,15.12,0.83,0.0,-1.11,0.901,39,6.341,1.204817825520692,2.7598166283209857,1.9934750731286444,40.208281,VRU,VRU
16,15,4.08,0.83,-1.67,-1.11,0.919,39,6.625,1.204817825520692,2.3396222883588997,2.031432322493475,43.890625,VRU,VRU
19,18,10.95,0.83,1.11,0.56,1.335,41,13.194,1.204817825520692,1.4021523872857067,2.6528193401027913,174.08163600000003,VRU,VRU
17,22,3.06,0.93,1.67,1.67,2.585,36,32.951,1.075267661002515,0.5917877881767537,3.5249183086519142,1085.768401,VRU,VRU
10,12,2.23,0.93,0.0,-0.56,1.746,43,19.688,1.075267661002515,0.558715940739743,3.0295538220295017,387.61734399999995,VRU,VRU
10,12,5.58,1.0,0.56,2.22,2.348,43,29.198,0.9999990000010001,0.37673811984594424,3.407775697022278,852.5232040000001,VRU,VRU
18,3,76.31,0.93,-0.56,0.0,0.534,41,0.53,1.075267661002515,19.811283374937027,0.4252677354043441,0.28090000000000004,VRU,Ped
10,6,60.92,0.87,0.0,-0.56,3.042,43,40.166,1.1494239661793493,0.19917342530564597,3.717612672936809,1613.3075559999997,VRU,Ped
9,15,5.94,0.93,0.0,0.0,3.672,47,50.126,1.075267661002515,0.23939671548903335,3.934293174073874,2512.615876,LCV,VRU
11,17,10.28,0.87,0.0,0.0,2.669,41,34.267,1.1494239661793493,0.40855632507787887,3.5629476825072626,1174.2272890000002,VRU,VRU
13,14,2.61,0.83,0.0,0.0,3.126,47,41.496,1.204817825520692,0.3253325543345731,3.7494099538539687,1721.918016,VRU,VRU
7,11,32.25,0.97,0.56,0.0,1.149,42,10.973,1.030926772240441,0.8201949494035405,2.4826541147347068,120.40672900000001,Ped,VRU
10,9,87.7,2.07,0.56,0.0,2.648,21,46.673,0.4830915540620512,0.20354380040829173,3.864365199898609,2178.368929,Car,Car
9,13,83.98,2.47,0.56,2.22,3.082,21,56.115,0.40485813568496526,0.19602601450546175,4.045066779185911,3148.8932250000003,Car,Car
10,16,0.19,2.17,0.0,0.0,11.375,23,236.314,0.4608292807238338,0.0550115521932194,5.469384158751608,55844.306595999995,Car,Car
10,16,0.29,2.2,0.0,0.0,11.309,24,234.885,0.45454524793397816,0.055346233027455,5.46334439812657,55170.96322499999,Car,Car
10,16,0.27,2.17,0.0,0.0,10.679,21,221.202,0.4608292807238338,0.05876981194216231,5.403586878065112,48930.324803999996,Car,Car
10,16,3.69,2.07,0.0,0.0,8.747,21,179.205,0.4830915540620512,0.07254261838373584,5.194095091737134,32114.432025000006,Car,Car
10,4,66.94,1.73,0.0,0.0,1.105,21,13.146,0.5780343479570244,0.5324813226470925,2.6494318986137984,172.81731600000003,Car,Ped
14,16,0.72,2.2,0.0,0.0,9.804,20,202.185,0.45454524793397816,0.07418947956480708,5.31411689408194,40878.774225,Car,Car
14,16,1.96,1.83,0.0,0.0,6.772,20,136.29,0.5464477888263449,0.11005943128579183,4.922095476909513,18574.964099999997,Car,Car
14,2,44.74,2.37,0.56,0.0,1.148,21,14.082,0.42194075023597033,0.5681010816573582,2.7135019797804554,198.302724,Car,Ped
13,15,39.28,3.0,0.56,0.56,5.021,22,98.245,0.33333322222225925,0.1425008891801019,4.597591540464541,9652.080025000001,Car,Car
8,10,11.83,2.47,0.0,0.0,1.721,16,26.525,0.40485813568496526,0.3393025319772844,3.3150946826087435,703.575625,Car,Car
8,3,79.3,1.93,0.0,0.0,0.876,21,8.162,0.518134446562463,0.6738543648793967,2.2150644954645506,66.61824400000002,Car,Ped
6,4,67.5,2.8,0.0,0.0,2.983,20,53.958,0.3571427295918823,0.0926646633925523,4.0065692571500655,2911.465764,Car,Ped
6,9,87.68,2.73,0.0,0.0,3.407,20,63.162,0.36630023212445706,0.11874227987172224,4.161411135142246,3989.438244,Car,Car
6,13,80.42,2.1,0.0,0.0,3.791,21,71.512,0.47619024943321453,0.13284483537245728,4.283752065405541,5113.966144,Car,Car
6,12,13.05,2.93,0.0,0.56,4.403,26,84.819,0.3412968118440915,0.10610829995510086,4.452240427199988,7194.262761000001,Car,Car
6,15,2.78,1.23,0.0,0.0,1.681,27,25.654,0.8130074690996186,0.40929288183936685,3.2829392331575353,658.127716,Car,VRU
6,13,22.45,1.53,1.11,0.56,1.472,28,21.132,0.6535943440559843,0.4495551557091067,3.0970245250358635,446.56142400000004,Car,VRU
9,15,1.87,2.5,0.56,2.22,2.835,25,50.733,0.399999840000064,0.23653242984778294,3.9460958757612814,2573.8372889999996,Car,Car
4,20,46.32,2.23,0.0,2.22,2.076,20,34.242,0.44843029218372543,0.3504468094606972,3.5622385531465386,1172.5145639999998,Ped,Car
2,10,86.24,2.5,0.0,0.0,1.013,20,11.141,0.399999840000064,0.5385512486714614,2.496588154561838,124.121881,Ped,Car
4,7,1.97,2.4,0.56,0.56,6.233,22,124.592,0.41666649305562786,0.04414408594336646,4.833038557738016,15523.166464,Car,Car
3,15,66.47,1.77,0.0,0.0,0.836,25,7.307,0.5649714322195298,1.2316954657594819,2.1170985328569345,53.39224900000001,Ped,Car
15,1,89.93,2.4,0.0,0.0,5.962,24,118.701,0.41666649305562786,0.06739623029800734,4.7849969667479115,14089.927400999999,Car,Ped
3,16,47.92,1.6,0.0,0.0,4.319,22,82.985,0.6249996093752441,0.11447851883498802,4.430638211468966,6886.510225,Ped,Car
3,15,67.8,2.6,0.0,0.56,1.238,14,16.033,0.38461523668644737,0.5613421966355518,2.8351526388784403,257.057089,Ped,Car
13,3,84.94,1.83,0.0,0.0,1.34,22,18.249,0.5464477888263449,0.4383801611934812,2.9574591113324984,333.02600099999995,Car,Ped
12,4,71.29,2.07,0.0,0.0,1.886,20,30.117,0.4830915540620512,0.26563069808976,3.4377542936350354,907.0336890000001,Car,Ped
11,18,1.47,2.9,0.0,0.0,7.957,19,162.056,0.3448274673008733,0.08947524257370759,5.094093700086338,26262.147136000003,Car,VRU
3,18,85.13,1.23,0.0,0.0,0.604,20,2.269,0.8130074690996186,4.627587206880913,1.1844841277420737,5.148361,Ped,VRU
3,3,83.8,1.73,0.0,0.56,0.759,23,5.618,0.5780343479570244,0.5339977689573212,1.8897932094994205,31.561924000000005,Ped,Car
4,12,82.72,1.03,0.0,0.56,0.511,22,0.24,0.9708728438127731,33.333194445023146,0.2151113796169455,0.0576,Ped,Car
4,20,81.54,2.1,0.0,0.0,8.06,21,164.277,0.47619024943321453,0.07304735250188796,5.10762285419014,26986.932728999996,Ped,Car
7,13,89.24,2.43,0.0,0.56,3.604,23,67.442,0.41152246439404755,0.1482755530933906,4.225986671273816,4548.423363999999,Car,Car
19,15,1.24,2.93,0.0,0.0,10.908,20,226.173,0.3412968118440915,0.07516370178949874,5.425711841757029,51154.225929,Car,LCV
15,11,3.5,2.47,0.0,0.56,8.166,22,166.578,0.40485813568496526,0.07804151761912427,5.121448914515522,27748.230084000003,LCV,Car
13,17,1.65,2.4,0.0,-0.56,5.83,23,115.829,0.41666649305562786,0.12950124641064634,4.760711327247077,13416.357240999998,Car,Car
11,4,56.14,3.0,0.56,0.0,1.673,14,25.49,0.33333322222225925,0.2942330210187124,3.2767673032839784,649.7400999999999,Car,Ped
15,2,88.42,2.9,1.11,0.0,1.481,17,21.319,0.3448274673008733,0.39870536147542746,3.105438333642048,454.499761,Car,Ped
20,4,77.2,1.63,0.0,0.0,0.652,13,3.309,0.6134965561370822,3.6264721588177213,1.460705858633701,10.949481,Car,Ped
6,11,82.55,2.37,0.0,0.0,6.386,28,127.907,0.42194075023597033,0.06645453285234951,4.859091214133947,16360.200648999999,Car,Car
2,5,58.31,1.6,0.0,0.0,0.944,13,9.649,0.6249996093752441,0.36273185172226646,2.3654659910332465,93.10320099999998,Ped,VRU
10,9,59.36,2.27,0.0,0.0,4.049,15,77.131,0.44052844029584126,0.12316707778756819,4.358386905107596,5949.191161,Car,VRU
12,5,51.79,2.33,0.56,0.56,4.598,17,89.057,0.42918436515692476,0.09544448953541564,4.500442803192682,7931.149249,Car,Ped
6,4,60.05,1.23,0.56,0.0,0.637,13,2.978,0.8130074690996186,1.6789786168641312,1.3807791804317806,8.868484,VRU,Ped
5,18,46.54,2.8,0.56,0.0,2.507,13,43.623,0.3571427295918823,0.2636223949837839,3.798249421168279,1902.9661289999997,Ped,Car
22,19,6.86,2.83,0.56,0.56,8.6,16,176.019,0.353356765598316,0.11646469917188088,5.1762570714455745,30982.688361,Car,Car
19,5,53.46,2.2,0.56,0.0,1.837,14,29.061,0.45454524793397816,0.412924523831784,3.4032286505712346,844.541721,Car,Ped
2,8,8.67,2.43,0.56,1.67,6.058,16,120.777,0.41152246439404755,0.04139861031985717,4.8021915032900315,14587.083729,LCV,Car
4,12,3.03,2.4,0.0,0.0,7.097,12,143.359,0.41666649305562786,0.05580396029684944,4.972303252623967,20551.802881000003,LCV,Car
4,7,89.18,1.03,0.0,1.11,0.922,23,9.177,0.9708728438127731,0.599324332644183,2.3201302722097945,84.21732899999999,Ped,VRU
2,16,20.35,2.07,0.0,0.0,4.819,20,93.855,0.4830915540620512,0.09589259926596773,4.552349409804509,8808.761025000002,Car,Car
11,23,87.77,2.7,0.0,0.0,14.817,26,311.125,0.3703702331962099,0.05464041766286728,5.743403748599937,96798.765625,Car,Car
2,18,81.97,1.87,0.0,0.0,0.843,26,7.448,0.5347590723213517,1.3426421398171133,2.1339297269639057,55.47270400000001,Ped,Car
4,0,40.35,2.9,0.56,0.0,1.293,19,16.347,0.3448274673008733,0.12234660045594906,2.853419580779272,267.22440900000004,Car,Ped
9,19,88.68,2.77,1.11,-0.56,3.776,21,67.529,0.36101069999613716,0.20731833423687107,4.227257013341842,4560.165840999999,Car,VRU
9,18,64.18,2.43,0.0,0.0,5.986,17,113.092,0.41152246439404755,0.11937183780133133,4.737005140474788,12789.800464,Car,Car
9,9,1.89,2.53,0.0,0.0,7.473,19,143.75,0.39525676076807875,0.06260869521663516,4.975008116453105,20664.0625,Car,Car
9,9,3.13,3.0,0.0,0.0,5.943,19,112.218,0.33333322222225925,0.08020103655205905,4.729315163728944,12592.879524,Car,Car
9,9,2.83,2.93,0.0,0.0,6.251,19,118.569,0.3412968118440915,0.07590516850184138,4.783893610594684,14058.607761000001,Car,Car
9,9,3.04,2.93,0.0,0.0,6.159,19,116.67,0.3412968118440915,0.07714065246300975,4.7678840964758376,13611.8889,Car,Car
16,4,80.35,1.6,1.11,0.0,1.04,17,11.125,0.6249996093752441,0.8988763236965103,2.495269436823547,123.765625,Car,Ped
17,5,89.82,3.0,0.0,0.0,15.296,16,305.025,0.33333322222225925,0.03606261769998322,5.7236667979615765,93040.25062499999,Car,Ped
14,12,78.42,2.7,0.56,0.56,4.675,16,86.071,0.3703702331962099,0.15103809470044388,4.466723877786631,7408.217041,Car,Car
16,13,46.81,2.57,0.0,0.56,3.922,21,70.549,0.3891049069630712,0.20553090468283172,4.2703825296644,4977.161401000001,Car,Car
12,12,13.74,2.63,0.56,0.0,5.722,15,107.663,0.38022799230874815,0.11145890313794987,4.6882513497980245,11591.321569,Car,Car
6,5,40.59,2.97,0.0,1.11,1.229,38,15.022,0.3367002233332581,0.36612965210160753,2.7739627777929248,225.660484,Car,Car
6,11,6.7,2.73,0.0,0.0,6.194,38,117.387,0.36630023212445706,0.07241006182618125,4.773958919124444,13779.707769,Car,Car
6,11,3.32,3.0,0.0,0.0,7.518,34,144.671,0.33333322222225925,0.05875400005008606,4.981350654268762,20929.698241,Car,Car
6,3,87.06,1.8,0.0,0.0,0.5,38,0.0,0.5555552469137517,4500000.0,0.0,0.0,Car,Ped
6,3,72.8,2.3,0.0,0.0,1.361,39,17.749,0.43478241965981757,0.2535353961611699,2.9311404176608136,315.027001,Car,Ped
15,12,2.75,2.63,0.0,0.0,13.571,16,269.457,0.38022799230874815,0.05010075800554167,5.600113120770429,72607.074849,Car,Car
15,12,3.4,2.67,0.0,0.0,12.413,15,245.585,0.37453169493194943,0.054970783822420814,5.507706761629583,60311.992225,Car,Car
8,4,58.3,2.73,2.22,0.0,0.572,17,1.479,0.36630023212445706,4.0567923889165725,0.9078552530530535,2.187441,Car,Ped
8,5,46.26,2.53,-0.56,0.0,2.22,15,35.449,0.39525676076807875,0.18336200786024973,3.5959140232360753,1256.6316009999998,Car,Ped
9,5,60.58,2.97,0.0,0.0,7.639,11,147.18,0.3367002233332581,0.047560809569501226,4.998427750988511,21661.952400000002,Car,Ped
7,5,74.75,2.27,1.67,0.0,2.358,26,38.31,0.44052844029584126,0.15661706717261636,3.671478939433769,1467.6561000000002,Car,Ped
8,11,81.52,2.97,0.0,0.56,3.997,18,72.091,0.3367002233332581,0.13177789000321968,4.291705240160916,5197.112280999999,Car,Car
8,3,84.91,1.47,0.0,0.0,1.19,20,14.226,0.6802716460737102,0.38661602793364064,2.7230044928840207,202.37907600000003,Car,Ped
12,3,82.59,2.47,0.0,0.0,2.151,15,34.042,0.40485813568496526,0.2203160736644124,3.5565473420648956,1158.857764,Car,Ped
8,19,0.34,1.43,0.0,0.0,3.655,13,65.043,0.6993002102795733,0.20755499888450718,4.190306045034083,4230.591849000001,Car,Car
8,19,1.41,1.43,0.0,0.0,3.459,15,60.994,0.6993002102795733,0.22133324226426793,4.127037606168619,3720.268036,Car,Car
8,19,0.81,1.43,0.0,0.0,3.57,15,63.298,0.6993002102795733,0.21327687741671336,4.1635285265607616,4006.636804,Car,Car
3,19,1.63,1.63,0.0,0.0,5.551,18,104.133,0.6134965561370822,0.10563413993994085,4.655226215278757,10843.681689,Car,Car
10,5,37.51,2.7,0.0,0.0,2.55,25,42.252,0.3703702331962099,0.17750638602891258,3.7670434750832906,1785.2315040000003,Car,Car
9,11,27.94,1.4,1.11,2.22,1.268,25,15.841,0.7142852040819971,0.6312732383515411,2.8238163894739174,250.93728099999998,Car,VRU
10,11,0.62,2.07,0.0,0.0,6.268,17,118.913,0.4830915540620512,0.08829984872722202,4.786766479842451,14140.301569,Car,Car
10,11,1.26,2.07,0.0,0.0,5.36,18,100.198,0.4830915540620512,0.10479250978270516,4.617078993812227,10039.639204,Car,Car
8,4,57.24,2.33,1.11,0.0,1.882,21,28.483,0.42918436515692476,0.2106519604447579,3.383813826051275,811.281289,Car,Ped
19,5,83.04,2.03,0.0,0.0,9.402,14,183.518,0.49261059477310604,0.06538868086297431,5.21774701969743,33678.856324,Car,Ped
19,23,7.1,2.0,-0.56,0.0,6.078,14,114.99,0.499999750000125,0.18262457446191344,4.753503980493785,13222.700099999998,Car,VRU
23,16,6.67,2.67,0.0,0.0,13.057,15,258.864,0.37453169493194943,0.07532913006316394,5.560158417239992,67010.57049599999,VRU,Car
21,12,89.61,1.5,-0.56,1.11,4.091,13,74.037,0.6666662222225186,0.22286153919173468,4.317981325220762,5481.477369000001,VRU,Car
2,12,75.24,1.67,0.56,1.11,0.5,16,0.0,0.5988020366454871,7000000.0,0.0,0.0,Ped,Car
3,10,31.86,2.97,0.0,1.67,1.447,17,19.528,0.3367002233332581,0.33285537009138827,3.0217898078732803,381.34278399999994,Ped,Car
1,20,77.06,2.0,0.0,0.0,1.845,17,27.736,0.499999750000125,0.3785693546809433,3.3581506921197892,769.285696,Ped,VRU
16,3,86.58,2.87,0.0,0.0,2.037,21,31.682,0.3484319343442737,0.2998547976814975,3.4868244676295923,1003.7491239999999,Car,Ped
16,5,86.28,2.93,0.0,0.0,3.292,21,57.56,0.3412968118440915,0.1824183429044763,4.0700518696530565,3313.1536,Car,Ped
2,22,83.89,2.13,0.0,0.0,1.986,10,30.643,0.4694833476604002,0.39160655315711407,3.454516955092372,938.993449,Ped,Car
20,3,86.07,1.53,0.0,0.0,0.971,17,9.717,0.6535943440559843,1.1834927257906014,2.3718312657308602,94.420089,Car,Ped
17,24,3.78,2.4,0.0,0.56,2.97,11,50.917,0.41666649305562786,0.40261601424640076,3.949646289524588,2592.5408890000003,Car,Car
17,23,4.19,2.57,0.0,0.0,4.773,12,88.097,0.3891049069630712,0.22702248400033506,4.4897256638762455,7761.0814089999985,Car,Car
17,23,1.83,2.47,0.0,1.67,12.968,18,257.029,0.40485813568496526,0.07781223100190161,5.553071981705638,66063.906841,Car,Car
14,21,58.17,1.7,1.67,0.0,2.374,11,38.632,0.5882349480970894,0.45299232623233787,3.679636872747004,1492.4314239999999,Car,Car
17,21,1.67,3.0,1.67,2.22,17.98,16,360.369,0.33333322222225925,0.052723735802125776,5.889899596947204,129865.81616100002,Car,Car
21,17,1.55,2.17,0.0,0.0,9.738,10,190.452,0.4608292807238338,0.09976266933525156,5.254637124460538,36271.964304,Car,Car
3,5,76.17,1.8,0.0,1.11,1.154,22,13.475,0.5555552469137517,0.2968459891023385,2.672423023459059,181.575625,Ped,VRU
24,5,60.77,2.2,0.0,0.0,1.792,11,26.634,0.45454524793397816,0.5444168902749534,3.3190468986344777,709.369956,Car,Ped
4,14,89.17,2.03,0.0,2.22,3.643,13,64.793,0.49261059477310604,0.13890389179534993,4.186513449693478,4198.1328490000005,Ped,Car
14,20,12.98,2.1,0.0,0.56,4.877,16,90.229,0.47619024943321453,0.18840948931707668,4.51337282899072,8141.272441,Car,Car
9,14,75.43,2.37,1.11,0.56,5.432,18,101.682,0.42194075023597033,0.11309769562855082,4.6316368338031175,10339.229124000001,Car,Car
1,8,86.79,2.2,0.56,-1.11,0.639,16,2.864,0.45454524793397816,1.571228501666026,1.3517029163502716,8.202496,Ped,Car
14,21,8.75,2.73,-2.22,0.0,9.293,15,181.276,0.36630023212445706,0.0965378754135248,5.205522021893327,32860.988176000006,Car,Car
9,11,20.99,2.97,0.0,0.0,6.016,15,113.722,0.3367002233332581,0.08793373236547254,4.742511810451087,12932.693283999999,Car,Car
9,2,60.82,2.83,0.0,0.0,2.465,19,40.51,0.353356765598316,0.13576894258778222,3.7259343620649474,1641.0601,Car,Ped
3,17,74.28,1.4,0.0,0.0,0.5,17,0.0,0.7142852040819971,10000000.0,0.0,0.0,Ped,Car
3,13,79.58,2.33,0.0,0.56,4.81,16,88.85,0.42918436515692476,0.09003939122071591,4.498141613229568,7894.322499999999,Ped,Car
13,1,78.6,2.1,0.0,0.0,0.812,21,6.424,0.47619024943321453,1.0896635912727908,2.0047179954838996,41.267776000000005,Car,Ped
15,16,4.26,2.37,0.0,0.0,7.589,24,146.15,0.42194075023597033,0.10605542178545725,4.991452474679482,21359.822500000002,Car,VRU
0,6,74.65,1.37,0.0,0.0,0.9,21,8.239,0.7299264745062229,0.3641218152540581,2.223433654688608,67.88112100000001,Ped,VRU
12,7,56.11,2.07,1.67,0.0,2.665,14,44.63,0.4830915540620512,0.21286129928610129,3.8205653949393112,1991.8369000000002,Car,Car
10,4,28.47,2.97,0.56,0.0,1.981,15,30.537,0.3367002233332581,0.22923010678095077,3.451161459699603,932.5083689999999,Car,Ped
9,4,65.61,2.57,1.11,0.0,1.987,17,30.662,0.3891049069630712,0.21198877398771201,3.4551172236515857,940.158244,Car,Ped
12,16,2.03,2.27,0.0,0.0,14.294,19,284.364,0.44052844029584126,0.04923267344237431,5.653765558333946,80862.88449599998,Car,VRU
12,3,53.34,2.83,0.0,0.0,1.458,21,19.745,0.353356765598316,0.37984297898997316,3.0323052537848314,389.86502500000006,Car,Ped
12,4,76.27,2.63,0.0,0.0,16.64,18,332.732,0.38022799230874815,0.024043374174881362,5.810338275675775,110710.58382400002,Car,Ped
4,20,86.82,1.43,1.11,0.0,1.012,18,10.56,0.6993002102795733,1.1363635287534537,2.4475508632442313,111.51360000000001,Ped,VRU
12,4,20.09,2.97,0.0,0.0,1.789,20,26.576,0.3367002233332581,0.3010234685045353,3.316945829214564,706.283776,Car,Ped
7,3,71.76,2.13,0.56,0.0,1.498,21,20.566,0.4694833476604002,0.2431197003248225,3.0711180004598804,422.96035599999993,Car,Ped
4,2,73.33,2.1,0.0,0.0,10.651,19,209.276,0.47619024943321453,0.014335136306432001,5.348420953514283,43796.444176000005,Ped,Car
7,4,86.35,1.33,0.56,0.0,0.755,20,5.262,0.7518791339254632,1.0452297519517766,1.8344996229042139,27.688643999999996,Car,Ped
7,11,16.39,2.93,0.56,1.11,2.631,18,43.935,0.3412968118440915,0.20484806635147226,3.805217001110337,1930.284225,Car,Car
9,20,54.75,2.83,1.67,0.0,2.009,19,31.102,0.353356765598316,0.4662079459131906,3.4689183334910263,967.3344040000001,Car,VRU
16,17,6.06,2.77,0.0,-0.56,4.922,18,91.152,0.36101069999613716,0.18101632239538,4.523439387624205,8308.687104,Car,Car
15,16,2.85,1.93,0.0,0.0,9.888,18,193.545,0.518134446562463,0.08008473440241426,5.270663498766199,37459.667024999995,Car,Car
16,16,6.79,1.9,0.0,0.0,10.212,18,200.21,0.5263155124655198,0.07991608770832581,5.304349138779756,40084.04410000001,Car,Car
6,10,2.0,2.77,0.56,0.0,2.303,18,37.177,0.36101069999613716,0.21518680326043516,3.642233240040165,1382.1293289999999,Car,Car
18,20,1.76,1.37,0.0,0.0,2.021,17,31.365,0.7299264745062229,0.6057707442763991,3.4770775919974732,983.7632249999999,Car,VRU
3,18,76.09,1.57,0.0,0.0,1.168,18,13.777,0.6369422694635226,0.7621397428946983,2.693071917921497,189.80572899999999,Ped,Car
4,19,38.17,2.87,0.0,1.11,1.295,19,16.395,0.3484319343442737,0.7014333210470679,2.856182808603905,268.796025,Ped,Car
24,21,0.23,1.67,0.0,0.0,8.601,19,167.007,0.5988020366454871,0.13472489096430154,5.124005645201894,27891.338049,Car,VRU
16,13,1.27,2.47,0.0,0.0,9.557,20,186.712,0.40485813568496526,0.07765971079705798,5.234908873354986,34861.370943999995,Car,Car
16,13,1.53,2.4,0.0,0.0,9.284,20,181.078,0.41666649305562786,0.08007598891043645,5.2044351666948625,32789.242084,Car,Car
5,12,17.14,2.63,0.0,0.0,5.85,19,110.285,0.38022799230874815,0.07707303733895782,4.712094478309599,12162.781224999999,Car,Car
16,4,85.75,2.93,0.0,0.0,14.753,20,293.824,0.3412968118440915,0.03403397940932674,5.686378568127663,86332.54297600001,Car,Ped
4,13,64.02,2.33,0.0,0.0,1.542,16,21.479,0.42918436515692476,0.3957353510063154,3.112581540050283,461.34744099999995,Ped,Car
4,18,77.44,2.37,0.0,0.0,1.985,18,30.606,0.42194075023597033,0.359406640547388,3.453346975986912,936.7272360000001,Ped,Car
18,3,57.15,2.6,0.56,0.0,13.588,19,269.82,0.38461523668644737,0.038914831966070595,5.601454393554678,72802.8324,Car,Ped
12,3,79.25,2.7,0.0,0.0,1.635,21,23.408,0.3703702331962099,0.32040326724182894,3.1949109474143684,547.934464,Car,Ped
12,4,56.16,1.77,0.0,0.0,0.97,13,9.682,0.5649714322195298,0.8262754775588228,2.3685600819175785,93.74112400000001,Car,Ped
12,2,75.38,2.63,0.56,0.0,3.154,19,54.717,0.38022799230874815,0.12793098803057573,4.020285306830416,2993.950089,Car,Ped
5,12,53.01,2.97,0.0,0.0,15.264,10,304.372,0.3367002233332581,0.027926353186474597,5.721530705542747,92642.31438400001,Ped,Car
15,2,75.68,1.77,2.22,0.0,0.769,17,5.544,0.5649714322195298,1.5331887566398348,1.8785485993004458,30.735935999999995,VRU,Ped
4,24,77.89,2.43,0.0,0.0,0.86,18,7.424,0.41152246439404755,1.8857756080582424,2.1310847748316744,55.115776000000004,Ped,Car
13,13,30.27,2.97,0.0,0.56,7.575,12,145.857,0.3367002233332581,0.08912839226688886,4.9894593241966785,21274.264449,Car,Car
13,4,57.49,2.33,0.0,0.0,1.913,13,29.132,0.42918436515692476,0.2917753572780668,3.4055877299634485,848.6734240000001,Car,Ped
5,22,52.17,2.5,0.0,0.0,1.063,14,11.614,0.399999840000064,1.1623901186163148,2.5348073082414597,134.88499600000003,Ped,Car
13,11,4.91,2.3,-0.56,0.56,3.472,18,61.261,0.43478241965981757,0.19588318512784342,4.131335226561314,3752.9101210000003,Car,VRU
4,9,63.88,2.6,0.0,0.0,1.544,18,21.515,0.38461523668644737,0.3021147895833237,3.114181753753535,462.89522500000004,Ped,Car
19,5,65.68,1.63,0.0,0.0,0.59,20,1.858,0.6134965561370822,6.458554112726527,1.0501220795076758,3.4521640000000002,Car,Ped
14,4,4.49,2.27,0.56,1.11,9.525,17,186.06,0.44052844029584126,0.04837149280677473,5.231429421006405,34618.3236,VRU,VRU
15,9,15.24,2.9,0.0,0.0,9.594,20,187.486,0.3448274673008733,0.06400477868211611,5.239023733572842,35151.00019599999,VRU,VRU
6,3,66.32,2.67,0.0,-0.56,1.393,13,18.41,0.37453169493194943,0.24443236043278865,2.9657883971809187,338.92810000000003,Car,Ped
6,3,50.79,2.53,0.56,0.0,0.937,14,9.012,0.39525676076807875,0.49933416563091815,2.303784373569528,81.21614400000001,Car,Ped
6,7,19.6,2.87,0.0,1.11,3.019,13,51.924,0.3484319343442737,0.12518295729945772,3.9688569221801644,2696.101776,Car,Car
6,2,78.46,2.87,0.0,0.0,7.483,15,143.95,0.3484319343442737,0.027787425996613924,4.976388855367665,20721.602499999997,Car,Ped
6,14,40.66,2.33,0.0,0.0,2.948,13,50.474,0.42918436515692476,0.1981218013606649,3.9410768258188833,2547.6246759999995,Car,Car
3,12,78.16,2.8,0.0,1.11,11.086,15,218.245,0.3571427295918823,0.03436504829725745,5.39018982597515,47630.880025,Ped,Car
2,17,48.77,2.97,0.0,1.11,1.1,13,12.366,0.3367002233332581,0.7682354222678779,2.5927141690888784,152.917956,Ped,Car
4,21,42.81,2.9,0.0,0.56,2.01,18,31.133,0.3448274673008733,0.40150321518956683,3.4698835394506022,969.263689,Ped,Car
4,16,89.42,1.57,0.0,0.0,1.482,14,20.241,0.6369422694635226,0.4940467124130867,3.055933276244748,409.698081,Ped,Car
4,5,87.06,2.23,0.0,0.56,2.224,13,35.541,0.44843029218372543,0.12661432917998006,3.59843491784413,1263.1626809999998,Ped,Car
15,6,83.75,1.63,-1.11,0.56,0.688,10,3.878,0.6134965561370822,2.707580529246898,1.5847352997937285,15.038884000000001,Car,Ped
1,13,88.66,1.97,0.0,0.0,6.155,17,116.577,0.5076139555259109,0.06004614924002034,4.767093438105317,13590.196929,Ped,Car
2,22,79.87,2.2,0.0,0.0,1.412,23,18.801,0.45454524793397816,0.6382638881834005,2.9857324414756574,353.47760099999994,Ped,Car
11,13,1.97,1.8,0.0,0.0,3.773,19,67.481,0.5555552469137517,0.17782783038443667,4.226556334530605,4553.685360999999,Car,Car
21,23,1.48,1.87,0.0,0.0,7.334,19,140.892,0.5347590723213517,0.15614797038761627,4.955066204845917,19850.555664,Car,Car
10,11,23.94,2.13,1.67,0.56,2.574,24,42.753,0.4694833476604002,0.24559679447999452,3.7785601818812817,1827.819009,Car,VRU
13,5,88.45,1.33,0.0,0.0,0.909,26,8.433,0.7518791339254632,1.067235732570173,2.244214179667716,71.115489,Car,Ped
13,5,58.91,2.5,0.0,0.0,1.343,24,17.387,0.399999840000064,0.517628083186974,2.9116438931717044,302.307769,Car,Ped
22,9,86.8,2.8,0.56,0.0,3.305,19,57.832,0.3571427295918823,0.26801770182567264,4.074685924558916,3344.5402240000003,Car,Car
9,12,1.28,2.73,0.0,0.0,11.045,17,217.393,0.36630023212445706,0.04829962304076202,5.386296192075045,47259.716449,Car,Car
9,12,2.45,2.93,0.0,0.0,9.031,17,175.873,0.3412968118440915,0.05970217111380274,5.175431960913078,30931.312128999998,Car,Car
3,20,76.38,1.6,0.0,0.0,0.573,19,1.499,0.6249996093752441,7.671776069528973,0.9158906518528154,2.2470010000000005,Ped,Car
5,4,75.54,1.3,0.0,1.11,0.924,20,8.733,0.7692301775152481,0.5152867840047196,2.2755221734443567,76.26528900000001,Ped,Car
16,15,1.08,2.8,0.0,0.0,8.461,19,164.129,0.3571427295918823,0.094437911067283,5.106726986621763,26938.328640999996,Car,Car
16,15,6.58,2.8,0.0,0.0,6.796,19,129.801,0.3571427295918823,0.11941356292005792,4.873677084253813,16848.299600999995,Car,Car
12,13,6.61,2.3,0.0,0.56,4.313,20,78.611,0.43478241965981757,0.15901082343424172,4.377152274257621,6179.689321000001,Car,Car
12,13,0.12,2.33,0.0,0.0,3.7,20,65.976,0.42918436515692476,0.18946283209859902,4.20433434626359,4352.832576,Car,Car
8,4,57.63,2.37,1.11,0.0,0.5,16,0.0,0.42194075023597033,6000000.0,0.0,0.0,Car,Ped
21,17,2.01,2.57,0.56,0.0,8.694,24,168.929,0.3891049069630712,0.11247328692839426,5.135380702752615,28537.007041,Car,Car
18,17,3.63,2.4,0.0,0.0,7.596,20,146.288,0.41666649305562786,0.1196270362597955,4.992389853754906,21400.178944000003,Car,Car
16,17,5.43,2.77,-1.11,0.0,7.415,18,142.559,0.36101069999613716,0.11574155180843335,4.966746100526531,20323.068481,Car,Car
17,4,69.06,2.83,0.0,0.0,11.797,22,232.891,0.353356765598316,0.04508546897438944,5.454855194867793,54238.217881,Car,Ped
13,16,37.84,2.77,0.0,0.0,9.195,21,179.244,0.36101069999613716,0.08089531543094712,5.194311488509783,32128.411536,Car,Car
12,6,41.04,2.97,0.0,0.0,3.041,20,52.378,0.3367002233332581,0.17182786338104045,3.9773986760582787,2743.454884,Car,Ped
10,3,48.91,2.67,0.0,0.56,8.72,21,169.454,0.37453169493194943,0.038358492343889834,5.138465465601021,28714.658116000002,Car,Ped
13,6,52.53,2.3,0.0,0.0,9.976,17,195.356,0.43478241965981757,0.04862916906248506,5.2799293382347585,38163.966735999995,Car,VRU
13,11,6.26,1.93,0.0,0.0,4.203,18,76.333,0.518134446562463,0.15720592460395996,4.348120772644083,5826.726889,Car,LCV
16,6,52.06,2.47,0.56,0.0,7.337,23,140.953,0.40485813568496526,0.07804019724276746,4.95549601689784,19867.748209,Car,VRU
10,16,82.56,3.0,0.56,1.67,4.034,22,72.865,0.33333322222225925,0.17841212957644784,4.302239102773571,5309.308224999999,Car,Car
10,4,81.13,3.0,0.0,0.0,2.835,25,48.143,0.33333322222225925,0.145400158997151,3.894734415290604,2317.748449,Car,Ped
12,0,85.61,2.33,0.0,0.0,3.035,20,52.271,0.42918436515692476,0.11478639944163305,3.9753920930448072,2732.257441,Car,Ped
17,12,0.73,2.13,0.0,0.0,9.616,23,187.924,0.4694833476604002,0.077158851040001,5.241344817787045,35315.429776000004,Car,Car
15,17,4.45,2.57,0.56,0.56,6.796,15,129.788,0.3891049069630712,0.12327796003268437,4.873577691695175,16844.924944000002,Car,Car
12,20,1.58,1.77,0.0,0.0,6.486,23,123.409,0.5649714322195298,0.12965018653704197,4.823574524955023,15229.781281000001,Car,VRU
10,21,3.93,2.43,0.56,0.0,6.735,19,128.541,0.41152246439404755,0.12058409285298782,4.863997433348257,16522.788680999998,Car,VRU
10,24,4.87,1.03,0.0,0.0,3.657,25,65.077,0.9708728438127731,0.26122900162532076,4.190820728666395,4235.015929,Car,VRU
10,23,0.64,1.67,0.0,-0.56,7.618,26,146.739,0.5988020366454871,0.11244454362886115,4.99544720343006,21532.334121,Car,VRU
10,24,0.25,1.83,0.0,0.56,7.519,26,144.709,0.5464477888263449,0.11747714297329714,4.981611482055263,20940.694681,Car,VRU
10,24,6.43,1.63,0.0,0.0,7.116,25,136.384,0.6134965561370822,0.12464805164353554,4.922779924681561,18600.595455999995,Car,VRU
13,10,83.83,2.87,0.0,1.11,3.522,23,62.306,0.3484319343442737,0.18457291136370638,4.14798011138801,3882.0376359999996,Car,Car
13,4,55.93,2.97,0.0,0.0,14.219,22,282.83,0.3367002233332581,0.03005338885530747,5.648375467384462,79992.80889999999,Car,Ped
6,20,78.87,2.7,0.0,0.56,14.194,20,282.308,0.3703702331962099,0.04604899596876817,5.646534645054077,79697.806864,Ped,VRU
20,3,81.88,2.87,0.0,0.56,15.066,23,300.289,0.3484319343442737,0.03829644096754646,5.70806993700648,90173.48352099999,VRU,Ped
24,6,20.25,2.77,0.0,0.0,11.952,20,236.084,0.36101069999613716,0.0635367070045547,5.468414508719269,55735.655056,VRU,Car
9,11,7.46,2.57,1.11,0.0,3.174,25,55.125,0.3891049069630712,0.18140589240080016,4.027581346062418,3038.765625,Car,Car
5,8,0.56,3.0,-0.56,0.0,3.112,23,53.851,0.33333322222225925,0.12070342016483594,4.0046204180956115,2899.930201,Car,Car
6,10,40.29,1.3,0.0,0.56,1.389,23,18.324,0.7692301775152481,0.43658587444958113,2.9613478466921603,335.76897600000007,Car,VRU
12,13,0.78,2.5,0.0,0.0,8.134,25,157.387,0.399999840000064,0.07942206103793795,5.06504140530527,24770.667769,Car,Car
12,13,7.21,2.8,0.0,0.0,5.891,27,111.139,0.3571427295918823,0.11247176857384206,4.719739173231118,12351.877321,Car,Car
21,4,78.4,1.4,0.0,0.0,0.894,26,8.132,0.7142852040819971,1.5371370465891485,2.211784728667549,66.129424,VRU,Ped
6,15,0.88,2.93,0.56,0.0,4.463,22,81.7,0.3412968118440915,0.1285189702751656,4.415219602029645,6674.89,Car,Car
15,4,69.02,1.9,0.0,0.0,1.4,25,18.561,0.5263155124655198,0.5118258438755539,2.973537788044222,344.510721,Car,Ped
15,4,83.47,2.03,0.0,0.0,14.98,23,298.503,0.49261059477310604,0.03182547568424614,5.702124434199828,89104.041009,Car,Ped
6,4,44.55,2.93,0.56,0.0,1.555,23,21.745,0.3412968118440915,0.2299379061881855,3.1243453410219675,472.845025,Car,Ped
14,3,62.2,3.0,0.0,0.56,9.831,24,192.359,0.33333322222225925,0.04418821035569841,5.264548564681399,37001.984881000004,Car,Ped
1,12,4.67,2.73,0.0,0.56,4.67,25,85.966,0.36630023212445706,0.0756112873041518,4.465517237672865,7390.153155999999,Car,Car
2,13,88.74,2.77,0.56,0.0,2.487,21,40.959,0.36101069999613716,0.18310993473693365,3.7366929510229414,1677.6396810000003,Ped,Car
13,13,1.51,2.53,0.0,0.0,7.487,25,144.048,0.39525676076807875,0.09024769458619561,4.977064722123508,20749.826304000002,Car,Car
13,13,0.1,2.93,0.0,0.0,9.573,21,187.036,0.3412968118440915,0.06950533549955444,5.236633433859904,34982.465296,Car,Car
13,13,3.81,2.5,0.0,0.0,6.244,20,118.423,0.399999840000064,0.10977597164591361,4.782671812223507,14024.006929000001,Car,Car
12,12,4.09,2.67,0.0,0.0,3.815,19,68.35,0.37453169493194943,0.17556693232528264,4.239166146760841,4671.722499999999,Car,Car
13,13,0.25,2.6,0.0,0.0,9.241,20,180.198,0.38461523668644737,0.07214286467029121,5.199590356020371,32471.319204000003,Car,Car
10,2,16.77,1.6,0.56,-1.11,4.528,23,83.041,0.6249996093752441,0.07225346428567257,4.431304775001674,6895.807680999999,VRU,Car
10,4,75.57,2.47,0.0,0.0,2.105,26,33.086,0.40485813568496526,0.21156984187965178,3.528886742803045,1094.683396,Car,Ped
10,19,35.82,1.87,0.0,0.56,5.253,24,97.976,0.5347590723213517,0.14799542594109347,4.5948773965026595,9599.296576,Car,VRU
6,10,36.11,2.83,0.0,1.11,0.761,31,5.388,0.353356765598316,1.4847807192314924,1.854421230352766,29.030544,Car,Car
6,4,58.21,2.73,0.0,0.0,1.018,28,10.675,0.36630023212445706,0.46838403106472776,2.4574498035549612,113.95562500000001,Car,Ped
12,12,63.88,2.73,0.0,0.56,5.617,20,105.492,0.36630023212445706,0.11375270054835722,4.668069864957137,11128.562064000002,VRU,Car
16,16,3.63,2.0,0.0,0.0,5.666,27,106.507,0.499999750000125,0.15022486643859215,4.6775559617268145,11343.741049,Car,Car
16,14,0.89,1.53,0.0,0.0,3.937,24,70.851,0.6535943440559843,0.21171189945502678,4.274594530312663,5019.864201,Car,Car
16,14,0.95,1.53,0.0,0.0,4.171,25,75.673,0.6535943440559843,0.19822129163345856,4.339549625538828,5726.402929,Car,Car
16,14,1.02,1.57,0.0,0.0,4.342,24,79.207,0.6369422694635226,0.18937719911905265,4.384610792859146,6273.748848999999,Car,Car
16,14,1.01,1.57,0.0,0.0,4.342,24,79.207,0.6369422694635226,0.18937719911905265,4.384610792859146,6273.748848999999,Car,Car
16,14,1.03,1.57,0.0,0.0,4.342,24,79.207,0.6369422694635226,0.18937719911905265,4.384610792859146,6273.748848999999,Car,Car
16,14,1.02,1.53,0.0,0.0,4.216,25,76.597,0.6535943440559843,0.19583012133856262,4.351528766648049,5867.100408999999,Car,Car
15,14,3.49,1.83,0.56,0.0,2.663,27,44.584,0.5464477888263449,0.3252287743309534,3.8195567777555524,1987.7330560000003,Car,Car
4,22,89.8,2.53,0.0,0.56,2.707,25,45.503,0.39525676076807875,0.28569544237313055,3.839516826641267,2070.523009,Ped,VRU
4,11,66.62,2.6,0.0,-0.56,1.576,23,22.179,0.38461523668644737,0.338157701512345,3.14324669634254,491.9080409999999,Ped,Car
1,12,60.3,2.57,0.0,0.0,0.909,21,8.431,0.3891049069630712,0.7709642069785072,2.2440021355617477,71.08176099999999,Ped,Car
14,15,0.29,2.27,0.0,0.0,3.492,23,61.685,0.44052844029584126,0.23506524706062662,4.1381221845679885,3805.0392250000004,Car,Car
14,15,1.65,1.97,0.0,0.0,3.222,27,56.125,0.5076139555259109,0.2583518884926167,4.045241849214369,3150.015625,Car,Car
15,15,0.79,2.53,0.0,0.0,6.735,22,128.54,0.39525676076807875,0.11669519125023191,4.863989713754771,16522.5316,Car,Car
15,15,3.05,2.27,0.0,0.0,5.623,27,105.623,0.44052844029584126,0.14201452200737982,4.669299248308842,11156.218129,Car,Car
13,14,3.61,2.87,-1.11,0.0,9.688,19,189.414,0.3484319343442737,0.07127245044573026,5.249200649065875,35877.663395999996,Car,Car
15,15,3.0,2.9,0.0,0.0,10.654,19,209.332,0.3448274673008733,0.07165650702397862,5.3486872347087955,43819.886223999994,Car,Car
17,1,64.56,2.97,0.56,0.0,2.304,24,37.194,0.3367002233332581,0.2419745055123271,3.6426784352132224,1383.3936360000002,VRU,Ped
17,3,80.57,1.4,1.11,0.0,1.41,24,18.759,0.7142852040819971,0.5330774277372233,2.98360908375168,351.900081,VRU,Ped
15,2,87.09,1.73,0.0,0.0,1.05,25,11.34,0.5780343479570244,0.7495590167937376,2.5128460184772416,128.5956,Car,Ped
15,17,1.41,2.73,0.0,0.0,7.386,24,141.962,0.36630023212445706,0.11270621636278572,4.9625788606805665,20153.209443999996,Car,Car
15,5,51.14,2.2,0.0,0.0,0.994,25,10.183,0.45454524793397816,0.9820287752107656,2.4143947680460514,103.693489,Car,Ped
13,12,3.78,2.87,0.56,1.67,13.735,26,272.844,0.3484319343442737,0.04581372489109629,5.61255860118507,74443.848336,Car,Car
12,9,3.57,2.87,0.0,0.0,14.031,27,278.949,0.3484319343442737,0.037641289132991015,5.634607443722082,77812.544601,Car,Car
14,3,79.22,1.97,0.56,0.0,0.935,23,8.959,0.5076139555259109,0.9487664975146226,2.2984766649495025,80.26368099999999,Car,Ped
14,5,85.42,2.5,1.11,0.0,9.696,23,189.576,0.399999840000064,0.05011182823716173,5.250051065138545,35939.059775999995,Car,VRU
14,5,69.69,2.63,0.0,0.0,12.272,24,242.684,0.38022799230874815,0.039145555375939264,5.495872303982581,58895.523856,Car,Ped
11,3,77.21,2.73,0.56,0.0,1.671,25,24.144,0.36630023212445706,0.28992709203416617,3.2246192994952665,582.932736,Car,Ped
13,5,62.76,2.13,0.56,0.0,1.639,24,23.476,0.4694833476604002,0.3833702341382589,3.197693045600294,551.122576,Car,Ped
8,4,28.11,2.97,0.56,0.0,1.881,24,28.463,0.3367002233332581,0.21079997854056218,3.383135238843747,810.142369,Car,Ped
8,4,62.19,2.27,0.0,0.0,1.822,25,27.262,0.44052844029584126,0.2200865593101548,3.3415181461605545,743.216644,Car,Ped
3,22,88.07,2.7,0.0,0.0,2.574,18,42.761,0.3703702331962099,0.29232243651171774,3.778743009772186,1828.5031210000002,Ped,Car
4,12,30.79,2.17,0.0,0.0,0.952,21,9.323,0.4608292807238338,0.8580927965147703,2.334374415483453,86.91832900000001,Ped,Car
1,15,56.45,1.83,0.0,0.0,7.208,17,138.292,0.5464477888263449,0.05784860976883254,4.936572449129415,19124.677264,Ped,Car
5,14,75.51,2.67,0.0,0.0,7.419,22,142.641,0.37453169493194943,0.0666007664934993,4.967317131182716,20346.454880999998,Ped,Car
10,3,73.11,2.4,0.0,0.0,1.537,20,21.368,0.41666649305562786,0.3041931718367104,3.1076313660514,456.59142399999996,Car,Ped
10,4,79.63,2.27,0.0,0.0,1.75,22,25.764,0.44052844029584126,0.2716969309231124,3.2870577009205704,663.783696,Car,Ped
2,11,1.61,2.5,0.0,0.0,4.122,14,74.666,0.399999840000064,0.08705434753362512,4.326328918201792,5575.0115559999995,Car,Car
4,12,0.2,2.3,0.0,0.56,3.297,17,57.663,0.43478241965981757,0.13873714273039658,4.0718092044168355,3325.0215689999995,Car,Car
8,19,89.23,2.3,0.0,0.56,2.582,21,42.931,0.43478241965981757,0.3144580765773433,3.78262022121597,1843.0707609999997,Car,Car
14,12,26.7,2.5,1.11,0.0,7.159,21,137.269,0.399999840000064,0.0947045575133165,4.929201063147572,18842.778361,Car,Car
10,3,82.06,2.23,0.0,0.56,2.92,18,49.893,0.44843029218372543,0.13027879401361325,3.9297253895411512,2489.3114490000003,Car,Car
9,11,17.48,2.87,0.56,0.0,3.0,35,51.546,0.3484319343442737,0.1940014706475484,3.961688976442966,2656.990116,Car,Car
12,7,38.84,2.73,0.56,0.0,3.148,31,54.592,0.36630023212445706,0.17401816797299663,4.018039306012026,2980.286464,Car,Car
15,3,83.77,2.0,1.67,0.0,1.147,31,13.338,0.499999750000125,0.6747637820689922,2.6629133554306805,177.90224399999997,Car,Ped
3,5,75.46,2.07,0.0,1.11,1.191,20,14.238,0.4830915540620512,0.2809383143040937,2.7237923080508177,202.720644,Ped,Car
3,19,61.55,1.6,0.0,0.0,0.5,17,0.0,0.6249996093752441,11000000.0,0.0,0.0,Ped,Car
12,1,66.83,2.53,0.0,0.56,13.126,22,260.288,0.39525676076807875,0.024972338236982347,5.565623247246989,67749.842944,Car,Ped
9,13,22.84,2.73,1.11,1.11,2.908,21,49.646,0.36630023212445706,0.2215687019786347,3.924860254229638,2464.725316,Car,Car
19,26,4.29,2.97,0.0,0.0,14.042,20,279.178,0.3367002233332581,0.08059374277130095,5.635425115474234,77940.355684,Car,VRU
9,5,17.99,2.17,0.0,0.0,3.553,37,62.937,0.4608292807238338,0.11122233167735464,4.157898223544415,3961.0659689999998,Car,Car
5,9,8.25,2.83,1.11,-1.11,3.746,21,66.922,0.353356765598316,0.10459938279490479,4.218359987977093,4478.554083999999,Car,Car
10,3,59.28,1.57,1.11,0.0,0.912,37,8.487,0.6369422694635226,0.765877133748423,2.2499224404107396,72.029169,Car,Ped
15,9,12.66,2.6,1.11,-0.56,2.786,22,47.13,0.38461523668644737,0.25461488956896056,3.873905683315018,2221.2369000000003,Car,Car
16,16,7.88,1.7,0.0,0.0,6.533,31,124.37,0.5882349480970894,0.12864838684048896,4.831269365127934,15467.896900000002,Car,VRU
16,19,4.86,3.0,0.0,0.0,15.584,31,310.958,0.33333322222225925,0.05627769648544917,5.742868563363403,96694.87776400002,Car,Car
12,7,73.61,1.9,0.0,0.56,2.221,32,35.481,0.5263155124655198,0.26774892850401827,3.5967915771111225,1258.9013610000002,Car,VRU
16,19,3.14,1.47,0.0,0.0,6.326,32,120.112,0.6802716460737102,0.14569734792778952,4.796715737309578,14426.892543999998,VRU,Car
19,17,1.12,2.37,0.0,0.0,12.438,32,246.102,0.42194075023597033,0.0731404049006493,5.509801206850923,60566.194404,Car,Car
8,8,56.86,1.7,0.0,1.67,5.588,28,104.885,0.5882349480970894,0.07627401366950456,4.662353599515545,11000.863225000001,Car,VRU
14,5,42.67,2.17,0.0,1.11,3.638,31,64.687,0.4608292807238338,0.14686103626909525,4.184901036809912,4184.407969,Car,VRU
11,1,81.69,2.7,-1.11,0.0,2.197,32,34.986,0.3703702331962099,0.17149716539481036,3.583129973930327,1224.0201959999997,Car,Ped
5,3,86.86,2.3,0.0,0.0,0.5,29,0.0,0.43478241965981757,4000000.0,0.0,0.0,Car,Ped
5,3,54.8,2.77,0.0,0.0,1.934,29,29.567,0.36101069999613716,0.13528595612385577,3.419920995660258,874.207489,Car,Ped
4,21,54.9,3.0,0.0,0.0,2.084,33,32.663,0.33333322222225925,0.3826960051833572,3.5163993113508387,1066.8715689999997,Car,Car
8,3,48.04,2.67,1.67,0.0,1.338,32,17.269,0.37453169493194943,0.31848976093058307,2.9052056343544326,298.21836099999996,Car,Ped
4,13,5.95,2.6,0.56,-0.56,4.289,36,78.117,0.38461523668644737,0.10881114086804228,4.3709277695076185,6102.265689000001,Car,Car
9,15,1.34,1.8,0.0,0.0,5.292,30,98.794,0.5555552469137517,0.12146486505795023,4.603108061269643,9760.254436,Car,Car
9,3,81.41,2.93,0.0,0.56,2.109,32,33.18,0.3412968118440915,0.18083182095142192,3.5316406776874447,1100.9124,Car,Ped
14,19,1.32,2.37,0.0,0.0,9.625,39,188.114,0.42194075023597033,0.08771276944984015,5.242350007826132,35386.876996,Car,Car
14,16,1.31,2.4,0.0,-1.67,9.531,38,186.175,0.41666649305562786,0.08056935635520689,5.232044008116749,34661.130625000005,Car,Car
14,19,0.95,2.4,0.0,0.0,9.602,39,187.635,0.41666649305562786,0.0879366851177196,5.239813930924637,35206.893225,Car,Car
7,9,2.23,2.43,0.0,0.0,7.763,29,149.732,0.41152246439404755,0.053428792419597734,5.015503425493116,22419.671824,Car,Car
7,9,8.45,2.93,0.0,0.0,3.821,28,68.46,0.3412968118440915,0.11685655686741811,4.240751047315928,4686.771599999999,Car,Car
7,9,0.99,2.77,0.0,0.0,9.874,29,193.241,0.36101069999613716,0.0413990817611217,5.269099656128063,37342.08408100001,Car,Car
7,9,3.3,2.87,0.0,0.0,5.596,24,105.051,0.3484319343442737,0.0761534866288423,4.663920110480614,11035.712601000001,Car,Car
11,8,31.75,2.07,0.56,0.0,2.577,37,42.822,0.4830915540620512,0.22184857732360522,3.7801359743854888,1833.7236840000003,VRU,Car
11,6,5.79,2.33,0.0,0.56,3.198,36,55.63,0.42918436515692476,0.1527952516125247,4.036538880125714,3094.6969000000004,Car,Car
11,6,6.16,2.33,0.0,0.56,3.211,35,55.88,0.42918436515692476,0.15211166513758653,4.040943785494986,3122.5744000000004,Car,Car
3,17,33.98,2.17,0.56,0.56,1.555,38,21.757,0.4608292807238338,0.45962216943410533,3.124872790377082,473.36704900000007,Ped,VRU
7,11,4.15,2.5,0.0,0.0,3.663,28,65.197,0.399999840000064,0.13804315937783704,4.192635144695562,4250.648809,Car,Car
3,16,43.19,1.37,0.0,0.56,5.798,37,109.23,0.7299264745062229,0.08697244267167956,4.702569091975224,11931.1929,Ped,VRU
10,11,3.39,3.0,0.0,0.0,7.546,26,145.254,0.33333322222225925,0.07228716543236562,4.9853448361653,21098.724516,Car,Car
6,9,3.4,2.83,0.0,0.0,5.052,29,93.843,0.353356765598316,0.07992071779545924,4.552222892919607,8806.508649000001,Car,Car
5,4,50.95,2.27,0.0,0.0,1.555,33,21.74,0.44052844029584126,0.2069917108099489,3.12412548832239,472.6275999999999,Car,Ped
7,9,0.13,2.63,0.0,0.0,9.745,33,190.59,0.38022799230874815,0.04197491976507204,5.255357672107901,36324.5481,Car,Car
7,9,5.01,2.77,0.0,0.0,7.818,35,150.873,0.36101069999613716,0.053024729056725006,5.023044645283824,22762.662128999997,Car,Car
7,11,1.23,2.43,0.0,0.0,8.395,33,162.752,0.41152246439404755,0.05529885927485463,5.0983530881812325,26488.213504000003,Car,Car
4,2,49.16,2.4,0.56,0.56,2.064,25,32.249,0.41666649305562786,0.09302613746081623,3.5040246914616255,1039.9980010000002,Car,Ped
7,5,77.97,2.63,0.0,0.0,1.796,29,26.727,0.38022799230874815,0.22449207825449627,3.322406667695093,714.332529,Car,Ped
9,7,60.42,2.33,0.0,0.0,4.011,27,72.379,0.42918436515692476,0.11052929564474094,4.295637791142809,5238.719641000001,Car,VRU
1,11,42.3,2.33,-1.11,0.0,8.294,37,160.669,0.42918436515692476,0.037343855769663994,5.08555103515491,25814.527561000003,Ped,Car
9,5,60.85,2.67,0.56,0.0,2.98,29,51.123,0.37453169493194943,0.1369246691914663,3.9536063100782886,2613.5611289999997,Car,Ped
11,1,65.18,1.77,0.0,0.0,0.735,33,4.838,0.5649714322195298,1.2401816370025553,1.764388272431923,23.406244,Car,Ped
10,4,36.93,2.4,0.56,0.0,2.402,31,39.218,0.41666649305562786,0.178489464570109,3.6943146566038756,1538.0515240000002,Car,Ped
4,24,13.63,2.1,-0.56,1.11,1.226,38,14.971,0.47619024943321453,0.9351412106645375,2.7707745776741723,224.130841,Ped,VRU
5,24,20.13,2.9,0.0,1.11,1.828,35,27.368,0.3448274673008733,0.5298158239617136,3.345261749331852,749.0074239999999,Ped,VRU
3,5,89.15,2.03,0.0,0.56,0.561,31,1.264,0.49261059477310604,3.164554458422106,0.8171331603409365,1.597696,Car,Ped
5,14,84.51,1.8,0.0,0.0,2.332,35,37.764,0.5555552469137517,0.25156232783703186,3.6574919808723036,1426.1196960000002,Ped,VRU
5,2,23.4,2.93,0.0,0.0,0.505,30,0.098,0.3412968118440915,35.71392128651748,0.0934903430873389,0.009604000000000001,Car,Ped
6,5,34.98,2.67,0.56,0.0,1.707,30,24.881,0.37453169493194943,0.22105219962814196,3.2535091087625516,619.064161,Car,Ped
6,5,88.47,2.87,0.0,0.56,1.484,31,20.294,0.3484319343442737,0.27101605050674826,3.0584253428924146,411.84643600000004,Car,Ped
5,4,67.72,1.6,0.0,0.0,0.5,29,0.0,0.6249996093752441,4500000.0,0.0,0.0,Car,Ped
4,5,69.7,3.0,0.0,0.0,1.804,32,26.872,0.33333322222225925,0.16746054750444522,3.327622600670092,722.104384,Ped,Car
4,7,13.93,2.63,0.56,0.56,3.117,31,53.955,0.38022799230874815,0.10193679729521274,4.006514668520864,2911.1420249999996,Car,Car
4,25,56.42,1.43,0.0,1.11,0.873,34,7.686,0.6993002102795733,1.8865467230618367,2.16171253411263,59.074596,Ped,VRU
7,14,18.6,2.8,0.0,0.0,7.604,18,146.456,0.3571427295918823,0.07169388709445919,4.993529826193317,21449.359935999997,Car,Car
25,6,36.27,2.57,0.0,0.0,3.919,32,70.478,0.3891049069630712,0.21992678254310877,4.269389710045279,4967.148483999999,VRU,Ped
4,8,60.12,1.77,1.67,2.78,1.081,27,11.988,0.5649714322195298,0.5005004587503789,2.5640258542405996,143.712144,LCV,VRU
4,2,41.74,1.7,0.0,-2.22,0.939,29,9.059,0.5882349480970894,0.3311623433974674,2.308467756152201,82.06548099999999,Ped,Car
15,0,48.72,2.43,0.0,0.0,12.698,34,251.473,0.41152246439404755,0.029824275250924452,5.531304312304851,63238.66972900001,Car,Ped
12,5,81.14,1.83,1.67,0.0,5.145,33,95.756,0.5464477888263449,0.08876728258524497,4.572192345490885,9169.211536,Car,Ped
4,17,78.53,2.77,0.0,0.56,9.942,33,194.642,0.36101069999613716,0.05394519140809696,5.276286458477214,37885.508164,Ped,Car
1,5,87.51,2.2,0.0,0.0,2.739,27,46.163,0.45454524793397816,0.06498710948189873,3.8536096868774865,2131.0225689999997,VRU,Ped
17,18,13.02,2.67,0.0,0.0,16.305,27,325.819,0.37453169493194943,0.053710802458693925,5.789406500830695,106158.020761,VRU,VRU
17,4,74.33,1.8,0.0,0.0,12.825,27,254.093,0.5555552469137517,0.04132345227407504,5.5416281845517545,64563.252648999995,VRU,Ped
9,12,16.48,2.57,0.0,0.0,3.235,30,56.382,0.3891049069630712,0.1862296444569252,4.049730665296082,3178.9299239999996,LCV,Car
8,8,57.78,2.6,1.11,0.0,3.8,24,68.03,0.38461523668644737,0.11759517686909927,4.234541192715384,4628.0809,LCV,Car
2,10,58.64,2.4,0.0,0.0,1.823,30,27.27,0.41666649305562786,0.22002199413194007,3.341801171705499,743.6528999999999,Ped,Car
7,10,4.03,2.7,0.0,0.0,5.95,29,112.351,0.3703702331962099,0.0756557567297509,4.730489199146647,12622.747201,Car,Car
15,4,83.27,2.97,-1.11,0.0,9.864,29,193.039,0.3367002233332581,0.049212853106300525,5.268059169787154,37264.055520999995,Car,Ped
12,11,30.44,2.47,0.0,0.0,4.76,30,87.823,0.40485813568496526,0.13094519509758043,4.486645625470091,7712.8793289999985,Car,VRU
7,10,52.22,1.8,0.0,0.0,2.402,32,39.202,0.5555552469137517,0.2168256666285989,3.6939167456312045,1536.7968039999998,Car,Car
7,4,73.62,1.83,0.0,0.0,2.085,31,32.666,0.5464477888263449,0.168370777922893,3.51648842599689,1067.0675559999997,Car,Ped
7,5,45.89,2.23,0.0,0.0,1.902,31,28.893,0.44843029218372543,0.20766274849746483,3.397624339275373,834.8054490000001,Car,Ped
7,1,61.39,1.47,0.0,0.0,5.154,31,95.953,0.6802716460737102,0.04168707552982111,4.574226324995368,9206.978209,Car,Ped
13,9,49.87,2.3,0.0,0.0,0.5,29,0.0,0.43478241965981757,11000000.0,0.0,0.0,Car,VRU
13,12,1.27,2.63,0.0,0.0,7.943,25,153.45,0.38022799230874815,0.08145975834825835,5.039870419364591,23546.902499999997,Car,Car
5,12,68.12,2.2,0.0,0.0,1.302,30,16.526,0.45454524793397816,0.5143410072406507,2.863685492633659,273.108676,Car,Car
3,10,79.43,1.87,0.0,0.0,0.761,23,5.377,0.5347590723213517,1.208852295173462,1.8526977673331346,28.912128999999997,Ped,Car
15,17,0.03,2.7,0.0,-0.56,5.798,30,109.219,0.3703702331962099,0.14649465618166568,4.702469295650368,11928.789960999999,Car,Car
12,13,0.91,2.53,1.11,0.56,8.251,33,159.793,0.39525676076807875,0.07822620466336945,5.080117823458997,25533.802849000003,Car,Car
15,17,0.12,2.73,0.0,0.0,5.62,28,105.541,0.36630023212445706,0.15159985075373694,4.668529887590852,11138.902681,Car,Car
9,8,7.77,2.3,0.0,0.0,1.876,25,28.372,0.43478241965981757,0.299591135641085,3.380041839589364,804.970384,Car,Ped
7,15,64.3,2.33,0.0,0.0,2.347,25,38.084,0.42918436515692476,0.28883519880172254,3.6657131760820967,1450.3910560000002,Car,VRU
4,10,65.55,2.17,0.0,0.0,1.329,26,17.096,0.4608292807238338,0.409452479559401,2.8956909193737648,292.273216,Ped,Car
4,12,85.34,2.13,0.0,0.0,1.731,32,25.386,0.4694833476604002,0.3151343135927553,3.2728335664615846,644.448996,Ped,Car
4,18,78.69,1.37,0.0,1.67,2.117,29,33.335,0.7299264745062229,0.329983490925949,3.5361652420726397,1111.222225,Ped,VRU
4,17,83.38,1.73,0.0,0.0,1.6,31,22.668,0.5780343479570244,0.4632080261510488,3.1641239248144477,513.838224,Ped,Car
10,5,74.27,2.5,0.0,0.0,6.327,29,120.134,0.399999840000064,0.062430285660759775,4.796897370856142,14432.177956,Car,Ped
7,13,23.46,2.8,-1.11,-0.56,4.196,30,76.19,0.3571427295918823,0.13125081859494922,4.346269914961763,5804.9160999999995,Car,VRU
11,12,2.0,2.43,0.0,0.0,4.111,30,74.449,0.41152246439404755,0.1544681573363221,4.323456931315555,5542.653601,Car,Car
11,12,0.6,2.4,0.0,0.0,4.53,29,83.072,0.41666649305562786,0.13843412776345668,4.431673574563296,6900.957184000001,Car,Car
11,10,3.03,2.23,0.0,0.0,6.977,24,133.535,0.44843029218372543,0.07863106991701749,4.901824388238076,17831.596224999998,Car,Car
8,3,79.59,2.27,-0.56,0.0,1.157,30,13.554,0.44052844029584126,0.4057842403877645,2.6778658699248945,183.710916,Car,Ped
12,11,0.12,2.6,0.0,0.0,5.475,26,102.555,0.38461523668644737,0.11213495088357514,4.640102872528114,10517.528025000001,Car,Car
9,10,17.31,2.97,0.56,0.56,2.234,23,35.743,0.3367002233332581,0.26578630037248413,3.603947731325476,1277.5620490000001,Car,Car
4,3,57.31,2.17,0.0,1.11,0.808,26,6.359,0.4608292807238338,0.5504009198929203,1.995924053944462,40.436881,Ped,Car
8,8,1.42,2.0,0.0,0.0,3.435,19,60.497,0.499999750000125,0.1322379600271425,4.1189883931348605,3659.887009,Car,Car
8,8,5.38,2.63,0.0,0.0,2.67,15,44.743,0.38022799230874815,0.17879891427041295,3.823038774550519,2001.9360490000001,Car,Car
8,8,2.19,1.77,0.0,0.0,5.076,27,94.346,0.5649714322195298,0.08479426700873098,4.5575123804585544,8901.167716,Car,Car
8,8,10.97,2.5,0.0,0.0,2.336,16,37.847,0.399999840000064,0.21137738231887912,3.6596308537548126,1432.3954090000002,Car,Car
17,12,1.09,1.87,0.0,0.0,4.749,28,87.595,0.5347590723213517,0.1655345605852553,4.484075422610033,7672.884024999999,Car,Car
9,11,53.45,1.9,2.22,0.0,3.196,25,55.577,0.5263155124655198,0.17993054357143165,4.035602542198338,3088.802929,VRU,Car
12,3,67.16,2.27,0.0,0.0,1.779,27,26.362,0.44052844029584126,0.2845004064752141,3.3091551894979223,694.9550439999999,Car,Ped
12,11,6.4,2.6,0.0,0.56,4.43,21,81.015,0.38461523668644737,0.14194902003395643,4.406902157364449,6563.430225,Car,Car
12,10,13.08,2.63,0.56,0.56,3.872,22,69.512,0.38022799230874815,0.15824605595802083,4.255782908099631,4831.918144,Car,Car
3,4,54.48,2.5,0.56,0.0,2.246,24,35.999,0.399999840000064,0.09722492021375816,3.610890885251961,1295.9280010000002,Car,Ped
2,21,79.01,2.23,0.0,0.56,1.073,19,11.822,0.44843029218372543,0.9727625636303027,2.5511624455650654,139.759684,Ped,VRU
3,13,87.41,2.27,0.0,0.0,1.462,23,19.827,0.44052844029584126,0.4034901697942114,3.0362502218568794,393.1099290000001,Ped,Car
8,13,26.25,2.87,0.0,-0.56,4.398,19,80.355,0.3484319343442737,0.13067014957787132,4.398822294591282,6456.926025000001,Car,Car
14,7,73.49,2.33,0.0,0.0,3.319,20,58.115,0.42918436515692476,0.18067624226660514,4.079484699315077,3377.3532250000003,Car,VRU
6,23,41.2,2.17,0.0,1.11,2.2,17,35.05,0.4608292807238338,0.41369471002297553,3.584906863730958,1228.5024999999998,Ped,Car
13,8,7.38,2.53,0.0,0.0,4.442,26,81.267,0.39525676076807875,0.1292037342438661,4.409970055218771,6604.325288999999,Car,Car
3,18,81.13,2.17,0.0,-0.56,1.242,28,15.293,0.4608292807238338,0.6865885904277389,2.7907355677208177,233.875849,Ped,Car
4,22,77.9,1.8,0.0,0.0,2.155,26,34.115,0.5555552469137517,0.38106403690271035,3.558628389610984,1163.833225,Ped,VRU
3,22,76.93,1.6,0.0,0.0,0.5,20,0.0,0.6249996093752441,12500000.0,0.0,0.0,Ped,Car
16,20,19.3,2.6,0.0,0.0,6.369,22,120.994,0.38461523668644737,0.14876770626008146,4.803971863195995,14639.548036,Car,Car
10,15,59.14,1.87,1.67,0.0,4.036,23,72.893,0.5347590723213517,0.1714842279576334,4.302618100869582,5313.389449,Car,Car
6,17,84.94,2.53,0.56,0.0,3.953,27,71.177,0.39525676076807875,0.16156904391068683,4.27912143559112,5066.165329000001,Car,Car
3,25,74.04,2.7,0.0,1.11,1.474,25,20.085,0.3703702331962099,0.6970375555370896,3.0485618871985234,403.40722500000004,Ped,Car
13,3,84.55,2.27,0.0,0.0,1.159,27,13.577,0.44052844029584126,0.5892317456557601,2.6794449440918755,184.334929,Car,Ped
11,15,85.93,3.0,0.0,0.0,5.084,20,94.495,0.33333322222225925,0.1375734151270076,4.559073890095118,8929.305025000001,Car,Car
3,8,21.58,2.97,0.0,-0.56,1.338,25,17.283,0.3367002233332581,0.3182317700496574,2.905971666346368,298.70208900000006,Car,Car
11,3,87.15,2.77,0.0,0.0,2.295,23,37.001,0.36101069999613716,0.1891840709931064,3.6376124751696053,1369.0740009999997,Car,Ped
20,15,0.2,2.4,0.0,0.0,11.449,28,225.712,0.41666649305562786,0.07753243036465748,5.423680489504709,50945.906943999995,Car,Car
14,4,64.23,1.73,-0.56,0.0,0.535,26,0.712,0.5780343479570244,12.640431684786959,0.5376622777195503,0.506944,Car,Ped
2,20,78.44,1.87,0.0,0.0,2.217,27,35.401,0.5347590723213517,0.31072567693777925,3.5945962467928045,1253.2308010000002,Ped,VRU
20,3,79.03,2.3,0.0,0.0,2.59,28,43.095,0.43478241965981757,0.26685229685921114,3.786346397340144,1857.179025,VRU,Ped
22,5,68.05,1.4,0.0,1.11,1.184,24,14.104,0.7142852040819971,0.9571752015615995,2.7149596094031447,198.92281599999998,VRU,Ped
20,3,81.35,2.5,0.0,0.0,2.877,28,49.005,0.399999840000064,0.23466992685093507,3.9121230004284793,2401.490025,VRU,Ped
3,17,83.37,2.67,0.0,0.0,2.286,25,36.819,0.37453169493194943,0.27159889536383675,3.6328116218442523,1355.6387610000002,Ped,Car
5,20,70.67,2.83,0.56,0.0,3.112,26,53.84,0.353356765598316,0.23216938647530858,4.004419854694114,2898.7456,Ped,Car
3,27,86.48,1.9,0.0,0.0,0.883,25,7.887,0.5263155124655198,1.901863585410982,2.184589534756338,62.20476899999999,Ped,Car
3,17,85.49,2.47,0.0,0.0,1.681,26,24.348,0.40485813568496526,0.4107113351933902,3.2326998314612707,592.8251039999999,Ped,Car
22,9,88.2,2.7,0.0,0.56,2.433,26,39.841,0.3703702331962099,0.3890464499122399,3.7096864787949295,1587.3052810000002,Car,Car
4,23,89.51,1.0,0.56,0.56,1.122,16,12.831,0.9999990000010001,1.0521392680119035,2.6269124496425706,164.634561,Ped,VRU
17,20,3.29,0.8,0.0,0.0,1.592,18,22.508,1.249998437501953,0.8219299439341592,3.157340788750404,506.61006399999997,Car,VRU
5,20,88.41,0.73,0.0,0.0,0.664,16,3.382,1.3698611371765244,3.696036754572219,1.4775052411732748,11.437924,Ped,VRU
22,4,56.72,1.0,0.0,1.11,0.789,25,5.963,0.9999990000010001,2.180110316936053,1.9406104159604096,35.557369,VRU,Ped
4,23,81.1,0.93,1.11,-1.11,0.792,11,7.236,1.075267661002515,1.8656713839591785,2.108514789165543,52.359696,Ped,VRU
14,3,65.39,2.17,0.56,0.0,0.715,13,5.321,0.4608292807238338,1.5974437892419115,1.8438774234901616,28.313041,Car,Ped
14,5,76.5,1.73,0.0,0.0,0.684,14,4.555,0.5780343479570244,2.085619739710266,1.7146984230915934,20.748025,Car,Ped
7,3,33.67,2.8,0.0,0.0,1.572,25,26.535,0.3571427295918823,0.18843036787524522,3.3154579227144447,704.106225,Car,Ped
14,22,83.13,2.2,0.0,-0.56,9.498,13,222.713,0.45454524793397816,0.08082150534175596,5.410363980352484,49601.080368999996,Car,VRU
24,23,1.33,2.7,0.0,0.0,12.89,13,306.673,0.3703702331962099,0.07662885198035414,5.7290375306716275,94048.328929,Car,Car
6,12,12.22,1.77,0.0,0.0,2.115,12,39.969,0.5649714322195298,0.22517450461171146,3.7128156831574066,1597.5209610000002,Car,VRU
23,3,89.01,2.73,0.0,0.0,1.31,13,20.039,0.36630023212445706,0.6487349344410931,3.046377858222883,401.5615210000001,Car,Ped
12,3,74.6,2.5,1.11,0.0,1.472,21,24.068,0.399999840000064,0.3116170719786824,3.2215921323624293,579.268624,Car,Ped
7,5,89.21,1.87,0.56,0.0,0.921,20,10.414,0.5347590723213517,0.5761474384340851,2.4348406721145164,108.45139599999999,Car,Ped
16,3,87.72,2.6,1.67,0.0,1.964,22,36.235,0.38461523668644737,0.26217744550358923,3.617249179162609,1312.975225,Car,Ped
4,12,31.98,2.37,0.0,0.56,1.306,15,19.962,0.42194075023597033,0.4007614266726066,3.0427112747479854,398.481444,Ped,Car
5,18,64.7,1.93,0.0,3.33,2.506,12,49.659,0.518134446562463,0.2315793666489586,3.925116904939304,2466.0162809999997,Ped,VRU
4,16,86.85,2.03,0.0,0.0,1.06,25,13.858,0.49261059477310604,0.7216047971132344,2.6985384407296147,192.04416400000002,Ped,Car
4,11,60.84,1.93,0.0,0.0,0.5,27,0.0,0.518134446562463,7500000.0,0.0,0.0,Ped,Car
2,22,74.2,2.8,0.56,0.0,1.491,16,24.538,0.3571427295918823,0.48903739143217084,3.2401675390024893,602.113444,Ped,Car
3,9,27.7,2.3,0.0,0.56,1.239,12,18.28,0.43478241965981757,0.3282275531604183,2.9590682891823996,334.15840000000003,Ped,Car
3,29,73.18,1.5,0.0,0.0,1.363,26,21.373,0.6666662222225186,0.7486080218683374,3.1078548746909394,456.805129,Ped,VRU
3,4,88.29,2.1,0.0,0.56,1.85,33,33.422,0.47619024943321453,0.10472143783371919,3.538695894847789,1117.0300839999998,Ped,Car
3,13,89.24,2.63,0.0,1.11,5.015,32,111.762,0.38022799230874815,0.07158067973389275,4.725279402874711,12490.744644,Ped,Car
4,29,56.33,2.43,0.0,0.0,25.282,30,613.412,0.41152246439404755,0.026898723815480093,6.42066571289273,376274.28174400004,Ped,VRU
1,12,12.24,1.4,0.0,0.0,2.497,20,49.439,0.7142852040819971,0.13147514853708311,3.920764685364901,2444.214721,Car,Car
8,6,38.42,2.2,0.0,0.0,2.495,15,49.389,0.45454524793397816,0.14173196173779665,3.9197728972882055,2439.273321,Car,Ped
2,7,79.85,2.1,0.0,0.56,0.5,32,0.0,0.47619024943321453,4500000.0,0.0,0.0,Ped,Car
16,29,1.54,2.83,0.0,0.0,9.359,24,219.281,0.353356765598316,0.10260806863062431,5.394904004060751,48084.156961,Car,VRU
29,27,3.4,2.7,0.0,0.0,19.753,31,476.541,0.3703702331962099,0.05875674903364716,6.168650020109039,227091.324681,VRU,Car
29,27,0.46,2.07,0.0,0.0,12.643,27,300.555,0.4830915540620512,0.09316098520017639,5.708952420757709,90333.308025,VRU,Car
29,27,0.55,2.0,0.0,0.0,10.718,24,252.912,0.499999750000125,0.11071044430192935,5.536987750295638,63964.479744000004,VRU,Car
23,15,6.97,1.73,-2.78,0.56,10.857,24,256.361,0.5780343479570244,0.07411423705589291,5.550479768530931,65720.962321,VRU,Car
3,11,79.64,1.8,0.0,0.0,1.523,30,25.311,0.5555552469137517,0.27655958766703853,3.2699871026917413,640.646721,Ped,Car
27,25,3.39,2.0,0.0,0.0,12.192,30,289.403,0.499999750000125,0.08984011883138696,5.671269613475793,83754.096409,Car,VRU
27,25,2.52,1.63,0.0,0.0,8.752,27,204.254,0.6134965561370822,0.12729248814078312,5.324248236571386,41719.696515999996,Car,VRU
3,3,55.9,2.43,0.0,0.0,1.613,29,27.546,0.41152246439404755,0.10890873052680133,3.3515168212075768,758.782116,Ped,Car
24,11,6.96,1.5,0.0,0.0,7.234,25,166.686,0.6666662222225186,0.10498782078286226,5.122093182935249,27784.222596000003,VRU,Car
16,11,0.09,2.8,0.0,0.0,3.706,31,79.357,0.3571427295918823,0.1701173157992702,4.386479207243904,6297.533449,Car,Car
16,11,1.84,2.4,0.0,0.0,8.584,31,200.103,0.41666649305562786,0.06746525505631971,5.303817214618603,40041.210609,Car,Car
18,5,3.16,2.6,0.0,0.56,5.789,29,130.918,0.38461523668644737,0.0878412434665879,4.882180517432962,17139.522724000002,Car,Car
18,2,1.31,2.23,0.0,0.0,5.245,32,117.444,0.44843029218372543,0.08514696293427537,4.774440275037315,13793.093136000001,Car,Car
11,4,77.35,2.23,0.0,0.0,1.782,30,31.743,0.44843029218372543,0.23627255658656848,3.4886891987774984,1007.6180489999999,Car,Ped
9,3,76.6,2.77,-1.11,0.0,1.156,30,16.231,0.36101069999613716,0.36966296779847396,2.8467100871609627,263.44536100000005,Car,Ped
11,4,80.93,1.67,0.0,0.0,0.825,32,8.041,0.5988020366454871,0.9327196949733,2.2017697877552296,64.65768100000001,Car,Ped
11,4,86.23,2.23,0.0,0.0,1.407,32,22.46,0.44843029218372543,0.33392696643245917,3.1552968432253294,504.45160000000004,Car,Ped
16,15,4.2,1.67,0.0,0.0,4.197,29,91.512,0.5988020366454871,0.16937669191606902,4.527338365833936,8374.446144,Car,Car
15,9,5.78,2.8,0.0,0.56,6.9,28,158.405,0.3571427295918823,0.07575518401720158,5.071448133492768,25092.144025,Car,Car
15,2,1.47,2.27,0.0,0.0,6.682,32,153.01,0.44052844029584126,0.055551924347742476,5.037017535370374,23412.0601,Car,Car
10,8,9.52,2.97,1.67,-0.56,3.117,15,64.764,0.3367002233332581,0.1389660901277548,4.18607257614863,4194.375695999999,Car,Car
8,3,84.93,2.73,2.22,0.0,0.869,15,9.126,0.36630023212445706,0.6026736135575703,2.3151063735477173,83.28387599999999,Car,Ped
3,5,81.35,2.5,0.56,0.56,1.257,33,18.746,0.399999840000064,0.21337884277291994,2.9829509391892577,351.4125159999999,Car,Ped
16,6,68.7,1.9,0.0,0.0,2.097,21,39.521,0.5263155124655198,0.27833303108896457,3.701820358246737,1561.909441,Car,Ped
16,13,10.54,2.7,0.0,0.0,4.159,19,90.562,0.3703702331962099,0.16011130319437178,4.5170163384456234,8201.475843999999,Car,Car
9,13,11.64,2.0,0.0,0.0,2.461,19,48.535,0.499999750000125,0.226640563992159,3.9026794904249935,2355.6462249999995,Car,Car
9,15,15.28,2.47,0.0,0.0,0.995,18,12.261,0.40485813568496526,0.9787129125917208,2.584827396695462,150.33212099999997,Car,Car
9,0,74.71,2.9,0.0,0.0,1.444,18,23.368,0.3448274673008733,0.19257102907518706,3.193270796152806,546.0634239999999,Car,Ped
7,23,71.78,2.97,0.0,0.0,16.306,16,391.226,0.3367002233332581,0.0383410099575667,5.971838204272784,153057.783076,VRU,Car
3,23,76.42,2.23,0.0,0.0,1.369,11,21.514,0.44843029218372543,0.6042576645785226,3.114137337932612,462.852196,Ped,Car
16,14,5.28,3.0,0.0,0.0,10.029,16,235.857,0.33333322222225925,0.06359785775449592,5.467456583503436,55628.524449,Car,VRU
13,13,8.3,1.67,0.56,0.0,2.091,11,39.382,0.5988020366454871,0.3301000373241573,3.6983841411281824,1550.9419239999997,Car,VRU
13,14,15.79,2.23,-0.56,2.22,3.014,9,62.223,0.44843029218372543,0.21696157020777576,4.146668158999149,3871.701729,Car,VRU
9,4,88.82,2.03,1.67,0.0,2.302,16,44.613,0.49261059477310604,0.14569743918370343,3.8201927636098567,1990.319769,VRU,Car
27,19,1.0,2.43,0.0,0.0,7.694,16,178.059,0.41152246439404755,0.12917066742388383,5.18771536047021,31705.007481,LCV,Car
2,20,82.87,1.63,0.0,0.0,0.555,14,1.351,0.6134965561370822,8.142110923678073,0.8548407695579324,1.8252009999999999,Ped,Car
2,20,89.72,1.37,0.0,0.0,0.5,14,0.0,0.7299264745062229,11000000.0,0.0,0.0,Ped,Car
19,19,1.97,2.0,0.0,0.0,6.833,14,156.766,0.499999750000125,0.12119974917265385,5.061112922585471,24575.578756,Car,LCV
19,17,0.64,1.53,0.0,0.0,6.256,15,142.482,0.6535943440559843,0.12633174628141278,4.966209591791911,20301.120324,Car,Car
19,8,1.89,2.83,2.78,1.67,7.446,16,171.921,0.353356765598316,0.07852443809351715,5.15283484280376,29556.830240999996,LCV,Car
9,4,74.74,1.7,0.0,0.0,0.804,9,7.513,0.5882349480970894,0.8651669286347758,2.14159440690192,56.445169,Car,Ped
9,4,78.93,2.7,0.0,0.0,1.646,9,28.368,0.3703702331962099,0.22913140760253076,3.379905646194533,804.7434239999999,Car,Ped
4,8,77.1,1.87,0.0,0.0,1.414,13,22.628,0.5347590723213517,0.2651581993477904,3.1624324494449887,512.026384,Ped,Car
7,5,72.55,2.53,1.11,0.0,10.298,12,242.524,0.39525676076807875,0.024739819462239535,5.495215500294004,58817.890576,Car,Ped
18,18,0.62,2.27,0.0,-1.11,4.243,13,92.652,0.44052844029584126,0.19427535083672937,4.539585784775246,8584.393104,Car,Car
18,20,0.49,2.23,0.0,0.0,5.92,13,134.148,0.44843029218372543,0.1416346114617094,4.906370474240781,17995.685903999998,Car,Car
18,20,0.35,2.23,0.0,0.0,6.278,13,143.026,0.44843029218372543,0.13284297866931202,4.969993838833363,20456.436676000005,Car,Car
18,20,0.2,2.4,0.0,0.0,10.12,11,238.107,0.41666649305562786,0.07979605773960423,5.476911150489099,56694.943449,Car,Car
18,20,0.28,2.3,0.0,0.0,9.039,10,211.348,0.43478241965981757,0.08989912329475971,5.358226438301929,44667.977104000005,Car,Car
23,22,2.05,1.73,0.0,0.0,6.656,8,152.374,0.5780343479570244,0.14766298615470497,5.03287938304242,23217.835875999997,Car,Car
23,22,5.18,1.47,0.0,0.0,8.251,8,191.846,0.6802716460737102,0.1172815689809453,5.261891942930184,36804.887716000005,Car,Car
22,5,72.3,2.07,0.0,-0.56,8.935,6,208.793,0.4830915540620512,0.06465733973525291,5.346121330295941,43594.516849,Car,Ped
18,4,44.97,2.67,0.56,0.0,1.108,11,15.056,0.37453169493194943,0.7306056900501003,2.776082611494037,226.68313599999996,LCV,Ped
15,4,88.39,1.7,1.11,0.0,1.139,8,15.828,0.5882349480970894,0.600202135443383,2.8230441657282745,250.52558399999998,Car,Ped
4,15,16.04,2.7,0.0,1.11,2.266,10,43.714,0.3703702331962099,0.2173216768696144,3.8002866516880673,1910.9137959999998,Ped,Car
6,6,57.44,1.9,0.0,-0.56,0.5,9,0.0,0.5263155124655198,6000000.0,0.0,0.0,Ped,Car
1,13,71.34,2.83,0.0,0.0,1.468,17,23.957,0.353356765598316,0.2921901618654188,3.2171543439698604,573.937849,Ped,Car
14,22,0.85,2.93,0.0,0.0,16.669,9,400.201,0.3412968118440915,0.04497739874468729,5.994462548607107,160160.84040100002,Car,Car
4,5,77.67,2.2,0.56,1.67,0.725,20,5.564,0.45454524793397816,0.8087705232260023,1.8816001732278445,30.958096,Ped,Car
10,11,70.04,2.43,0.56,1.11,2.353,21,45.868,0.41152246439404755,0.2289177590276934,3.8473351398059092,2103.8734240000003,Car,Car
13,22,17.87,2.67,0.0,0.0,6.768,20,155.142,0.37453169493194943,0.11279988582846756,5.050765849627658,24069.040164,Car,Car
9,16,10.35,2.23,3.33,0.0,4.502,18,99.045,0.44843029218372543,0.1262052589610252,4.605620084768456,9809.912025,Car,Car
4,6,86.6,2.67,0.0,-1.11,1.897,19,34.585,0.37453169493194943,0.1445713417790562,3.5719242007512344,1196.122225,Ped,Car
16,22,7.74,2.97,0.0,0.0,11.21,22,265.081,0.3367002233332581,0.0716762043613982,5.583800773705746,70267.93656100001,Car,Car
4,17,0.98,2.77,0.56,0.0,5.261,22,117.851,0.36101069999613716,0.08909555210311705,4.7778706077379915,13888.858201,Car,Car
10,3,88.99,1.67,0.0,0.0,0.687,10,4.633,0.5988020366454871,1.402978328733363,1.728642159912577,21.464689,Car,Ped
3,6,84.55,2.4,0.0,1.11,1.522,13,25.308,0.41666649305562786,0.17780938130988694,3.2698730754391048,640.494864,Ped,Car
11,7,29.38,2.2,0.0,0.0,2.345,15,45.658,0.45454524793397816,0.19711769685229977,3.842844402408447,2084.6529640000003,Car,VRU
11,12,21.94,2.93,0.0,0.0,5.942,11,134.69,0.3412968118440915,0.0853812451898341,4.910372872157861,18141.396099999998,Car,Car
10,4,89.0,2.63,1.11,0.0,1.858,12,33.604,0.38022799230874815,0.2083085284993296,3.5439692823181277,1129.228816,Car,Ped
11,15,71.03,2.13,0.0,0.56,2.69,8,54.212,0.4694833476604002,0.23979930200325938,4.011180320961332,2938.9409440000004,Car,Car
4,14,65.97,2.87,0.0,0.0,2.047,13,38.279,0.3484319343442737,0.2351158537287846,3.670690024913726,1465.2818410000002,Ped,Car
12,23,15.44,2.73,0.0,0.0,11.247,8,265.997,0.36630023212445706,0.06579021543178977,5.58723742238207,70754.404009,Car,Car
9,10,0.91,2.63,0.0,0.0,5.909,18,133.874,0.38022799230874815,0.07096224755395188,4.904341009278339,17922.247875999998,LCV,Car
18,17,3.13,2.23,0.0,0.0,7.168,16,165.035,0.44843029218372543,0.10603811248499947,5.112198609505697,27236.551225,Car,Car
4,17,89.01,2.03,0.0,0.0,1.097,12,14.767,0.49261059477310604,0.7110448492554446,2.7579191482553447,218.06428899999997,Ped,Car
8,9,26.45,2.13,0.0,0.56,0.967,14,11.551,0.4694833476604002,0.7358669607941338,2.529800343678309,133.425601,Car,Car
10,5,70.01,1.7,0.0,0.0,1.292,17,19.594,0.5882349480970894,0.3827702162513924,3.024999771234559,383.924836,Car,Ped
16,19,7.86,1.33,0.0,0.0,2.273,13,43.884,0.7518791339254632,0.39877858903521585,3.80408138380262,1925.805456,Car,VRU
14,7,5.26,2.5,0.56,0.56,3.563,14,75.81,0.399999840000064,0.1385041532976632,4.341334840010591,5747.1561,Car,Car
5,13,83.36,1.77,0.0,-0.56,1.819,15,32.657,0.5649714322195298,0.2755917483053634,3.5162210582309372,1066.4796489999999,Ped,Car
6,5,24.8,2.73,0.56,0.0,1.635,32,28.09,0.36630023212445706,0.1957992098327088,3.3703944725071104,789.0481,Car,Ped
3,11,80.73,2.97,0.0,0.0,7.076,18,162.76,0.3367002233332581,0.043008109836519356,5.098401941353034,26490.8176,Ped,LCV
17,16,3.2,1.97,0.0,0.0,6.642,17,152.019,0.5076139555259109,0.10853906348193934,5.0305620966889,23109.776361,Car,Car
16,14,4.19,2.77,0.0,0.0,3.127,19,65.014,0.36101069999613716,0.23071953378165422,4.189866840744023,4226.820196,Car,Car
13,7,20.03,2.27,0.0,0.0,1.254,15,18.651,0.44052844029584126,0.5361642519884053,2.9781282276056302,347.859801,Car,Car
10,26,71.94,3.0,0.56,0.0,5.484,14,123.362,0.33333322222225925,0.145912030074804,4.823196667402822,15218.183044,Car,Car
2,17,68.82,2.5,0.0,0.56,0.682,13,4.495,0.399999840000064,2.1134589291526296,1.7038385878555846,20.205025000000003,Ped,Car
7,21,22.89,2.77,0.0,0.0,5.989,14,135.873,0.36101069999613716,0.10303739445631294,4.919053488591865,18461.472128999998,Car,Car
19,21,0.26,1.73,0.0,0.56,4.446,14,97.674,0.5780343479570244,0.2047627802202963,4.591821487218359,9540.210276000002,Car,Car
13,16,0.12,1.77,0.56,0.56,2.488,16,49.2,0.5649714322195298,0.2947154411643203,3.9160150266976834,2420.6400000000003,Car,Car
12,15,0.45,1.83,0.56,0.56,2.327,16,45.215,0.5464477888263449,0.29857347564804876,3.833304420716741,2044.3962250000004,Car,Car
13,15,0.27,1.8,0.56,0.56,2.382,16,46.577,0.5555552469137517,0.30057753181661484,3.8623494511845733,2169.416929,Car,Car
12,12,3.95,2.1,-1.11,0.56,1.848,15,33.365,0.47619024943321453,0.3596583138121291,3.5370386045735684,1113.2232250000002,Car,Car
11,14,1.32,1.93,0.0,0.56,2.075,17,38.977,0.518134446562463,0.3207019442055073,3.6883042887380393,1519.2065289999998,Car,Car
23,21,1.96,2.8,1.67,-0.56,20.089,14,484.864,0.3571427295918823,0.045373547952882565,6.185928749348318,235093.09849599996,Car,Car
20,22,3.94,2.8,0.0,0.0,20.783,14,502.046,0.3571427295918823,0.041828836318128546,6.2206816172105714,252050.186116,Car,Car
15,3,69.04,2.53,0.56,0.0,0.82,14,7.909,0.39525676076807875,1.1379439704205374,2.1870620017385067,62.552280999999994,Car,Ped
11,4,61.97,2.77,0.0,0.0,1.828,11,32.866,0.36101069999613716,0.22819934801316413,3.522411561243149,1080.173956,Car,Ped
11,5,86.53,1.3,0.0,0.0,1.0,14,12.37,0.7692301775152481,0.6467258975969364,2.5930133911138515,153.0169,Car,Ped
4,26,89.26,2.83,0.0,0.0,1.685,13,29.319,0.353356765598316,0.5116136119371871,3.411774578699925,859.603761,Ped,Car
5,22,81.62,2.2,0.56,0.56,2.806,14,57.088,0.45454524793397816,0.23647701379489536,4.061959102077946,3259.039744,Car,Car
7,14,32.27,2.63,0.0,-1.67,6.392,19,145.836,0.38022799230874815,0.0719986829589492,4.989316317723689,21268.138896000004,Car,Car
13,13,6.59,2.27,1.11,0.0,7.265,11,167.458,0.44052844029584126,0.07763140562032626,5.126686460562201,28042.181764,Car,Car
8,16,33.05,1.93,0.0,0.0,2.582,19,51.525,0.518134446562463,0.23289664759055514,3.9612892467310643,2654.825625,Ped,Car
4,14,17.35,1.53,0.0,0.56,0.896,20,9.814,0.6535943440559843,0.9170571716876736,2.3808415909598133,96.314596,Ped,VRU
11,5,44.39,2.53,0.0,0.0,1.695,22,29.59,0.39525676076807875,0.27036159951464683,3.420673158162812,875.5681,Car,Ped
4,14,22.31,2.13,-0.56,0.56,1.78,20,31.69,0.4694833476604002,0.284001253265975,3.487069220736119,1004.2561000000001,Ped,VRU
4,20,77.93,1.8,0.0,0.0,1.74,23,30.684,0.5555552469137517,0.3910832879975463,3.4558118216020333,941.5078560000001,Ped,VRU
15,14,3.4,2.17,0.56,0.0,4.205,20,91.711,0.4608292807238338,0.1581053509600228,4.5294871278836615,8410.907521,Car,VRU
14,13,6.95,2.17,0.0,0.56,3.782,20,81.24,0.4608292807238338,0.16617429632971079,4.409641801706855,6599.937599999999,Car,VRU
14,4,22.87,2.03,0.0,0.0,1.449,21,23.491,0.49261059477310604,0.38312543599142496,3.198305703123491,551.827081,VRU,Ped
4,20,58.37,1.77,0.0,0.0,1.274,20,19.157,0.5649714322195298,0.6264028487548755,3.0035516226061225,366.990649,Ped,VRU
20,3,80.22,2.03,0.0,0.0,1.457,20,23.691,0.49261059477310604,0.48541638236391954,3.2064388047645176,561.263481,VRU,Ped
20,3,87.07,1.87,0.0,0.0,1.417,20,22.704,0.5347590723213517,0.5065186528136604,3.165643810271264,515.471616,VRU,Ped
3,15,79.11,1.53,0.0,0.56,1.421,25,22.796,0.6535943440559843,0.39480608901534964,3.1695174993256594,519.657616,Ped,VRU
3,12,37.59,2.93,0.0,0.0,2.31,26,44.801,0.3412968118440915,0.16740697378614375,3.824305924942915,2007.129601,Ped,VRU
3,25,80.02,2.47,0.0,0.0,2.07,25,38.852,0.40485813568496526,0.36034180067070426,3.6851725921826097,1509.4779039999999,Ped,Car
6,16,74.89,2.23,1.11,1.11,6.952,21,159.69,0.44843029218372543,0.06888346127570004,5.079477043053662,25500.896099999998,Ped,VRU
20,2,0.13,2.43,0.0,0.56,8.747,22,204.12,0.41152246439404755,0.0538898684406728,5.323595173732305,41664.9744,VRU,Car
20,2,0.87,2.4,0.0,0.56,8.789,22,205.171,0.41666649305562786,0.05361381455657079,5.328705921536916,42095.139241,VRU,Car
17,3,63.53,2.37,1.11,0.0,2.893,27,59.226,0.42194075023597033,0.16884476127300915,4.098104152763249,3507.719076,VRU,Ped
17,4,74.4,1.6,1.11,0.0,1.833,27,32.989,0.6249996093752441,0.3182879045048985,3.526036942857466,1088.274121,VRU,Ped
15,12,43.75,1.3,0.56,0.0,3.237,28,67.749,0.7692301775152481,0.1992649308585377,4.230462190986349,4589.927000999999,VRU,VRU
14,21,88.56,2.03,0.56,-0.56,5.792,30,130.993,0.49261059477310604,0.13359492389978914,4.882748890877184,17159.166049,VRU,VRU
1,16,85.17,2.27,0.0,-0.56,2.891,30,59.172,0.44052844029584126,0.14364902075899041,4.097207127835578,3501.3255839999997,Ped,VRU
6,12,48.03,1.4,0.56,0.0,0.657,25,3.891,0.7142852040819971,2.313029474934599,1.58739678155722,15.139881,Ped,Car
6,7,75.41,2.37,0.0,0.56,1.034,32,13.219,0.42194075023597033,0.4917164315215651,2.6545790984142372,174.74196099999998,Ped,Car
12,16,0.12,2.8,0.0,0.0,5.424,28,121.867,0.3571427295918823,0.11487933472655161,4.81110246953192,14851.565689000001,Car,Car
14,4,78.4,2.03,0.0,0.0,8.23,31,191.333,0.49261059477310604,0.047038409228735194,5.259228244736235,36608.316889,Car,Ped
16,4,84.16,1.4,0.0,0.0,0.5,30,0.0,0.7142852040819971,10000000.0,0.0,0.0,Car,Ped
16,14,1.43,2.97,0.0,0.0,9.213,27,215.66,0.3367002233332581,0.0695539271559217,5.378329304517421,46509.2356,Car,Car
16,21,1.68,2.73,0.0,0.0,10.723,32,253.032,0.36630023212445706,0.0731132818255664,5.537460243335156,64025.19302400001,Car,Car
14,15,43.94,1.97,0.56,0.56,2.893,24,59.236,0.5076139555259109,0.24478357342184529,4.098270180224573,3508.903696,Car,Car
16,4,72.76,2.4,0.0,0.0,0.861,30,8.932,0.41666649305562786,1.119569959743623,2.29576186764592,79.780624,Car,Ped
16,4,81.59,2.53,0.0,-1.11,10.189,28,239.821,0.39525676076807875,0.041697766076791584,5.484053918934482,57514.112041,Car,Ped
12,4,83.95,2.57,0.0,0.56,1.338,26,20.746,0.3891049069630712,0.3856164857988776,3.0794298325755576,430.39651599999996,Car,Ped
12,4,64.18,1.57,0.0,0.0,0.566,26,1.638,0.6369422694635226,4.884001902318741,0.9700210542951229,2.6830439999999998,Car,Ped
13,4,86.65,2.93,0.0,0.0,1.867,25,33.829,0.3412968118440915,0.25126370122487507,3.5504503730843204,1144.401241,Car,Ped
6,3,77.41,2.87,0.0,0.0,2.297,28,44.479,0.3484319343442737,0.10117133700912033,3.8172506809537072,1978.381441,Car,Ped
12,17,11.19,0.97,0.0,0.0,1.363,18,20.152,1.030926772240441,0.7195315244376972,3.051734463669276,406.10310400000003,Car,VRU
17,17,7.89,0.9,0.0,-0.56,1.214,17,16.663,1.1111098765445815,1.02022438815193,2.8714720561733063,277.655569,Car,VRU
13,15,3.25,3.0,0.0,0.0,9.422,12,208.246,0.33333322222225925,0.0672281817310864,5.343510593296791,43366.396516,Car,Car
12,2,62.43,1.83,0.0,0.0,0.602,15,2.379,0.5464477888263449,2.9424115416513064,1.217579807732153,5.659641,Car,Ped
8,12,52.85,2.43,0.56,0.0,1.524,15,23.893,0.41152246439404755,0.4185326071011339,3.214586639449771,570.875449,Car,VRU
9,2,70.52,2.97,0.0,0.0,6.082,9,130.274,0.3367002233332581,0.04221870793697355,4.877286741898261,16971.315076,Car,Ped
12,4,42.28,2.17,0.0,0.0,1.62,11,26.135,0.4608292807238338,0.3061029153968656,3.300824407515368,683.0382250000001,VRU,Ped
2,23,44.34,1.4,0.0,3.89,0.508,14,0.183,0.7142852040819971,68.30563767411107,0.1680535849962497,0.033489,Ped,VRU
3,25,82.85,2.6,0.0,1.11,2.02,14,35.475,0.38461523668644737,0.3946441044497786,3.5966270944088494,1258.475625,Ped,Car
14,16,16.61,3.0,2.22,0.0,8.001,11,175.067,0.33333322222225925,0.08568148145749066,5.170864604415394,30648.454489000003,Car,Car
14,6,54.03,1.77,1.67,0.0,2.131,11,38.069,0.5649714322195298,0.2626809145845461,3.6653293136536758,1449.2487610000003,Car,Car
5,25,70.33,2.03,0.0,1.11,2.111,12,37.612,0.49261059477310604,0.3988088801763033,3.653563108986369,1414.6625440000003,Ped,Car
4,5,66.74,2.2,0.0,1.11,1.863,11,31.809,0.45454524793397816,0.14146939100665248,3.4907028679958825,1011.812481,Ped,Car
4,11,25.08,2.37,0.0,0.0,1.886,20,32.36,0.42194075023597033,0.23176760717652636,3.507357577490546,1047.1696,Ped,Car
3,17,84.24,1.87,0.0,0.56,1.361,14,20.092,0.5347590723213517,0.4977105067832716,3.0488938216682233,403.68846399999995,Ped,Car
3,14,85.19,2.27,0.0,0.56,5.328,14,112.683,0.44052844029584126,0.07543285078110407,4.73341387330693,12697.458489000002,Ped,Car
3,6,83.91,2.6,0.0,1.11,1.913,13,32.99,0.38461523668644737,0.13640496706865818,3.5260663637080247,1088.3401000000001,Ped,Car
5,16,49.99,2.63,0.0,0.0,11.846,14,264.815,0.38022799230874815,0.03965032177312342,5.5828005780954175,70126.984225,Ped,Car
18,4,66.85,2.63,0.0,0.56,2.702,13,51.403,0.38022799230874815,0.21399528794048428,3.9589638415965656,2642.268409,Car,Ped
18,1,66.71,1.53,0.0,0.0,5.563,13,118.167,0.6535943440559843,0.08039469496225939,4.780525870664838,13963.439889000001,Car,Ped
17,1,82.75,2.43,0.0,0.56,1.868,14,31.923,0.41152246439404755,0.2819283813573793,3.4941715016689323,1019.0779289999999,Car,Ped
3,13,84.31,2.6,0.0,0.56,10.188,19,226.111,0.38461523668644737,0.03538085261052823,5.4254388847504655,51126.18432099999,Ped,VRU
15,14,12.92,1.53,0.0,0.0,3.015,15,58.704,0.6535943440559843,0.2470019036692235,4.089399019829086,3446.159616,Car,VRU
12,16,31.48,1.77,0.0,0.0,2.449,12,45.488,0.5649714322195298,0.30777347195362575,3.8391942147728044,2069.158144,VRU,Car
14,2,12.72,1.63,0.0,-2.78,4.065,13,83.207,0.6134965561370822,0.09614575581206203,4.43327805318465,6923.404848999999,VRU,Car
3,17,81.42,1.9,0.0,0.0,1.139,17,14.92,0.5263155124655198,0.6702412419409356,2.767576180416237,222.6064,Ped,Car
4,17,79.87,1.7,0.0,0.0,1.129,20,14.67,0.5882349480970894,0.7157463724780933,2.7517480563679295,215.2089,Ped,Car
15,17,7.91,1.77,0.0,0.0,1.948,17,33.786,0.5649714322195298,0.4735689198612171,3.5492150069859614,1141.4937960000002,Car,Car
17,17,67.55,1.67,0.0,0.0,3.866,17,78.571,0.5988020366454871,0.21636481378161393,4.376649704861057,6173.402040999999,Car,Car
17,22,7.21,2.7,0.0,0.0,8.894,18,195.909,0.3703702331962099,0.09953600855736078,5.282741693081942,38380.336280999996,Car,Car
9,6,30.21,2.3,0.0,0.56,0.982,18,11.246,0.43478241965981757,0.6669037287120996,2.5051993530557626,126.47251600000001,VRU,Car
2,18,68.19,2.0,0.0,0.0,0.906,12,9.473,0.499999750000125,1.0556316841938473,2.348800516791009,89.73772900000002,Ped,Car
15,11,83.79,2.03,0.56,1.11,4.602,20,95.735,0.49261059477310604,0.13579150638960144,4.571975281130451,9165.190225,Car,Car
11,20,57.64,1.23,0.0,0.56,3.453,17,68.927,0.8130074690996186,0.22487558975618277,4.2474518407526425,4750.931329000001,Car,VRU
7,3,78.34,2.37,0.0,0.0,0.676,16,4.109,0.42194075023597033,1.2168407844145086,1.6310036903486609,16.883881,Car,Ped
16,5,62.46,2.43,0.0,0.0,9.029,18,199.068,0.41152246439404755,0.052745795141631024,5.298657308761134,39628.06862400001,Car,Ped
16,5,41.55,2.87,0.0,0.56,1.647,18,26.777,0.3484319343442737,0.3921275575259529,3.3242083401340197,717.007729,Car,Ped
16,4,46.54,2.93,1.11,0.0,15.806,20,357.245,0.3412968118440915,0.02799199421127799,5.8812171098767605,127623.990025,Car,Ped
22,5,46.12,2.4,0.0,0.0,1.326,20,19.275,0.41666649305562786,0.7003890687217085,3.0093886000014765,371.52562499999993,Car,Ped
3,17,69.58,2.07,0.0,0.56,7.866,12,171.922,0.4830915540620512,0.05816591211034125,5.152840625774645,29557.174084,Ped,Car
3,20,67.69,2.2,0.0,0.0,0.5,22,0.0,0.45454524793397816,11500000.0,0.0,0.0,Ped,Car
4,24,45.27,2.17,0.0,0.0,1.542,20,24.317,0.4608292807238338,0.5757288902525438,3.2314761068439393,591.316489,Ped,VRU
21,18,32.75,1.17,0.56,-0.56,2.443,18,45.347,0.8547001241879282,0.43001741173578384,3.8361565649980225,2056.350409,VRU,Car
21,18,29.6,1.37,0.0,0.56,2.759,18,52.725,0.7299264745062229,0.3698435207236886,3.983878442528574,2779.9256250000003,VRU,Car
20,19,1.5,2.5,0.0,0.0,12.725,16,285.332,0.399999840000064,0.06834144060833892,5.657151976727889,81414.350224,Car,Car
20,19,1.55,2.5,0.0,0.0,12.474,15,279.461,0.399999840000064,0.0697771779612283,5.636434677862996,78098.450521,Car,Car
21,19,4.41,2.73,0.0,0.0,12.252,13,274.296,0.36630023212445706,0.07291393212837981,5.617846882438937,75238.29561599999,Car,Car
21,22,1.37,1.83,0.0,0.0,6.405,13,137.832,0.5464477888263449,0.1559869975333232,4.933264569051134,18997.660224,Car,Car
16,15,3.41,2.03,-2.22,0.0,8.534,18,187.511,0.49261059477310604,0.08266181673255533,5.239156360623119,35160.375121,Car,Car
21,22,1.56,1.77,0.0,0.0,6.39,12,137.476,0.5649714322195298,0.15639093255265696,4.930697025413223,18899.650576,Car,Car
14,14,9.67,1.93,0.0,0.0,8.991,17,198.177,0.518134446562463,0.07064391896817533,5.294193876636876,39274.123328999995,Car,Car
22,18,3.72,2.6,0.0,0.0,8.838,12,194.61,0.38461523668644737,0.10276964131971819,5.276122881038268,37873.05210000001,Car,Car
4,18,75.02,1.93,0.0,0.56,0.703,10,4.747,0.518134446562463,2.317252513744994,1.7486779795256044,22.534008999999998,Ped,Car
4,21,81.69,1.17,0.0,0.0,0.551,11,1.2,0.8547001241879282,10.416657986118347,0.7884573603642702,1.44,Ped,Car
29,4,69.16,1.2,0.56,0.0,1.163,10,15.471,0.8333326388894676,1.0665114687795574,2.8016012588005386,239.351841,VRU,Ped
10,16,50.03,2.93,0.0,0.0,2.72,10,51.805,0.3412968118440915,0.2509410240142646,3.966605883198438,2683.758025,Car,Car
16,15,44.78,1.8,0.0,-0.56,4.273,15,88.066,0.5555552469137517,0.17600435836753844,4.489377667936428,7755.620356,VRU,Car
16,4,84.46,1.43,0.0,0.0,0.51,21,0.241,0.6993002102795733,41.49360376098024,0.21591750622247016,0.058080999999999994,Car,Ped
16,5,66.01,1.6,0.0,0.0,1.385,21,20.655,0.6249996093752441,0.5083514641321004,3.07523637466659,426.62902500000007,Car,Ped
16,21,1.69,2.4,0.0,0.0,6.459,22,139.081,0.41666649305562786,0.13301601129546084,4.942220826729956,19343.524561,Car,Car
16,16,0.82,1.93,0.0,0.0,5.836,12,124.549,0.518134446562463,0.12846349526320167,4.832696120617672,15512.453401000002,Car,Car
15,16,2.06,2.3,0.0,0.0,5.657,11,120.359,0.43478241965981757,0.12878139458801258,4.798753095059064,14486.288880999999,Car,Car
20,16,4.75,2.57,0.0,0.0,7.803,14,170.449,0.3891049069630712,0.10560343501221224,5.144285846287662,29052.861601000004,Car,Car
21,16,0.86,2.77,0.0,0.0,11.591,21,258.856,0.36101069999613716,0.07146830642724794,5.560127631432247,67006.428736,Car,Car
16,15,3.81,2.9,0.0,0.0,7.782,12,169.956,0.3448274673008733,0.09120007477700068,5.141406213451257,28885.041935999998,Car,Car
15,14,9.27,2.17,0.0,0.56,6.834,19,147.843,0.4608292807238338,0.09807701346646773,5.0028920591473724,21857.552648999997,Car,VRU
16,17,2.2,2.7,0.0,0.0,6.207,17,133.209,0.3703702331962099,0.1238655036531653,4.899398286372344,17744.637681,Car,Car
3,17,84.76,2.27,0.0,0.0,1.046,16,12.755,0.44052844029584126,0.7840062105835978,2.621402394376538,162.69002500000002,Ped,Car
4,3,59.44,2.8,0.0,0.56,2.368,19,43.592,0.3571427295918823,0.08028995961896772,3.7975544707395925,1900.262464,Ped,Car
4,13,80.26,2.73,0.0,-0.56,2.423,19,44.872,0.36630023212445706,0.18942770125183409,3.825854909141014,2013.496384,Ped,Car
17,15,0.54,2.63,0.0,-0.56,7.022,18,152.215,0.38022799230874815,0.10511447554370808,5.031842163740654,23169.406225000002,Car,Car
17,17,2.35,2.03,0.0,0.0,5.459,15,115.744,0.49261059477310604,0.14687586270669872,4.7599835033654445,13396.673536,Car,Car
12,7,16.16,2.73,-1.11,0.0,7.508,19,163.56,0.36630023212445706,0.058082660442145634,5.103275245344702,26751.8736,Car,VRU
17,13,86.62,2.33,0.0,1.11,3.888,19,79.067,0.42918436515692476,0.18971251989183202,4.382863784166443,6251.590488999999,Car,Car
4,13,78.7,2.4,0.0,-0.56,2.037,19,35.879,0.41666649305562786,0.2369073765459635,3.6076422833533135,1287.3026409999998,Ped,Car
3,11,56.47,1.53,0.0,1.11,0.5,15,0.0,0.6535943440559843,7000000.0,0.0,0.0,Ped,Car
3,7,36.68,2.07,0.0,1.11,1.137,12,14.864,0.4830915540620512,0.33638318511953813,2.764052391217495,220.93849600000001,Ped,Car
3,18,85.17,1.7,0.0,1.11,1.145,12,15.048,0.5882349480970894,0.6977670987661418,2.7755842312195798,226.442304,Ped,Car
10,5,64.76,2.07,0.56,0.0,1.185,17,15.978,0.4830915540620512,0.4693953893231075,2.8319183883157764,255.296484,Car,Ped
13,17,3.56,2.43,0.56,0.0,10.382,16,230.636,0.41152246439404755,0.06503754806258542,5.445167174033738,53192.964496,Car,Car
10,2,54.25,2.0,0.0,0.0,1.717,20,28.402,0.499999750000125,0.21125272124312647,3.3810626992417747,806.6736040000001,Car,Ped
10,19,32.53,2.73,0.0,0.56,3.832,20,77.779,0.36630023212445706,0.186425639485907,4.366646463885146,6049.572840999999,Car,Car
10,14,24.36,2.13,0.0,2.22,1.983,19,34.609,0.4694833476604002,0.3467306091845876,3.5725984148959413,1197.782881,Car,Car
10,5,64.2,1.67,0.0,0.0,3.101,16,60.705,0.5988020366454871,0.12354830535296425,4.122364964905147,3685.0970249999996,Car,Ped
3,25,82.07,1.57,0.0,0.0,0.5,18,0.0,0.6369422694635226,14000000.0,0.0,0.0,Ped,Car
3,30,76.35,2.7,0.56,0.0,2.575,19,48.427,0.3703702331962099,0.34071901334546817,3.900496833589523,2345.174329,Ped,VRU
3,19,70.64,2.17,0.0,0.0,1.543,20,24.342,0.4608292807238338,0.45189382746307505,3.2324630983767166,592.532964,Ped,Car
4,30,85.88,1.27,0.56,1.11,1.211,19,16.59,0.7874009548023978,1.0247136211745858,2.8673305587494666,275.2281,Ped,VRU
4,30,74.97,1.53,0.56,0.56,1.202,19,16.387,0.6535943440559843,1.0374076379198365,2.8557228005456525,268.533769,Ped,VRU
3,17,68.94,2.8,0.0,0.0,0.957,22,10.655,0.3571427295918823,0.9385264252908095,2.4557352724877206,113.52902499999999,Ped,Car
3,25,69.97,2.5,0.0,0.0,0.5,19,0.0,0.399999840000064,14000000.0,0.0,0.0,Ped,Car
3,30,55.41,2.03,0.0,0.0,1.451,18,22.201,0.49261059477310604,0.7432097318494783,3.1441953811916132,492.884401,Ped,VRU
3,19,56.42,2.23,0.0,0.0,1.922,20,33.19,0.44843029218372543,0.3314251180649257,3.5319332036512097,1101.5760999999998,Ped,Car
22,22,0.45,1.97,0.0,0.0,6.211,14,133.3,0.5076139555259109,0.1650412590769598,4.900076103529192,17768.890000000003,Car,Car
23,25,2.44,1.87,0.0,0.0,7.707,19,168.221,0.5347590723213517,0.14266946372528125,5.13120555294586,28298.304841,Car,Car
23,24,2.06,2.27,3.33,3.89,7.828,14,171.036,0.44052844029584126,0.13739797389205796,5.147703757238358,29253.313296,Car,Car
22,25,3.51,1.93,0.0,0.0,7.485,18,163.021,0.518134446562463,0.1441532063712454,5.099994468407141,26575.846440999994,Car,Car
3,6,76.4,1.1,0.0,2.78,0.88,22,8.879,0.9090900826453794,0.5068137733062538,2.2904112920623367,78.83664099999999,Ped,VRU
25,10,86.77,1.97,1.11,1.11,2.285,18,41.66,0.5076139555259109,0.4200672006704945,3.753261713043204,1735.5555999999997,VRU,Car
6,13,12.41,3.0,0.0,0.56,3.081,17,60.252,0.33333322222225925,0.15767111203493475,4.1149965019529615,3630.3035040000004,Car,LCV
16,14,2.07,2.47,0.0,0.0,3.546,19,71.097,0.40485813568496526,0.21097936325049774,4.278012434548669,5054.783408999999,Car,Car
15,14,2.72,2.73,0.56,0.0,5.873,19,125.413,0.36630023212445706,0.1156179972122667,4.83955432452552,15728.420569,Car,Car
16,14,2.29,2.73,0.0,0.0,5.055,21,106.304,0.36630023212445706,0.1411047548436112,4.675665927599789,11300.540416,Car,Car
20,16,0.74,2.4,-1.11,-1.11,3.896,20,79.251,0.41666649305562786,0.22712646872435088,4.385159222991677,6280.721001000001,Car,Car
22,18,1.54,2.23,0.56,2.22,5.133,20,108.135,0.44843029218372543,0.18495399098391832,4.692585647991041,11693.178225000001,Car,Car
22,18,1.55,2.23,0.56,2.22,5.133,20,108.135,0.44843029218372543,0.18495399098391832,4.692585647991041,11693.178225000001,Car,Car
22,17,1.54,2.2,0.56,2.22,5.242,20,110.671,0.45454524793397816,0.17619791836887785,4.7155570483741736,12248.070241000001,Car,Car
22,18,1.35,2.3,0.0,0.56,4.62,20,96.151,0.43478241965981757,0.20800615481891865,4.576266469131255,9245.014801,Car,Car
22,17,1.51,2.2,0.56,2.22,5.318,20,112.444,0.45454524793397816,0.17341965624293287,4.731309323093054,12643.653136,Car,Car
14,5,58.16,2.87,0.56,0.0,2.574,19,48.415,0.3484319343442737,0.1962201756434953,3.900254021828147,2344.012225,Car,Ped
14,13,80.9,2.13,0.0,0.56,3.925,22,79.935,0.4694833476604002,0.1688872187541475,4.3936463633859235,6389.604225,Car,Car
19,5,89.17,2.27,0.0,0.0,3.06,21,59.743,0.44052844029584126,0.2008603484783096,4.106651849244145,3569.2260490000003,Car,Ped
19,5,84.74,2.07,0.0,0.0,11.17,21,249.04,0.4830915540620512,0.0481850303237029,5.521620905063611,62020.921599999994,Car,Ped
19,16,19.97,2.53,0.0,0.56,4.932,23,103.445,0.39525676076807875,0.16917202214537175,4.648660617062619,10700.868024999998,Car,Car
3,7,89.13,2.67,0.0,-0.56,1.085,14,13.642,0.37453169493194943,0.3665151468615198,2.683894111224451,186.104164,Ped,Car
3,7,88.84,1.9,0.0,0.56,1.436,14,21.856,0.5263155124655198,0.22877012130444171,3.129213664928472,477.6847360000001,Ped,Car
4,16,43.16,2.13,0.0,0.56,1.12,15,14.475,0.4694833476604002,0.6908462389743532,2.73922581857066,209.525625,Ped,Car
10,17,8.07,2.2,0.56,1.11,4.254,13,87.62,0.45454524793397816,0.1540744104762108,4.484357565771344,7677.264400000001,Car,Car
12,5,68.34,2.0,1.11,0.0,1.371,14,20.322,0.499999750000125,0.4182658981268626,3.059739403528283,412.983684,Car,Ped
17,3,81.52,2.6,-0.56,0.0,0.968,16,10.926,0.38461523668644737,0.9152479484488424,2.478720890700914,119.377476,Car,Ped
14,4,75.04,2.03,0.0,0.0,6.81,15,147.285,0.49261059477310604,0.06110601852798304,4.999136097703235,21692.871225,Car,Ped
10,3,49.5,2.83,1.67,0.0,0.769,14,6.268,0.353356765598316,1.0370132359583224,1.9834811505339247,39.287824,Car,Ped
3,13,83.68,3.0,1.11,-1.11,2.686,15,51.029,0.33333322222225925,0.1567735962536284,3.9518012554365587,2603.9588410000006,Ped,VRU
17,4,55.7,2.5,-0.56,0.0,6.572,15,141.724,0.399999840000064,0.0740876628228976,4.960912695344782,20085.692175999997,VRU,Ped
17,6,6.76,2.33,0.0,0.56,4.666,16,97.239,0.42918436515692476,0.11826530385683415,4.58740328519393,9455.423121000002,Car,Car
17,2,0.78,2.03,0.0,0.0,6.561,15,141.469,0.49261059477310604,0.06715252057233373,4.959124432182958,20013.477960999997,Car,Car
17,1,2.84,2.0,1.67,0.0,7.813,16,170.686,0.499999750000125,0.05272840155180623,5.145667227013541,29133.710596,Car,Car
6,18,7.4,2.23,0.56,0.0,6.8,14,147.041,0.44843029218372543,0.08160989056378908,4.997489262426241,21621.055680999998,Car,Car
10,4,68.01,2.9,0.0,0.0,7.658,14,167.074,0.3448274673008733,0.04189760200930365,5.124404358612575,27913.721476000002,Car,Ped
9,11,38.17,2.9,1.11,0.56,1.474,13,22.723,0.3448274673008733,0.4400827161870036,3.1664450416802277,516.3347289999999,Car,Car
4,7,84.77,2.07,0.0,0.56,1.434,15,21.796,0.4830915540620512,0.2523398672995106,3.126585081972753,475.065616,Ped,Car
18,4,51.76,2.27,0.0,0.0,1.124,14,14.555,0.44052844029584126,0.7557539844895923,2.7443821303496003,211.84802499999998,Car,Ped
15,11,1.07,2.1,0.0,0.56,2.875,14,55.423,0.47619024943321453,0.23455965511503069,4.032876876794053,3071.7089290000004,HCV,Car
13,23,65.9,1.9,1.67,0.0,2.134,13,38.146,0.5263155124655198,0.47187121921377817,3.6672982460803323,1455.117316,HCV,VRU
13,20,34.64,2.1,0.0,-0.56,3.422,12,68.209,0.47619024943321453,0.24190355756713106,4.2371309119703096,4652.467681,Car,Car
16,3,67.36,1.37,0.0,0.0,0.507,14,0.156,0.7299264745062229,60.89704553175941,0.14496577025018573,0.024336,Car,Ped
4,22,75.93,2.57,0.0,0.0,14.641,15,330.053,0.3891049069630712,0.03938761338516052,5.80227848340501,108934.982809,Ped,Car
19,23,1.75,2.97,0.56,0.0,12.334,13,276.212,0.3367002233332581,0.07602855749920874,5.624782556422051,76293.068944,Car,Car
18,23,71.95,2.03,0.56,0.0,6.501,15,140.07,0.49261059477310604,0.14635539268683237,4.949256221086411,19619.6049,Car,VRU
4,24,74.94,2.4,0.0,0.0,7.508,14,163.575,0.41666649305562786,0.08558765040142045,5.10336639335394,26756.780624999996,Car,VRU
0,5,3.31,2.43,0.0,0.0,9.255,15,204.349,0.41152246439404755,0.01223397221305721,5.324710970656111,41758.513800999994,Car,Car
10,17,57.16,2.83,0.0,0.0,2.614,16,49.344,0.353356765598316,0.2735894886188901,3.9188794462246324,2434.830336,Car,Car
24,16,87.37,1.67,0.0,1.11,3.882,16,78.933,0.5988020366454871,0.25337944518288363,4.3811887837748245,6230.4184890000015,VRU,Car
23,3,68.68,2.8,1.11,0.0,18.068,13,410.027,0.3571427295918823,0.03170522909051055,6.018658905769173,168122.14072899998,Car,Ped
4,6,32.92,1.87,0.0,0.0,1.504,19,23.423,0.5347590723213517,0.21346538814560953,3.19552531125995,548.6369289999999,Car,Ped
6,4,80.17,1.77,0.0,0.0,0.799,19,6.984,0.5649714322195298,0.7159220051658068,2.0774395390091627,48.776256,Car,Ped
22,17,8.24,2.83,0.0,0.0,10.092,9,223.883,0.353356765598316,0.08709906474766255,5.415580266957533,50123.597689,Car,Car
11,9,2.09,2.83,0.56,0.0,3.169,19,62.291,0.353356765598316,0.16053683259962384,4.147743138946796,3880.1686809999997,Car,Car
9,11,53.46,2.73,0.0,0.56,2.261,16,41.102,0.36630023212445706,0.24329715723572684,3.7400952454982064,1689.3744039999997,Car,Car
9,6,40.5,2.63,0.0,0.0,2.112,16,37.62,0.38022799230874815,0.19936203616794165,3.653770277000368,1415.2643999999998,Car,Ped
17,18,1.87,2.83,0.56,0.56,8.138,18,178.26,0.353356765598316,0.09817121004055196,5.188837265929216,31776.627599999996,Car,Car
22,15,70.86,2.73,1.11,-0.56,7.076,18,153.494,0.36630023212445706,0.12052588296268335,5.040155260632248,23560.408036,Car,VRU
22,2,84.09,2.17,0.0,0.0,1.328,18,19.327,0.4608292807238338,0.6208930190462555,3.011950051576825,373.5329290000001,Car,Ped
18,6,83.49,1.27,1.11,0.56,1.296,18,18.584,0.7874009548023978,0.6457167108417611,2.9747129063299154,345.365056,VRU,Ped
18,14,76.96,3.0,0.0,0.56,7.553,17,164.614,0.33333322222225925,0.0971970786373147,5.109659779440567,27097.768996000003,VRU,Car
11,1,73.09,2.9,1.11,-0.56,7.735,20,168.868,0.3448274673008733,0.035530710166930914,5.1350216648526015,28516.401424,Car,Ped
20,5,75.36,2.97,0.56,0.0,15.689,13,354.504,0.3367002233332581,0.035260532926961234,5.873536500938083,125673.08601600002,Car,Ped
5,20,42.94,2.9,0.0,0.0,3.075,16,60.106,0.3448274673008733,0.20796592340255676,4.1126100610289456,3612.731236,Ped,VRU
10,4,66.39,2.07,0.0,0.0,0.975,13,11.083,0.4830915540620512,0.6315978858072827,2.491799506045171,122.83288900000001,Car,Ped
11,3,85.83,2.53,0.0,0.0,1.06,8,13.073,0.39525676076807875,0.5354547131144562,2.6442580680144308,170.903329,Car,Ped
6,18,89.66,2.77,0.56,0.0,3.865,10,78.539,0.36101069999613716,0.15279033151949564,4.376247467409842,6168.374521000001,Ped,Car
4,19,45.41,2.9,0.0,0.0,13.088,14,293.807,0.3448274673008733,0.03914134095123213,5.68632090494508,86322.553249,Ped,Car
17,17,19.67,2.9,0.0,0.0,9.625,8,212.968,0.3448274673008733,0.07982419856586813,5.365826471130441,45355.36902399999,Car,Car
17,17,0.61,2.17,0.0,-0.56,4.844,11,101.379,0.4608292807238338,0.16768758650521717,4.628681613449014,10277.701641000001,Car,Car
17,16,2.13,2.73,0.0,0.0,5.987,15,128.077,0.36630023212445706,0.1288287504483338,4.8604091255129935,16403.717929,Car,Car
0,19,84.0,2.33,0.0,0.0,7.942,7,173.7,0.42918436515692476,0.05469199738231435,5.163070217140011,30171.689999999995,Ped,Car
14,13,0.94,1.67,0.0,0.0,7.205,9,156.49,0.5988020366454871,0.08626749257928626,5.05936196418649,24489.120100000004,Car,Car
14,13,1.71,1.73,0.0,0.0,6.357,8,136.708,0.5780343479570244,0.09875062104082702,4.925135501360025,18689.077264,Car,Car
3,23,69.61,2.03,0.0,0.0,1.472,8,22.681,0.49261059477310604,0.5731669426759427,3.1646730388538846,514.427761,Ped,Car
22,10,84.01,2.7,0.56,0.0,4.719,8,98.472,0.3703702331962099,0.1624827345592378,4.5998761975269815,9696.734783999998,Car,Car
13,4,82.82,2.67,0.0,0.0,2.199,8,39.655,0.37453169493194943,0.21434875263273856,3.705121829659801,1572.519025,Car,Ped
12,6,58.28,3.0,0.56,-0.56,1.733,5,28.781,0.33333322222225925,0.3127062884296484,3.3938706062756943,828.3459609999999,Car,VRU
22,1,53.67,2.17,0.0,0.0,1.838,5,31.23,0.4608292807238338,0.36823565903824335,3.4728976958273465,975.3129,VRU,Ped
10,11,6.82,2.53,3.89,-5.0,8.686,5,191.053,0.39525676076807875,0.05495857141757224,5.2577713756019575,36501.248809,Car,Car
13,15,2.15,2.6,-1.11,-0.56,5.266,10,111.228,0.38461523668644737,0.12586758616654453,4.720532516322286,12371.667983999998,Car,Car
18,18,4.38,2.67,0.0,0.0,5.894,8,125.898,0.37453169493194943,0.142972881674269,4.8433836141548525,15850.306403999999,Car,Car
18,19,2.48,1.37,0.0,0.0,6.994,13,151.577,0.7299264745062229,0.122050178311682,5.027669386652035,22975.586929,Car,VRU
18,18,8.37,1.47,0.0,0.0,3.299,10,65.322,0.6802716460737102,0.2755580007415878,4.1945216671877725,4266.963684,Car,VRU
10,3,39.34,2.67,0.56,0.0,2.989,17,58.1,0.37453169493194943,0.11187607380591956,4.079230924412053,3375.61,Car,Ped
10,1,74.45,2.63,1.67,0.0,1.992,17,34.826,0.38022799230874815,0.15792798030414115,3.5786738867929104,1212.8502760000001,Car,Ped
13,3,69.12,2.3,0.0,0.0,0.734,14,5.472,0.43478241965981757,1.4619880369173908,1.8674851797561907,29.942784000000003,Car,Ped
3,13,68.93,2.6,0.0,0.0,1.991,15,34.806,0.38461523668644737,0.22984542234541686,3.578115477129081,1211.4576359999999,Ped,Car
13,8,6.3,2.9,-0.56,-0.56,3.753,19,75.918,0.3448274673008733,0.13830711901911116,4.342739919342504,5763.542724000001,Car,Car
14,14,3.36,2.23,0.0,0.0,4.274,15,88.096,0.44843029218372543,0.1589175426929992,4.489714440090799,7760.905216000001,Car,Car
9,12,72.28,2.77,1.11,0.0,2.553,17,47.917,0.36101069999613716,0.2191289058344866,3.89012498432693,2296.038889,Car,Car
14,12,1.47,2.53,0.0,0.0,6.039,16,129.285,0.39525676076807875,0.1005530409517497,4.869724358547849,16714.611225,Car,Car
5,12,64.14,2.73,0.0,0.56,1.504,16,23.438,0.36630023212445706,0.362658914469711,3.1961392978943306,549.339844,Ped,Car
12,16,1.4,2.93,0.0,0.0,8.175,14,179.145,0.3412968118440915,0.0781489850224735,5.193762082160031,32092.931025000005,Car,Car
4,3,88.53,2.8,0.0,0.56,1.68,13,27.53,0.3571427295918823,0.12713403097951212,3.3509561652254085,757.9009000000001,Ped,Car
16,7,0.45,2.67,0.0,0.56,6.85,15,148.199,0.37453169493194943,0.0775983638378237,5.0052809853343305,21962.943601000003,Car,Car
9,9,9.22,2.13,0.0,0.0,2.792,16,53.501,0.4694833476604002,0.16822115160050932,3.9982190501247175,2862.357001,Car,Car
18,5,36.61,2.43,0.56,0.56,10.291,17,228.519,0.41152246439404755,0.050324042857162674,5.435985814744831,52220.933361,Car,Ped
8,5,70.19,2.03,0.0,0.56,1.107,18,14.173,0.49261059477310604,0.4586184676061196,2.719517532543104,200.873929,Car,Ped
4,26,86.76,1.93,0.0,0.0,1.796,14,30.259,0.518134446562463,0.49572026518654727,3.4423073347183712,915.607081,Ped,Car
5,4,1.28,2.67,0.56,1.11,4.512,13,93.649,0.37453169493194943,0.04805176725804048,4.55017531235916,8770.135201000001,Car,Car
15,17,9.91,2.17,1.11,1.11,4.018,17,82.11,0.4608292807238338,0.19486055054365425,4.420165031564935,6742.0521,Car,Car
4,3,49.45,2.73,1.11,0.0,1.464,15,22.507,0.36630023212445706,0.1555071686361057,3.157298249135381,506.56504900000004,Car,Ped
3,10,87.41,2.23,0.0,0.56,1.109,18,14.225,0.44843029218372543,0.45694197139248005,2.722938813595961,202.35062499999998,Ped,Car
11,5,81.19,1.57,0.0,0.0,0.902,17,9.388,0.6369422694635226,0.8521515922292723,2.340651293800502,88.13454399999999,Car,Ped
8,9,2.29,1.83,0.0,0.0,3.844,16,78.039,0.5464477888263449,0.10891989762913547,4.369941401537715,6090.085521,Car,Car
8,9,0.03,2.13,0.0,0.0,3.322,19,65.858,0.4694833476604002,0.12906556334742075,4.202570967292972,4337.276164000001,Car,Car
8,9,0.38,2.37,0.0,0.0,3.124,21,61.254,0.42194075023597033,0.13876644564001625,4.131222790308535,3752.0525159999997,Car,Car
8,9,0.56,2.73,0.0,0.0,2.579,21,48.531,0.36630023212445706,0.17514577949875793,3.9025987361803045,2355.257961,Car,Car
8,7,1.11,2.97,0.0,-1.11,2.357,21,43.353,0.3367002233332581,0.17299840442418277,3.7921803502108076,1879.4826090000001,Car,Car
0,1,10.54,2.93,-1.67,-4.44,9.592,16,212.206,0.3412968118440915,0.002356201038819821,5.3622588344848126,45031.38643599999,Car,Car
7,16,7.44,2.0,0.0,0.0,3.528,15,70.683,0.499999750000125,0.1626982419719276,4.2722536204694475,4996.086489000001,Car,Car
6,16,7.31,2.3,0.56,0.0,3.466,22,69.22,0.43478241965981757,0.1589136064878127,4.251633170740286,4791.4084,Car,VRU
25,13,31.1,1.67,0.0,0.56,2.9,22,56.019,0.5988020366454871,0.3391706324787906,4.04338454562467,3138.128361,VRU,Car
14,15,3.66,2.6,0.0,0.0,8.598,18,189.009,0.38461523668644737,0.07671592317447358,5.247071439459691,35724.40208099999,Car,Car
6,5,68.01,2.37,0.0,0.0,4.5,20,93.367,0.42194075023597033,0.058907322084812384,4.5471914357642405,8717.396689000001,Ped,Car
7,4,73.76,3.0,0.0,0.0,1.294,18,18.521,0.33333322222225925,0.29696019129851564,2.9714908091809566,343.027441,Car,Ped
21,21,1.87,2.67,0.0,0.0,13.877,24,312.21,0.37453169493194943,0.06726241930987983,5.746873892087149,97475.0841,Car,Car
11,16,0.85,1.67,0.0,0.0,5.282,20,111.613,0.5988020366454871,0.1209536512686367,4.723957161972142,12457.461769,Car,Car
11,16,3.51,1.73,0.0,0.0,4.606,22,95.84,0.5780343479570244,0.14085976480738976,4.573060132069858,9185.305600000002,Car,Car
11,9,14.06,2.97,0.0,0.0,4.263,22,87.834,0.3367002233332581,0.11385112696847317,4.486769459600061,7714.811556000001,Car,Car
11,16,73.65,2.33,0.0,1.11,2.939,21,56.916,0.42918436515692476,0.2371916466864916,4.058993684919175,3239.4310559999994,Car,Car
11,11,84.27,2.6,1.67,0.56,4.011,20,81.948,0.38461523668644737,0.13423146221711987,4.418213905435594,6715.474703999999,Car,Car
8,14,62.48,2.4,0.0,0.0,2.676,18,50.787,0.41666649305562786,0.2165908556010228,3.9471391525174235,2579.319369,Car,Car
8,3,63.84,2.07,0.0,0.0,0.588,20,2.047,0.4830915540620512,2.686857505199069,1.114157500003572,4.190209,Car,Ped
7,4,76.2,2.67,0.56,0.0,2.619,25,49.466,0.37453169493194943,0.11118748006332674,3.9212998422083554,2446.8851560000003,Car,Ped
16,5,67.72,1.4,0.0,0.0,0.712,13,4.944,0.7142852040819971,2.123785978198629,1.7823823074154581,24.443136,Car,Ped
4,9,69.84,2.9,0.0,0.0,1.665,22,27.197,0.3448274673008733,0.23899693940519398,3.339215589306274,739.6768089999999,Ped,Car
20,4,80.63,2.67,0.56,0.0,2.832,23,54.426,0.37453169493194943,0.2204828534067752,4.015048797739253,2962.189476,Car,Ped
14,4,65.74,2.5,1.11,0.0,2.122,23,37.861,0.399999840000064,0.23771162310262217,3.659991177020151,1433.4553209999997,Car,Ped
14,4,67.61,1.63,0.56,0.0,0.775,23,6.418,0.6134965561370822,1.4023057958389225,2.0039094790673992,41.190724,Car,Ped
17,5,47.72,2.43,0.0,0.0,2.126,20,37.94,0.41152246439404755,0.28993146310143747,3.6620219999440535,1439.4435999999998,Car,Ped
15,9,3.5,1.8,0.0,0.0,9.392,25,207.54,0.5555552469137517,0.05782017896395789,5.340130869361447,43072.851599999995,Car,Car
14,4,43.59,2.67,0.0,0.0,0.52,21,0.468,0.37453169493194943,19.230728139469786,0.38390093019232385,0.21902400000000002,Car,Ped
14,5,43.64,2.47,0.0,0.0,9.432,24,208.472,0.40485813568496526,0.04556966860983888,5.344590078878715,43460.574784000004,Car,Ped
4,13,81.71,1.7,0.0,0.56,0.849,22,8.155,0.5882349480970894,1.0423052063390306,2.214300178126474,66.50402499999998,Ped,Car
3,8,68.23,1.7,0.0,1.11,1.092,19,13.807,0.5882349480970894,0.39834863487009237,2.695100041926582,190.633249,Ped,Car
3,3,65.96,1.8,0.0,0.56,1.137,19,14.857,0.5555552469137517,0.2019250049185566,2.7636110432074306,220.730449,Ped,Car
13,17,3.67,2.2,0.0,0.0,6.663,19,143.844,0.45454524793397816,0.10427963554767919,4.975657301196582,20691.096336,Car,Car
12,15,3.44,1.67,0.0,0.0,3.579,17,71.854,0.5988020366454871,0.1878809782631311,4.288457438477718,5162.997316,Car,Car
4,17,83.63,1.5,0.0,0.56,0.891,19,9.119,0.6666662222225186,1.1514419178153397,2.3144148447476227,83.156161,Ped,Car
14,10,65.62,2.53,1.11,2.22,1.246,26,17.403,0.39525676076807875,0.6895362472254067,2.9125136948030574,302.86440899999997,Car,Car
16,4,75.17,2.33,1.67,0.0,1.42,26,21.465,0.42918436515692476,0.465874658007237,3.1119585425221232,460.746225,Car,Ped
15,3,60.39,2.4,0.0,0.0,1.347,18,19.769,0.41666649305562786,0.4552582095574784,3.033461490363998,390.81336099999993,Car,Ped
3,17,87.12,2.53,0.0,0.0,10.439,15,231.976,0.39525676076807875,0.04310790752876199,5.4509354439685485,53812.864576,Ped,Car
16,17,3.43,2.67,0.0,0.0,9.281,15,204.948,0.37453169493194943,0.08050822608413731,5.327623709740011,42003.682704000006,LCV,Car
14,15,3.45,2.77,1.11,-0.56,4.186,19,86.029,0.36101069999613716,0.16854781331239685,4.466241396444704,7400.988840999999,LCV,Car
3,5,3.18,2.4,0.56,1.11,7.733,15,168.826,0.41666649305562786,0.02369303292328769,5.134774383474573,28502.218275999996,LCV,Car
12,16,6.44,2.43,0.0,0.56,4.36,18,90.092,0.41152246439404755,0.15539670386497464,4.511869984822631,8116.568464,LCV,Car
2,19,11.93,2.77,0.56,0.56,8.798,16,193.67,0.36101069999613716,0.05421593404132838,5.271305817301187,37508.0689,Car,Car
3,18,77.67,2.87,0.0,0.0,1.51,19,23.573,0.3484319343442737,0.4454248315689631,3.201648279201575,555.686329,Ped,VRU
2,7,0.66,2.8,0.56,0.0,6.447,9,138.811,0.3571427295918823,0.032418179881866856,4.940291510538348,19268.493721000003,Car,Car
9,10,0.06,2.27,0.0,0.0,5.9,10,126.039,0.44052844029584126,0.07537349490734221,4.844494125931321,15885.829521,Car,Car
9,1,85.84,2.87,0.0,0.0,3.205,16,63.14,0.3484319343442737,0.07918910232516468,4.161068194265009,3986.6596,Car,Ped
9,18,0.32,2.87,0.0,0.0,8.903,11,196.114,0.3484319343442737,0.0688375125241568,5.283782241570212,38460.700996,Car,VRU
9,18,8.63,2.57,0.0,0.0,5.541,13,117.648,0.3891049069630712,0.11474908103198456,4.7761611264396615,13841.051904,Car,VRU
9,18,0.31,2.93,0.0,0.0,9.431,12,208.46,0.3412968118440915,0.06476062522900976,5.344532790344999,43455.5716,Car,VRU
3,23,71.0,1.9,0.0,-1.67,1.219,21,16.792,0.5263155124655198,0.7741781339817689,2.878748918068172,281.9712640000001,Ped,Car
2,14,78.82,2.83,0.56,0.56,3.061,19,59.784,0.353356765598316,0.13381506533830012,4.10732659644527,3574.126656,Ped,VRU
4,24,85.24,2.2,0.0,0.56,1.691,18,27.802,0.45454524793397816,0.5035608767872499,3.360444829175191,772.951204,Ped,Car
22,28,3.36,2.27,0.0,0.0,11.984,18,268.033,0.44052844029584126,0.09327209674453482,5.594834048657608,71841.689089,Car,Car
22,23,3.04,2.2,0.0,-1.11,9.471,18,209.372,0.45454524793397816,0.10746422583982468,5.3488773921597375,43836.634384000005,Car,Car
22,28,2.81,2.37,0.0,0.0,9.677,16,214.2,0.42194075023597033,0.1167133514625894,5.371567828287629,45881.63999999999,Car,Car
22,5,82.1,2.1,0.0,0.0,10.615,18,236.075,0.47619024943321453,0.05718521632029984,5.468376546769791,55731.40562499999,Car,Ped
24,4,84.83,1.77,0.56,0.0,1.009,20,11.887,0.5649714322195298,1.1777571146835102,2.556219051306254,141.300769,Car,Ped
4,17,87.1,2.17,0.0,0.0,1.836,16,31.187,0.4608292807238338,0.3366787335531236,3.4715626443227188,972.6289690000001,Ped,Car
3,17,86.87,2.2,0.0,0.0,2.355,17,43.3,0.45454524793397816,0.23094687688344398,3.7909846770510898,1874.8899999999996,Ped,Car
17,13,0.36,2.57,1.11,0.0,9.87,13,218.704,0.3891049069630712,0.06858585088253598,5.392281185870251,47831.439616,Car,Car
15,13,3.71,2.47,2.22,1.11,9.504,13,210.148,0.40485813568496526,0.06661971531197197,5.352559309395714,44162.181904,Car,Car
13,3,74.77,1.93,0.0,0.0,1.518,17,23.759,0.518134446562463,0.33671449401428954,3.209189059278657,564.490081,Car,Ped
13,21,5.66,2.87,0.0,-1.11,10.949,19,243.878,0.3484319343442737,0.06970698435403365,5.500760127338205,59476.478884,Car,Car
5,18,83.09,2.83,0.0,0.0,2.609,17,49.222,0.353356765598316,0.23363536155305836,3.9164531777074614,2422.805284,Ped,Car
4,22,60.76,2.4,0.0,0.0,2.153,15,38.578,0.41666649305562786,0.33697961695837997,3.678273408326712,1488.2620840000002,Ped,Car
18,15,1.36,1.3,0.0,0.0,3.968,15,80.945,0.7692301775152481,0.20384211249808992,4.40604829051579,6552.093024999999,Car,Car
16,15,4.9,2.6,0.0,0.0,6.182,21,132.623,0.38461523668644737,0.11687263810294868,4.895022401974078,17588.860128999997,Car,Car
16,15,10.14,2.47,0.56,0.0,5.468,19,115.96,0.40485813568496526,0.13366678049614714,4.761831996001468,13446.721599999999,Car,Car
14,5,75.69,1.6,0.56,0.56,0.837,21,7.868,0.6249996093752441,1.2074223173077887,2.182449291754065,61.905424000000004,Car,Ped
15,3,69.45,2.4,0.56,0.0,1.396,22,20.915,0.41666649305562786,0.4303131517899521,3.0871713338707725,437.43722499999996,Car,Ped
14,4,71.71,2.73,0.56,0.0,2.468,21,45.925,0.36630023212445706,0.19597168871046952,3.8485505824725723,2109.1056249999997,Car,Ped
4,9,51.78,2.63,0.0,-1.11,1.328,23,19.318,0.38022799230874815,0.3364737376294783,3.0115071926693533,373.18512400000003,Ped,Car
3,9,55.58,2.53,0.0,0.56,0.922,18,9.849,0.39525676076807875,0.6091988415880961,2.3840729098403135,97.002801,Ped,Car
8,3,67.59,2.47,0.56,0.0,1.786,21,30.013,0.40485813568496526,0.18325391719408532,3.4344064714191904,900.7801690000001,Car,Ped
7,3,68.41,2.03,0.56,0.0,0.533,22,0.761,0.49261059477310604,6.570293600139816,0.5658818295140691,0.579121,Car,Ped
5,14,88.73,2.5,0.0,1.11,2.628,19,49.67,0.399999840000064,0.1912623275364943,3.9253340194878183,2467.1089,Ped,Car
4,20,61.78,1.53,0.0,0.0,0.679,19,4.182,0.6535943440559843,2.869439772969925,1.6451910821399183,17.489124000000004,Ped,Car
3,16,75.51,2.03,0.0,0.56,0.644,22,3.366,0.49261059477310604,2.8223402191502616,1.473847258127752,11.329956000000001,Ped,Car
3,16,76.62,1.9,0.0,0.56,1.229,15,17.012,0.5263155124655198,0.5584293111668639,2.8910382024393253,289.408144,Ped,Car
3,15,86.04,1.4,0.0,0.0,0.923,25,9.881,0.7142852040819971,0.9108388917276702,2.387018148968875,97.634161,Ped,Car
5,22,56.37,1.57,0.0,0.0,0.894,16,9.204,0.6369422694635226,1.4667534260372201,2.322779800279565,84.71361600000002,Ped,Car
5,29,57.18,2.97,0.0,4.44,2.767,17,52.903,0.3367002233332581,0.32134282892571636,3.9871861349931548,2798.727409,Ped,Car
20,4,78.89,2.7,0.56,0.0,1.612,17,25.963,0.3703702331962099,0.46219618448576105,3.294465555817787,674.0773690000001,Car,Ped
2,11,77.95,2.7,0.0,-0.56,1.95,20,33.844,0.3703702331962099,0.19205767072279664,3.5508809559566457,1145.416336,Ped,Car
3,16,84.26,2.93,0.0,0.56,16.026,21,362.366,0.3412968118440915,0.026216587576603247,5.895410590770456,131309.117956,Ped,Car
3,22,89.69,1.87,0.0,0.0,0.658,18,3.676,0.5347590723213517,3.4004343306761884,1.542443043609822,13.512976000000002,Ped,Car
15,4,89.14,2.17,0.0,0.0,1.257,18,17.679,0.4608292807238338,0.5373606800520007,2.927399898177166,312.5470409999999,Car,Ped
5,13,84.81,2.23,0.0,1.11,3.831,26,77.752,0.44843029218372543,0.11575264796079011,4.366303674208646,6045.373503999999,Ped,Car
8,15,1.95,2.53,1.67,1.67,4.245,27,87.401,0.39525676076807875,0.13157744040025354,4.48188328179681,7638.934800999999,Car,Car
5,12,78.14,1.73,0.56,-1.11,0.691,26,4.45,0.5780343479570244,1.9101119303119256,1.6956156086751528,19.802500000000002,Ped,Car
5,11,70.45,2.33,0.56,0.56,1.767,24,29.565,0.42918436515692476,0.27059021577574105,3.419855563480689,874.089225,Ped,Car
15,16,61.76,2.27,1.11,1.11,4.828,22,101.022,0.44052844029584126,0.15343192420035315,4.62518847630184,10205.444484000001,Car,Car
3,15,64.59,3.0,0.0,0.56,1.214,25,16.657,0.33333322222225925,0.5403133493238068,2.871132305320661,277.455649,Ped,Car
3,10,56.66,1.7,0.0,0.56,0.662,23,3.786,0.5882349480970894,1.7168511048993382,1.5656949894861816,14.333796,Ped,Car
3,12,60.89,3.0,0.0,0.0,8.889,12,195.801,0.33333322222225925,0.03830419641215216,5.282193065906056,38338.031600999995,Ped,Car
3,16,56.12,2.33,0.0,0.56,1.361,24,20.105,0.42918436515692476,0.47251925030991043,3.049509979234462,404.211025,Ped,Car
18,4,0.39,1.8,-0.56,0.56,2.299,25,41.984,0.5555552469137517,0.2620045669301504,3.7608279534265203,1762.6562560000002,Car,Car
19,2,5.89,1.87,0.56,0.56,4.107,21,84.179,0.5347590723213517,0.12473419588336526,4.444754924581121,7086.1040410000005,Car,Car
14,5,53.53,2.8,0.0,1.11,1.404,29,21.089,0.3571427295918823,0.4504717885878046,3.0950797470546894,444.74592099999995,Car,Ped
9,7,50.45,1.27,0.56,1.67,0.681,28,4.224,0.7874009548023978,1.8939389455636964,1.65326339197413,17.842176000000002,Car,Ped
4,15,56.12,2.4,0.56,0.56,3.277,24,64.818,0.41666649305562786,0.1465642237254432,4.1868933571525915,4201.373124,Ped,Car
12,13,25.79,2.9,0.0,0.0,10.378,18,230.552,0.3448274673008733,0.0542177033631558,5.444804470332775,53154.22470399999,Car,Car
12,10,2.91,2.67,0.0,0.0,7.92,17,173.182,0.37453169493194943,0.06351699331618187,5.160100729573227,29992.005123999996,Car,Car
17,17,0.65,2.47,0.0,0.0,10.852,13,241.62,0.40485813568496526,0.07035841374737847,5.491496433342773,58380.2244,Car,LCV
17,17,11.41,2.23,0.0,0.0,7.313,16,159.019,0.44843029218372543,0.10690546345464716,5.0752925581836035,25287.042361000003,Car,LCV
12,10,83.66,2.4,0.56,0.56,3.264,18,64.516,0.41666649305562786,0.17050033835792147,4.182294387620133,4162.314256000001,Car,Car
17,19,2.88,1.57,0.0,0.0,6.154,18,131.969,0.6369422694635226,0.13639566764622246,4.890116018346991,17415.816960999997,Car,VRU
17,19,5.73,2.87,0.0,0.0,13.154,13,295.35,0.3484319343442737,0.06094464174388135,5.691541188233847,87231.62250000001,LCV,VRU
2,18,10.9,1.57,0.0,0.0,3.603,26,72.42,0.6369422694635226,0.13808340046833195,4.2961963780686885,5244.6564,Car,VRU
10,17,9.44,2.1,0.0,-0.56,5.983,18,127.984,0.47619024943321453,0.1054819344177246,4.859688365661438,16379.904255999998,Car,VRU
19,21,1.42,2.27,0.0,0.0,7.685,21,167.694,0.44052844029584126,0.1192648507444223,5.128086422825777,28121.277635999995,Car,Car
2,12,21.77,2.17,0.56,1.11,3.363,19,66.823,0.4608292807238338,0.10475434947915616,4.216901370458181,4465.313328999999,Ped,Car
3,17,58.1,2.53,0.0,0.0,1.219,18,16.785,0.39525676076807875,0.5957699972731607,2.8783554054004186,281.736225,Ped,Car
15,4,7.09,1.53,0.0,0.0,3.883,15,78.957,0.6535943440559843,0.12031865293363918,4.3814889901689735,6234.207848999999,Car,Car
5,15,80.94,2.9,0.0,0.0,2.156,20,38.643,0.3448274673008733,0.2587790736024876,3.6799143877282865,1493.281449,Ped,Car
1,1,56.95,2.9,0.0,0.0,3.362,20,66.804,0.3448274673008733,0.014969163299066474,4.21662119025624,4462.774416,Car,Ped
4,24,84.55,2.97,0.0,0.56,3.474,20,69.41,0.3367002233332581,0.20170004031551594,4.254335298531042,4817.7481,Car,Car
19,11,78.53,2.5,0.0,0.56,3.243,15,64.014,0.399999840000064,0.2343237380209995,4.174602631319085,4097.792195999999,Car,Car
19,21,0.48,1.53,0.0,0.0,6.593,11,142.204,0.6535943440559843,0.14064301889790007,4.964270187097322,20221.977616000004,Car,VRU
19,21,1.43,1.53,0.0,0.0,7.058,9,153.073,0.6535943440559843,0.13065661396420913,5.037426516072835,23431.343329000003,Car,VRU
10,21,63.64,1.7,1.67,1.67,1.505,22,23.464,0.5882349480970894,0.6605864021229798,3.1972026491867065,550.5592959999999,Car,VRU
26,5,72.63,2.2,0.0,0.0,2.259,17,41.059,0.45454524793397816,0.37750553161290995,3.739073394433185,1685.8414809999997,Car,Ped
2,12,63.39,1.93,0.0,0.0,0.789,13,6.741,0.518134446562463,1.0384214451236544,2.046530878222576,45.441081,Ped,Car
11,4,83.81,2.93,2.22,0.0,2.888,15,55.735,0.3412968118440915,0.1345653514925029,4.0383913042429525,3106.390225,Car,Car
15,18,3.45,1.63,0.0,0.0,3.191,19,62.811,0.6134965561370822,0.26269283624376566,4.1559255892822975,3945.221721,Car,Car
3,21,69.95,2.53,0.0,0.0,1.833,20,31.114,0.39525676076807875,0.3856784603175914,3.469292072127493,968.080996,Ped,VRU
3,17,69.57,1.27,0.0,0.0,0.866,18,8.545,0.7874009548023978,1.1702748776740928,2.2560174571777107,73.017025,Ped,Car
7,17,30.89,2.27,0.0,0.0,2.045,17,36.07,0.44052844029584126,0.33268643380409113,3.612808017162641,1301.0449,VRU,Car
7,21,28.32,2.9,0.0,0.0,4.747,19,99.135,0.3448274673008733,0.14122156512612533,4.606519275557387,9827.748225000001,VRU,VRU
17,4,69.07,2.1,-1.11,0.0,2.17,19,38.979,0.47619024943321453,0.2693758108372249,3.688354316253183,1519.362441,VRU,Ped
18,6,84.95,2.33,-1.67,0.0,11.67,18,260.714,0.42918436515692476,0.04602744752476872,5.56725230447511,67971.789796,VRU,Ped
4,17,87.19,1.7,0.0,0.0,1.686,19,27.679,0.5882349480970894,0.37934895121395457,3.356165147620047,766.127041,Ped,Car
6,11,89.15,2.6,0.0,1.11,2.831,13,54.415,0.38461523668644737,0.15620692536604017,4.0148503152276165,2960.992225,Ped,Car
11,4,67.75,2.33,-0.56,0.0,0.509,16,0.221,0.42918436515692476,33.93649802489581,0.19967019512856765,0.048841,Car,Ped
3,20,25.11,2.23,0.0,1.67,1.783,16,29.948,0.44843029218372543,0.38399891865904506,3.432308376687208,896.882704,Ped,VRU
20,20,0.91,2.73,0.0,0.0,7.975,12,174.459,0.36630023212445706,0.1146401153586796,5.167405397379312,30435.942681,LCV,Car
3,20,73.7,1.67,0.0,0.0,0.5,14,0.0,0.5988020366454871,11500000.0,0.0,0.0,Ped,Car
3,22,38.42,1.7,0.0,-0.56,0.914,16,9.673,0.5882349480970894,1.2922566636765571,2.3677171879318277,93.566929,Ped,VRU
4,22,56.57,2.53,0.0,0.0,1.911,12,32.94,0.39525676076807875,0.3946569400529163,3.52459425980608,1085.0435999999997,Ped,LCV
15,23,1.3,1.83,0.0,0.0,9.479,16,209.578,0.5464477888263449,0.09065837019792931,5.349856130805393,43922.938084,Car,VRU
19,17,1.38,2.17,0.0,0.0,10.111,14,224.313,0.4608292807238338,0.0802450144207201,5.4174905466168894,50316.321969,Car,Car
15,17,26.85,1.93,0.0,-1.67,4.85,24,87.137,0.518134446562463,0.18361889686793328,4.4788924220748765,7592.856769,Car,Car
14,11,9.26,2.6,-0.56,0.0,3.79,19,65.908,0.38461523668644737,0.18965830870822498,4.203318541449763,4343.864464,Car,Car
15,14,0.04,2.53,0.0,0.0,8.916,23,168.573,0.39525676076807875,0.08601614679684084,5.13328351257123,28416.856329000002,Car,Car
14,9,8.78,2.4,0.0,0.56,4.124,18,72.583,0.41666649305562786,0.15843930178637833,4.298414020794374,5268.291889,Car,Car
15,14,0.18,2.63,0.0,0.0,7.082,23,131.847,0.38022799230874815,0.10997595614632144,4.889198090091609,17383.631409,Car,Car
15,14,0.47,2.63,0.56,0.56,5.49,23,99.948,0.38022799230874815,0.1450754377768896,4.6146055327745765,9989.602703999999,Car,Car
9,10,35.31,2.67,0.56,1.11,1.693,22,23.888,0.37453169493194943,0.39768919969485933,3.214385759595336,570.6365440000001,Car,Car
11,11,0.17,2.2,0.0,0.0,7.507,20,140.364,0.45454524793397816,0.07836767206429232,4.951338124158922,19702.052496,Car,Car
11,4,87.54,2.43,0.0,0.0,2.851,20,47.091,0.41152246439404755,0.1592660984208002,3.8730950494173104,2217.562281,Car,Ped
14,10,1.81,2.47,0.0,0.0,8.131,20,152.859,0.40485813568496526,0.07850371860012352,5.036036598594615,23365.873881000003,Car,Car
14,10,21.19,2.37,0.0,0.0,6.032,22,110.806,0.42194075023597033,0.10829738364080119,4.716765226543933,12277.969636,Car,Car
13,12,47.12,2.57,-0.56,0.0,6.745,22,125.09,0.3891049069630712,0.09992805100385281,4.836995937685135,15647.508100000001,Car,LCV
11,3,82.33,2.93,0.0,0.0,10.312,19,196.533,0.3412968118440915,0.03561742793516902,5.285905658991025,38625.220088999995,Car,Ped
10,6,12.67,2.9,0.0,0.0,8.207,21,154.382,0.3448274673008733,0.05181951230182591,5.045886601108891,23833.801924000003,Car,Car
10,3,81.14,1.83,0.0,0.0,1.341,19,16.851,0.5464477888263449,0.3857337614542899,2.882059529065415,283.95620099999996,Car,Ped
9,17,9.39,2.43,0.0,0.0,4.967,21,89.483,0.41152246439404755,0.14527898991675525,4.505161987756874,8007.207289000001,Car,LCV
9,12,11.41,2.7,0.0,0.56,4.808,22,86.298,0.3703702331962099,0.12167141623593344,4.469327553075684,7447.344804,Car,Car
9,11,28.26,2.4,0.0,0.56,4.91,19,88.345,0.41666649305562786,0.11319259592288647,4.492505280330625,7804.839025,Car,Car
10,6,34.23,2.57,0.0,0.0,2.885,19,47.769,0.3891049069630712,0.16747262518636302,3.887094865103295,2281.877361,Car,Ped
14,13,1.04,1.77,0.0,0.0,4.432,23,78.771,0.5649714322195298,0.17138286715437323,4.379160029885581,6204.870441,Car,Car
14,13,0.4,1.83,0.0,0.0,3.803,20,66.153,0.5464477888263449,0.2040723745850925,4.206973598069587,4376.219409000001,Car,Car
14,13,4.64,2.1,-0.56,-1.67,10.875,19,207.819,0.47619024943321453,0.06496037385917373,5.341467848037166,43188.73676099999,Car,Car
16,5,71.8,2.43,0.0,0.0,2.832,22,46.716,0.41152246439404755,0.22476238922933495,3.8652667714196993,2182.384656,Car,Ped
16,12,24.55,2.43,0.0,0.0,4.314,21,76.406,0.41152246439404755,0.18323168097751902,4.349064296971054,5837.876836000001,Car,Car
16,4,67.98,2.0,0.0,0.0,0.819,22,6.39,0.499999750000125,1.56494498201174,2.0001277349601105,40.8321,Car,Ped
10,11,5.05,2.73,0.0,0.0,2.707,19,44.215,0.36630023212445706,0.23747596432260626,3.8114288901924436,1954.9662250000003,Car,Car
10,11,5.16,2.77,0.0,0.0,6.152,23,113.22,0.36101069999613716,0.09273979780304012,4.738126413236717,12818.768399999999,Car,Car
12,9,54.19,2.6,0.0,0.0,3.746,19,65.015,0.38461523668644737,0.16150118954854742,4.189881988931164,4226.9502250000005,Car,Car
11,12,8.51,2.97,0.0,0.0,5.184,19,93.821,0.3367002233332581,0.1225738361073338,4.55199090371661,8802.380041,Car,Car
12,14,3.71,2.57,0.0,0.0,5.447,20,99.088,0.3891049069630712,0.13119651086714326,4.606049799015099,9818.431744,Car,Car
8,10,66.8,1.37,0.56,0.0,0.954,19,9.102,0.7299264745062229,0.9887935630857435,2.312733424045861,82.846404,Ped,Car
17,10,4.67,1.93,0.0,0.0,3.466,19,59.409,0.518134446562463,0.22723829340271184,4.101138100462902,3529.4292809999997,LCV,Car
14,14,0.5,1.73,0.0,0.0,7.894,21,148.101,0.5780343479570244,0.09453008356101524,5.004623928656317,21933.906200999998,Car,Car
14,14,5.17,1.73,0.0,0.0,3.953,19,69.169,0.5780343479570244,0.20240280758139043,4.250906618058189,4784.350560999999,Car,Car
14,13,1.68,1.83,0.56,0.0,1.864,19,27.317,0.5464477888263449,0.49419773422419244,3.343462331010917,746.218489,Car,Car
4,19,85.45,2.27,0.0,-0.56,0.616,17,2.322,0.44052844029584126,4.952624912736902,1.200567011191103,5.391684000000001,Ped,Car
19,16,8.68,2.97,1.11,0.0,6.866,18,127.517,0.3367002233332581,0.13723660267072937,4.8560611913048115,16260.585288999999,Car,Car
18,17,1.4,2.67,0.0,0.0,12.751,14,245.401,0.37453169493194943,0.07131185255434226,5.506960290092688,60221.650801,Car,Car
13,15,5.53,2.1,0.0,0.56,4.344,21,77.008,0.47619024943321453,0.18179929121910335,4.356811385532818,5930.232063999999,Car,Car
16,16,1.95,2.13,0.56,0.0,5.274,18,95.623,0.4694833476604002,0.16732375927001078,4.570816808116395,9143.758129000002,Car,Car
16,16,7.23,2.33,0.0,0.0,6.027,21,110.711,0.42918436515692476,0.14452041671992472,4.715915179292757,12256.925521,Car,Car
18,17,2.6,2.57,0.0,0.0,10.343,14,197.154,0.3891049069630712,0.08876309844708655,5.289044506159922,38869.699715999996,Car,Car
12,12,16.89,2.93,1.11,0.0,2.346,18,36.972,0.3412968118440915,0.32456993604430556,3.636849046019552,1366.9287840000002,Car,Car
10,12,24.03,2.63,1.11,0.0,3.245,19,54.985,0.38022799230874815,0.20005455669628888,4.02508379771216,3023.350225,Car,Car
10,10,3.2,2.77,0.0,0.56,2.058,22,31.209,0.36101069999613716,0.32042038128679606,3.472245916602237,974.001681,Car,Car
14,12,0.79,2.4,0.0,0.0,6.704,17,124.273,0.41666649305562786,0.1046084016269954,4.830495355841078,15443.778529,Car,Car
14,17,5.11,2.37,0.0,0.56,6.767,21,125.523,0.42194075023597033,0.12348334469791716,4.840424109822471,15756.023528999998,Car,Car
2,12,88.93,2.4,0.0,0.0,3.165,19,53.381,0.41666649305562786,0.13113279760340202,3.996014828148892,2849.531161,Ped,Car
2,17,74.78,2.73,0.0,0.0,1.212,24,14.268,0.36630023212445706,0.6658255771078233,2.7257591348829835,203.575824,Ped,Car
2,12,48.12,2.53,0.0,0.0,1.433,22,18.69,0.39525676076807875,0.37453181516683703,2.9801108926510342,349.31610000000006,Ped,Car
12,17,52.81,1.9,0.56,0.0,3.153,21,53.132,0.5263155124655198,0.27290521205854834,3.991425508214259,2823.009424,Car,Car
10,4,89.28,2.13,1.11,0.0,1.61,24,22.233,0.4694833476604002,0.3148472848986963,3.145573681793151,494.30628900000005,Car,Ped
9,3,83.09,2.4,1.11,0.0,2.495,24,39.971,0.41666649305562786,0.15010882514550988,3.712864499364397,1597.6808409999996,Car,Ped
4,1,56.24,2.73,0.0,0.0,9.77,24,185.692,0.36630023212445706,0.013463153967520658,5.229460200138449,34481.518864000005,Ped,Car
17,12,16.62,2.03,0.0,0.0,3.676,24,63.627,0.49261059477310604,0.2278906717605628,4.168632280125349,4048.3951290000005,Car,Car
5,11,71.5,2.33,0.56,0.56,1.297,23,15.955,0.42918436515692476,0.5014101848066321,2.8305627755776017,254.562025,Ped,Car
8,2,79.53,2.27,-1.11,0.0,0.5,24,0.0,0.44052844029584126,5000000.0,0.0,0.0,Car,Ped
10,3,82.97,2.47,-0.56,0.0,1.343,24,16.883,0.40485813568496526,0.3850026425989076,2.883850540905899,285.035689,Car,Ped
10,12,2.25,2.93,0.56,0.0,6.49,16,119.979,0.3412968118440915,0.09168271037696005,4.795616976815543,14394.960441,Car,Car
11,3,58.48,1.67,0.0,0.0,1.191,20,13.849,0.5988020366454871,0.5054516206620246,2.6979325229139244,191.794801,Car,Ped
9,3,25.69,2.6,0.0,0.56,4.815,16,86.434,0.38461523668644737,0.06941712671614034,4.470884223032683,7470.836356,Car,Ped
3,20,83.05,1.67,0.0,0.0,0.508,22,0.152,0.5988020366454871,75.65739699080927,0.1414995622736995,0.023104,Ped,Car
3,15,57.44,2.13,0.0,0.0,1.173,18,13.489,0.4694833476604002,0.6672102700563222,2.6733897408385854,181.953121,Ped,Car
8,21,51.39,2.13,0.0,0.56,4.229,20,74.699,0.4694833476604002,0.19411236838361468,4.3267649503165195,5579.940600999999,Ped,Car
19,21,1.81,1.83,1.11,2.78,9.522,18,180.719,0.5464477888263449,0.11066904912782248,5.2024615379044565,32659.356960999998,Car,Car
1,16,77.36,2.2,0.0,2.22,11.504,20,220.41,0.45454524793397816,0.038564493269069036,5.400016186372871,48580.5681,Ped,Car
20,4,87.48,1.77,0.0,0.0,0.5,21,0.0,0.5649714322195298,12000000.0,0.0,0.0,Car,Ped
21,1,59.89,2.5,0.56,0.0,13.254,22,255.476,0.399999840000064,0.04305688188692135,5.547035092981674,65267.986576,Car,Ped
5,9,69.16,1.8,0.0,0.0,1.238,18,14.773,0.5555552469137517,0.47383737400410386,2.758299617505337,218.24152899999999,Ped,Car
3,12,67.11,2.1,0.0,0.0,1.725,18,24.538,0.47619024943321453,0.3056483696451068,3.2401675390024893,602.113444,Ped,Car
3,5,83.71,2.87,0.0,0.0,1.874,20,27.527,0.3484319343442737,0.14531187033414936,3.3508510072254167,757.7357290000001,Ped,Car
10,12,6.49,2.63,0.0,0.0,15.229,22,295.034,0.38022799230874815,0.03728383834648265,5.690474312592462,87045.061156,Car,Car
8,7,84.8,2.3,0.0,0.56,4.669,17,83.51,0.43478241965981757,0.0898096025648473,4.436869870556391,6973.920100000001,Car,Car
14,5,60.87,1.83,0.0,0.0,1.125,22,12.522,0.5464477888263449,0.7586646894533869,2.604317988668486,156.800484,Car,Ped
9,6,87.66,2.07,0.0,0.0,10.112,18,192.542,0.4830915540620512,0.038952540022683155,5.265494543180534,37072.421764,Car,Ped
9,9,77.86,2.97,0.0,0.0,2.594,16,41.935,0.3367002233332581,0.2146178558574495,3.759687344124448,1758.544225,Car,VRU
9,4,59.03,3.0,0.0,0.0,2.071,17,31.476,0.33333322222225925,0.20650653810819233,3.4805013550002,990.738576,Car,Ped
9,9,61.55,2.6,0.0,0.56,5.233,17,94.812,0.38461523668644737,0.09492469207563714,4.56238793809265,8989.315343999999,Car,Car
9,3,64.57,2.83,0.0,0.0,0.544,18,0.872,0.353356765598316,6.88072605421324,0.6270073780554003,0.760384,Car,Ped
9,19,66.63,2.43,0.0,0.56,8.096,22,152.158,0.41152246439404755,0.09200962097287281,5.031470068284085,23152.056963999996,Car,Car
9,15,1.0,2.57,0.0,0.0,8.157,16,153.383,0.3891049069630712,0.07823552754714976,5.039436527901883,23526.344689,Car,Car
9,15,2.41,2.73,0.0,0.0,8.81,17,166.466,0.36630023212445706,0.07208679206512565,5.120780345586236,27710.929156000002,Car,Car
9,15,10.83,3.0,0.0,0.0,9.679,16,183.866,0.33333322222225925,0.0652649208376485,5.219631238304397,33806.705956000005,Car,Car
9,15,2.56,2.07,0.0,0.0,5.472,18,99.599,0.4830915540620512,0.12048313617121521,4.6111423172583805,9919.960801000001,Car,Car
4,13,89.79,2.63,0.0,0.0,0.5,16,0.0,0.38022799230874815,8500000.0,0.0,0.0,Ped,Car
18,13,1.68,2.63,1.11,0.0,6.016,19,110.494,0.38022799230874815,0.1402791089083651,4.713970777793081,12208.924036,Car,Car
4,21,35.31,2.8,0.0,0.0,2.902,18,48.115,0.3571427295918823,0.25979423756013226,3.894164487126833,2315.053225,Ped,Car
9,4,71.0,2.1,-0.56,0.0,1.682,20,23.682,0.47619024943321453,0.2744700500603813,3.206074233030992,560.8371239999999,Car,Ped
4,24,69.88,2.93,0.0,0.0,3.799,17,66.078,0.3412968118440915,0.2118708161283511,4.205856121364434,4366.302084000001,Ped,VRU
20,4,86.45,2.4,0.0,0.0,17.599,23,342.51,0.41666649305562786,0.03503547331454418,5.839216223320169,117313.1001,Car,Ped
20,2,63.87,1.7,0.56,0.0,1.702,22,24.077,0.5882349480970894,0.45686753096866173,3.221951091385129,579.7019290000001,Car,Ped
19,18,1.87,1.73,0.0,0.0,5.64,19,102.962,0.5780343479570244,0.1796779376888761,4.644025447756765,10601.173444,Car,VRU
14,14,3.62,2.7,0.0,0.0,10.411,21,198.527,0.3703702331962099,0.07051937484312273,5.295949565518375,39412.969729,Car,Car
6,9,6.8,3.0,0.0,-2.22,10.21,15,194.491,0.33333322222225925,0.03856219548173337,5.275514342560114,37826.74908100001,Car,Car
4,19,76.8,2.0,0.0,0.0,0.684,16,3.684,0.499999750000125,3.121606101627008,1.544152445735471,13.571856,Ped,Car
8,18,32.28,2.87,0.0,0.0,2.928,21,48.627,0.3484319343442737,0.267341183553557,3.9045350404622425,2364.585129,Car,VRU
5,7,0.04,2.27,0.56,1.11,7.284,18,135.892,0.44052844029584126,0.04415270917969631,4.9191922937717125,18466.635663999998,Car,Car
14,19,5.29,1.7,0.0,0.0,4.035,23,70.81,0.5882349480970894,0.23301793202912113,4.2740237421222265,5014.056100000001,Car,Car
5,13,32.84,2.2,0.0,0.56,2.575,21,41.557,0.45454524793397816,0.21657000706090412,3.7508443538271377,1726.984249,Ped,VRU
11,21,51.27,2.6,0.0,0.0,4.15,20,73.118,0.38461523668644737,0.2188243631004081,4.305658417782731,5346.241923999999,Car,Car
10,3,56.14,3.0,1.67,0.56,2.084,18,31.723,0.33333322222225925,0.20489864751446435,3.488078194573111,1006.3487289999999,Car,Ped
5,5,80.04,1.83,0.0,-0.56,1.007,19,10.161,0.5464477888263449,0.4920775029940456,2.412425558673578,103.245921,Ped,Car
5,10,64.46,1.77,0.0,0.56,0.851,24,7.029,0.5649714322195298,1.0670079574608113,2.083059987202547,49.406841,Ped,Car
19,3,1.96,1.83,0.0,0.56,7.632,19,142.856,0.5464477888263449,0.07700061546591942,4.968812799242417,20407.836735999997,Car,Car
12,4,69.28,2.3,0.56,0.0,5.699,22,104.147,0.43478241965981757,0.07681450184052827,4.65535937107123,10846.597609,Car,Ped
12,2,59.88,2.43,0.0,0.0,6.105,21,112.269,0.41152246439404755,0.06235024750955074,4.729765520710687,12604.328361000002,Car,Ped
11,4,53.69,1.47,0.56,0.0,0.68,22,3.601,0.6802716460737102,2.082754211953843,1.5262736711733316,12.967201,Car,Ped
13,18,15.45,2.97,0.0,0.0,5.039,17,90.923,0.3367002233332581,0.17047391561569772,4.520951270083641,8266.991929,Car,Car
14,19,3.26,2.0,0.0,0.0,5.719,21,104.537,0.499999750000125,0.15783884980591703,4.659061602331902,10927.984369000002,Car,Car
13,13,8.6,2.1,1.67,2.22,7.401,20,138.232,0.47619024943321453,0.09404479357858678,4.9361416065382695,19108.085824,Car,Car
4,17,49.88,1.9,0.0,0.0,1.951,17,29.07,0.5263155124655198,0.36119709799803584,3.4035279970004377,845.0649,Ped,VRU
21,3,79.93,1.17,0.0,0.0,0.5,16,0.0,0.8547001241879282,12000000.0,0.0,0.0,Car,Ped
14,20,56.13,2.4,1.11,0.0,8.796,19,166.181,0.41666649305562786,0.10229809603806635,5.119077057829864,27616.124761000003,Car,Car
3,24,63.95,2.53,0.56,0.0,3.501,17,60.11,0.39525676076807875,0.22458825112979122,4.1126755189068245,3613.2120999999997,Ped,VRU
17,20,0.36,2.9,0.0,0.0,18.288,20,356.299,0.3448274673008733,0.051922682769464185,5.878572966256906,126948.97740099998,Car,Car
15,20,86.65,2.7,0.0,0.0,7.458,15,139.378,0.3703702331962099,0.12555783462556622,4.944338784157047,19426.226883999996,Car,VRU
15,18,69.83,1.9,0.56,0.0,4.535,13,80.828,0.5263155124655198,0.20413717765950937,4.404619483326516,6533.165584,Car,Car
22,16,14.04,2.5,0.0,0.0,9.571,16,181.692,0.399999840000064,0.10457257279036736,5.2078016747952605,33011.982864000005,Car,Car
20,4,49.94,2.5,0.0,0.56,16.422,17,318.927,0.399999840000064,0.03762616511732727,5.768092844769306,101714.43132900001,Car,Ped
20,18,0.91,2.93,0.0,0.0,15.244,21,295.34,0.3412968118440915,0.0643326333570372,5.691507443780589,87225.71559999998,Car,Car
20,18,0.5,2.73,0.0,0.0,13.634,21,263.091,0.36630023212445706,0.07221835763208032,5.576293740721661,69216.87428100001,Car,Car
12,8,45.96,2.4,-0.56,0.56,2.584,17,41.738,0.41666649305562786,0.23958981648402378,3.7550884542242717,1742.060644,Car,VRU
16,14,9.49,2.8,0.0,0.0,8.127,18,152.767,0.3571427295918823,0.09818874430872673,5.035438469680005,23337.756288999997,Car,Car
14,12,3.23,2.63,0.0,3.33,7.169,19,133.581,0.38022799230874815,0.09731922880260495,4.902166248257161,17843.883561,Car,Car
14,6,89.74,2.53,1.67,0.56,6.0,20,110.17,0.39525676076807875,0.09076881101235536,4.711060561245524,12137.4289,Car,Car
13,17,16.01,2.2,-0.56,0.0,4.281,21,75.734,0.45454524793397816,0.19806163416613895,4.340344895679238,5735.638755999999,Car,Car
17,19,3.09,2.47,0.56,1.11,7.924,17,148.701,0.40485813568496526,0.12104827727420611,5.008639971429991,22111.987401,Car,Car
12,17,4.53,2.3,0.0,0.0,4.504,19,80.204,0.43478241965981757,0.18078898582628067,4.3969645070380885,6432.681615999999,Car,Car
12,17,2.03,1.93,0.0,0.0,3.389,21,57.877,0.518134446562463,0.2505312948056863,4.075450522035614,3349.7471290000003,Car,Car
19,17,3.39,1.8,0.0,0.0,8.254,14,155.32,0.5555552469137517,0.11588977520029761,5.051905188294473,24124.302399999997,Car,Car
16,15,12.96,2.1,0.56,-0.56,4.778,19,85.696,0.47619024943321453,0.1808719172321705,4.462407746620694,7343.804416,Car,Car
27,4,64.54,3.0,0.0,0.56,23.242,17,455.533,0.33333322222225925,0.03402607487486949,6.123660986578915,207510.31408900002,VRU,Ped
6,26,66.08,2.63,0.0,0.56,4.07,15,71.512,0.38022799230874815,0.22373867010098067,4.283752065405541,5113.966144,Ped,VRU
15,4,74.79,2.8,0.0,0.0,1.849,17,27.015,0.3571427295918823,0.3516564741196937,3.332740081017248,729.8102250000001,Car,Ped
13,3,83.08,2.93,1.11,0.0,2.208,14,34.21,0.3412968118440915,0.23384974469892592,3.5613301331669613,1170.3241,Car,Ped
2,25,78.77,2.43,0.0,-0.56,2.206,19,34.165,0.41152246439404755,0.395141214835615,3.5600512697599815,1167.2472249999998,Ped,VRU
3,19,87.26,2.8,0.0,0.0,0.687,16,3.74,0.3571427295918823,2.941175684177624,1.556037135706985,13.987600000000002,Ped,Car
3,20,64.35,2.27,0.0,0.56,1.055,18,11.119,0.44052844029584126,1.0342655783554657,2.4947744689863502,123.632161,Ped,Car
3,23,85.63,2.33,0.0,0.0,2.054,17,31.127,0.42918436515692476,0.4176438327611452,3.4696967980868476,968.8901289999999,Ped,Car
7,9,45.54,1.63,0.56,0.0,0.941,23,8.826,0.6134965561370822,0.9064127683647442,2.2850319337464566,77.89827600000001,Ped,VRU
9,15,28.22,2.7,0.0,1.67,6.276,22,115.7,0.3703702331962099,0.10371650731446407,4.75960653929251,13386.49,VRU,VRU
3,19,72.31,2.83,0.0,0.56,11.125,21,212.828,0.353356765598316,0.05168492843195008,5.365171953533278,45295.757584,Ped,Car
4,18,76.66,2.37,0.0,0.0,8.854,20,167.34,0.42194075023597033,0.06573443249830027,5.12598574378343,28002.675600000002,Ped,Car
25,6,71.65,2.03,0.0,-0.56,1.147,21,12.951,0.49261059477310604,1.1968186860614094,2.635551190285971,167.72840100000002,Car,VRU
20,21,6.31,2.23,0.0,0.0,10.462,17,199.544,0.44843029218372543,0.10273423353879728,5.301033674042265,39817.807936000005,Car,Car
23,21,3.95,1.7,0.0,0.0,5.287,25,95.883,0.5882349480970894,0.22944630195711127,4.573504064909079,9193.549689,Car,Car
22,21,1.74,1.67,0.0,0.56,7.881,22,147.853,0.5988020366454871,0.14541470145742932,5.002959241776657,21860.509609000004,Car,Car
1,26,88.26,2.9,0.0,0.56,2.166,18,33.371,0.3448274673008733,0.4045428544381992,3.5372131855795987,1113.6236410000001,Ped,Car
11,4,88.79,2.93,0.56,0.0,2.645,15,42.974,0.3412968118440915,0.17452412680867208,3.783598550171768,1846.7646759999998,Car,Ped
18,11,83.49,2.5,0.56,0.0,4.327,13,76.66,0.399999840000064,0.1891468798702468,4.352340324303521,5876.7555999999995,Car,Car
22,21,4.6,1.27,1.11,1.11,3.545,18,60.998,0.7874009548023978,0.3524705670272703,4.127102126460273,3720.756004,Car,VRU
18,21,3.34,2.7,0.0,0.0,14.179,19,274.003,0.3703702331962099,0.07116710375007901,5.616782006697977,75077.644009,Car,VRU
20,22,2.98,2.97,0.0,0.0,15.134,19,293.135,0.3367002233332581,0.07163934681413224,5.68403884561959,85928.128225,Car,Car
20,22,7.85,2.8,0.0,0.0,12.763,19,245.631,0.3571427295918823,0.08549409445267864,5.507893292480705,60334.588161,Car,Car
20,23,0.61,2.9,0.0,0.0,19.971,19,390.027,0.3448274673008733,0.055124388683028644,5.968776611309708,152121.060729,Car,Car
3,19,1.75,2.17,0.56,3.33,9.932,18,188.934,0.4608292807238338,0.05822138917176692,5.246676643393048,35696.056356,Car,Car
17,18,0.55,2.6,0.56,0.56,8.124,18,152.711,0.38461523668644737,0.1145955424652085,5.035074215973274,23320.649521000003,Car,Car
16,17,0.14,2.6,0.0,-0.56,8.089,20,152.019,0.38461523668644737,0.10853906348193934,5.0305620966889,23109.776361,Car,Car
16,18,4.05,2.73,0.0,0.0,8.636,21,162.974,0.36630023212445706,0.10431111647065719,5.099707878670579,26560.524675999997,Car,Car
18,3,73.1,2.2,0.0,0.0,1.339,19,16.814,0.45454524793397816,0.6244795631926036,2.879984665009678,282.710596,Car,Ped
15,10,87.99,2.9,0.0,0.0,4.664,21,83.415,0.3448274673008733,0.14985314212248227,4.435745110929157,6958.0622250000015,Car,Car
20,14,8.09,2.83,0.0,0.0,9.226,21,174.789,0.353356765598316,0.09726012450863543,5.169284412189897,30551.194520999994,Car,Car
3,14,66.32,2.37,0.0,0.0,2.433,24,38.727,0.42194075023597033,0.21948510807743676,3.682031057285097,1499.7805289999997,Ped,Car
1,4,7.24,2.1,0.0,0.0,3.769,19,65.48,0.47619024943321453,0.03817959624038491,4.196901150547193,4287.630400000001,Car,Car
10,15,82.87,2.73,0.0,-0.56,5.27,21,95.553,0.36630023212445706,0.13081745072559262,4.570092080375227,9130.375809,Car,Car
6,3,51.15,1.83,0.0,0.0,0.5,37,0.0,0.5464477888263449,4500000.0,0.0,0.0,Car,Ped
6,4,70.67,2.7,0.0,0.0,1.045,37,10.909,0.3703702331962099,0.4583371107950215,2.477294416785859,119.00628100000002,Car,Ped
3,11,76.09,2.27,0.0,0.0,6.25,24,115.187,0.44052844029584126,0.06077074617126285,4.755200962083484,13268.044968999999,Ped,Car
7,5,48.03,2.1,1.11,0.56,1.137,20,12.757,0.47619024943321453,0.4703299780253996,2.6215477854788585,162.741049,Car,Ped
16,4,76.44,1.6,1.67,0.0,1.258,22,15.191,0.6249996093752441,0.6582844672316196,2.7844555323046154,230.76648100000003,Car,Ped
16,5,62.28,2.9,0.0,0.0,3.206,24,54.208,0.3448274673008733,0.19369834353419527,4.011107870318301,2938.507264,Car,Ped
9,10,1.86,2.87,0.0,-0.56,3.505,26,60.183,0.3484319343442737,0.15785188246096268,4.1138693731531095,3621.993489,Car,Car
8,11,2.08,2.63,0.0,0.0,3.996,26,70.023,0.38022799230874815,0.13566970658683997,4.263003768244868,4903.220528999999,Car,Car
7,3,31.92,2.27,0.56,0.0,1.7,34,24.038,0.44052844029584126,0.20800398502354667,3.2203946708374707,577.8254440000001,Car,Ped
9,2,67.78,2.87,0.0,0.0,2.056,39,31.161,0.3484319343442737,0.17650267396737349,3.4707545383547043,971.0079210000001,Car,Ped
9,1,57.15,2.73,0.0,0.0,2.417,37,38.394,0.36630023212445706,0.13022867817292605,3.673613520443503,1474.0992359999998,Car,Ped
6,4,72.55,2.9,0.0,0.0,1.446,25,18.946,0.3448274673008733,0.2639079349779407,2.9930286219796765,358.95091600000006,Car,Ped
11,4,55.29,2.43,0.0,0.56,2.609,25,42.254,0.41152246439404755,0.17749798415539397,3.7670897146504965,1785.400516,Car,Ped
11,4,54.25,1.27,0.0,0.0,0.751,23,5.035,0.7874009548023978,1.4895726932328315,1.7975758545494949,25.351225000000003,Car,Ped
8,4,89.28,2.37,-0.56,0.0,0.747,33,4.957,0.42194075023597033,1.2104092777064197,1.7845669986465504,24.571849,Car,Ped
4,7,48.39,2.9,0.0,0.0,2.815,24,46.38,0.3448274673008733,0.11858559468336363,3.8582001987306396,2151.1044,Ped,Car
4,10,74.78,2.17,0.0,0.56,1.609,23,22.208,0.4608292807238338,0.31520171491346743,3.1444970468191027,493.19526399999995,Ped,Car
14,17,6.02,2.03,0.0,0.0,4.541,24,80.943,0.49261059477310604,0.19149277650330757,4.406023883603752,6551.769249,LCV,Car
17,3,71.09,2.87,1.11,0.0,2.611,31,42.284,0.3484319343442737,0.2364960685721297,3.767783051709402,1787.9366559999999,Car,Ped
17,3,73.59,2.2,0.0,0.0,1.704,31,24.114,0.45454524793397816,0.4146968394004794,3.223425459566772,581.484996,Car,Ped
17,5,68.82,1.8,0.0,0.0,1.327,33,16.558,0.5555552469137517,0.6643314008738131,2.865509686504017,274.167364,Car,Ped
3,10,49.15,2.93,0.0,0.0,1.129,31,12.601,0.3412968118440915,0.5158320358834985,2.6101433194506165,158.78520100000003,Ped,Car
3,10,55.06,2.5,0.0,0.0,0.736,33,4.721,0.399999840000064,1.3768266518054115,1.7441436152863916,22.287841,Ped,Car
10,4,50.87,2.33,0.0,0.0,1.033,28,10.686,0.42918436515692476,0.6550626375573052,2.4583915441322453,114.190596,Car,Ped
17,6,0.38,2.43,0.0,0.0,4.496,28,80.042,0.41152246439404755,0.14367456905531384,4.394967538806682,6406.721764,Car,Car
17,4,0.59,2.43,0.0,0.0,6.676,29,123.715,0.41152246439404755,0.08487248850282918,4.826031134144749,15305.401225000001,Car,Car
17,4,0.76,2.43,0.0,0.56,6.876,28,127.724,0.41152246439404755,0.08220851146058289,4.857670577403292,16313.420176000001,Car,Car
15,10,5.19,2.23,0.0,0.56,3.699,32,64.076,0.44843029218372543,0.1950808384561952,4.175555817646924,4105.733775999999,Car,Car
13,0,11.55,2.5,0.0,0.0,11.661,29,223.568,0.399999840000064,0.029073928160228975,5.414178556641722,49982.65062400001,Car,Car
15,5,0.59,2.5,0.0,0.0,11.944,28,229.238,0.399999840000064,0.043622784862794195,5.439113556513421,52550.060644,Car,Car
15,5,12.34,2.5,0.0,0.0,12.035,28,231.055,0.399999840000064,0.043279738403065336,5.44697441253542,53386.413025,Car,Car
9,12,0.56,2.87,0.56,0.0,6.41,27,118.387,0.3484319343442737,0.08869216984388345,4.782370317308949,14015.481769,Car,Car
1,14,72.15,2.8,0.0,1.11,1.538,27,20.791,0.3571427295918823,0.36073299212481397,3.0814970405147846,432.26568100000003,Ped,Car
2,13,83.12,2.97,0.0,0.56,2.36,25,37.261,0.3367002233332581,0.20128283724852158,3.644431100628201,1388.382121,Ped,Car
3,17,81.12,2.07,0.0,0.0,0.944,25,8.89,0.4830915540620512,1.124859266045077,2.2915241456346207,79.03210000000001,Ped,Car
12,13,2.83,2.6,0.0,-1.11,7.039,28,130.979,0.38461523668644737,0.09543514536349226,4.882642819020979,17155.498441000003,Car,Car
12,17,1.5,2.23,0.0,0.0,7.235,32,134.916,0.44843029218372543,0.10747427949632157,4.912037047854706,18202.327056,Car,Car
12,17,1.69,2.2,0.0,0.0,6.921,33,128.617,0.45454524793397816,0.11273781760779822,4.864583948155276,16542.332689,Car,Car
12,17,1.7,2.2,0.0,0.0,6.963,33,129.469,0.45454524793397816,0.11199592093863457,4.871135650651058,16762.221961,Car,Car
12,17,1.8,2.2,0.0,0.56,6.78,35,125.784,0.45454524793397816,0.11527698184763577,4.842484851076086,15821.614656000002,Car,Car
12,14,59.4,2.13,1.11,0.0,2.735,25,44.777,0.4694833476604002,0.2903276170728808,3.823781781577708,2004.9797290000001,Car,Car
17,2,89.68,1.93,0.0,0.0,1.372,25,17.458,0.518134446562463,0.544163103209812,2.9154978808433847,304.78176399999995,Car,Ped
2,19,60.41,2.57,0.0,0.0,1.608,23,22.197,0.3891049069630712,0.47303687556710927,3.1440229599661333,492.70680899999996,Ped,Car
2,4,77.94,2.97,0.0,0.56,1.874,21,27.523,0.3367002233332581,0.1089997417069454,3.350710779354898,757.515529,Ped,Car
4,18,72.14,2.03,0.0,-1.11,7.829,26,146.797,0.49261059477310604,0.07493341093528198,4.995839710608506,21549.359209,Ped,Car
2,8,17.53,2.6,0.56,0.0,2.914,25,48.364,0.38461523668644737,0.10338267919562735,3.899221413590937,2339.0764959999997,Car,Car
4,12,79.13,2.73,0.0,-0.56,1.862,22,27.285,0.36630023212445706,0.29320138196073364,3.3423316287951192,744.471225,Ped,Car
4,16,63.63,2.97,0.0,0.0,3.389,20,57.873,0.3367002233332581,0.17279214533906753,4.07538258148357,3349.2841289999997,Ped,Car
15,18,5.41,2.03,-0.56,0.56,5.08,25,91.75,0.49261059477310604,0.17983651030150943,4.529907701487544,8418.0625,Car,Car
24,22,0.46,2.23,0.0,0.0,6.44,27,118.99,0.44843029218372543,0.19329355245572274,4.787408405976297,14158.620099999998,Car,Car
16,16,1.83,2.2,-0.56,-0.56,4.682,27,83.772,0.45454524793397816,0.19099460212249197,4.439965299594328,7017.7479840000005,Car,Car
4,21,77.99,1.8,0.0,0.0,0.5,19,0.0,0.5555552469137517,12500000.0,0.0,0.0,Ped,Car
4,3,69.56,2.2,1.11,0.0,1.523,20,20.491,0.45454524793397816,0.17080668728677528,3.067634242843069,419.881081,Ped,Car
21,21,0.58,2.47,0.0,0.0,8.211,21,154.467,0.40485813568496526,0.13595136737328123,5.046433490448207,23860.054089000005,Car,Car
3,17,1.74,2.03,0.0,0.0,7.215,23,134.502,0.49261059477310604,0.07434833627493764,4.908986400358427,18090.788004000002,Car,Car
1,17,2.57,1.9,0.56,0.56,8.403,20,158.306,0.5263155124655198,0.05685191934069511,5.07082688099013,25060.789636000005,Car,Car
7,4,63.28,2.8,0.56,0.0,1.756,30,25.153,0.3571427295918823,0.21866178115287319,3.263963906684126,632.6734089999999,Car,Ped
8,3,78.75,2.8,0.0,0.0,1.706,27,24.161,0.3571427295918823,0.22763957503250795,3.225295176670384,583.7539210000001,Car,Ped
8,3,82.09,2.13,0.0,0.0,0.793,24,5.872,0.4694833476604002,0.9366483418514404,1.9274551846819543,34.480384,Car,Ped
8,5,26.3,2.73,0.0,0.0,1.733,21,24.698,0.36630023212445706,0.2631791941380195,3.246413167861289,609.991204,Car,Ped
5,19,60.62,2.17,0.0,0.0,0.915,20,8.312,0.4608292807238338,1.4436956877170735,2.231303890989082,69.08934399999998,Ped,Car
3,20,47.55,2.83,0.0,0.0,0.68,20,3.6,0.353356765598316,3.1944435570990115,1.5260563034950492,12.96,Ped,Car
10,20,1.05,2.4,0.56,0.0,6.354,19,117.27,0.41666649305562786,0.12790995030348812,4.772970146263026,13752.2529,Car,Car
9,20,0.89,2.47,0.56,0.0,6.849,19,127.17,0.40485813568496526,0.11402060144672013,4.853357507741733,16172.2089,Car,Car
15,18,3.47,2.57,0.0,0.0,7.513,23,140.479,0.3891049069630712,0.1174552771769782,4.952151296175462,19734.349441000002,Car,Car
8,7,1.11,2.2,0.0,0.0,7.841,19,147.043,0.45454524793397816,0.051005487843654655,4.997502772105927,21621.643849000004,Car,Car
8,13,64.4,2.4,0.0,0.0,6.772,30,125.632,0.41666649305562786,0.08357743183601764,4.841285242383437,15783.399424000001,Car,VRU
7,11,77.42,2.9,0.0,0.0,3.87,26,67.505,0.3448274673008733,0.13332345554664907,4.2269067353050715,4556.925025,Car,VRU
3,12,56.94,2.47,0.0,0.0,2.368,27,37.426,0.40485813568496526,0.20039544166099926,3.6487343138095096,1400.705476,Ped,VRU
2,20,84.65,3.0,0.0,0.0,1.792,30,25.882,0.33333322222225925,0.4250057791126737,3.2914569176489565,669.8779240000001,Ped,Car
5,2,86.49,2.73,-0.56,0.0,0.786,25,5.736,0.36630023212445706,0.6101812046406547,1.9074662769400255,32.901695999999994,Car,Ped
5,20,55.12,2.0,0.56,0.56,0.793,25,5.87,0.499999750000125,2.129471528199058,1.927164106234258,34.456900000000005,Ped,Car
5,20,57.51,1.77,0.56,0.56,0.751,25,5.036,0.5649714322195298,2.4821281806735147,1.7977415409056023,25.361295999999996,Ped,Car
20,18,0.57,2.6,0.0,0.0,11.898,27,228.302,0.38461523668644737,0.08322309886368451,5.435039912023814,52121.803203999996,Car,Car
17,3,87.27,3.0,0.56,0.0,1.942,25,28.889,0.33333322222225925,0.34615250281586407,3.397490519730829,834.5743209999999,Car,Ped
18,5,89.7,1.77,0.0,0.0,7.834,25,146.911,0.5649714322195298,0.07827868520207006,4.99661074152852,21582.841921,Car,Ped
6,14,31.13,1.4,0.0,-1.11,1.574,18,21.507,0.7142852040819971,0.4649648735311817,3.113826371936459,462.55104900000003,Ped,Car
6,16,33.42,1.87,0.0,-0.56,3.693,18,63.957,0.5347590723213517,0.17199055346575742,4.173725512520979,4090.4978490000003,Ped,VRU
4,17,82.11,2.73,0.0,0.0,1.409,23,18.207,0.36630023212445706,0.5767012370680926,2.955274795922715,331.49484900000004,Ped,LCV
16,17,6.78,2.77,-0.56,0.0,8.374,21,157.726,0.36101069999613716,0.10461179447515442,5.067179445241424,24877.491076,LCV,Car
5,19,79.7,1.57,0.0,0.0,1.992,15,29.878,0.6369422694635226,0.4016332953466331,3.430043956219735,892.694884,Ped,VRU
5,16,34.31,1.5,0.0,0.0,0.505,15,0.093,0.6666662222225186,112.90201180632467,0.08892620919440151,0.008649,Ped,LCV
14,13,0.52,2.03,0.0,0.0,3.063,18,51.341,0.49261059477310604,0.2629477364494705,3.9577800027658743,2635.898281,Car,Car
13,13,3.44,2.07,0.0,0.0,2.254,18,35.133,0.4830915540620512,0.3700224754497915,3.587206575202634,1234.3276890000002,Car,Car
6,5,6.6,2.07,1.11,1.11,3.939,19,68.892,0.4830915540620512,0.07983510306225537,4.246951193476792,4746.107663999999,Car,Car
3,19,68.14,2.87,0.0,0.0,2.636,14,42.794,0.3484319343442737,0.25704537418691004,3.77949682169755,1831.3264359999998,Ped,VRU
19,16,0.53,1.83,0.0,-0.56,3.951,19,69.117,0.5464477888263449,0.2531938560239325,4.2501652753385795,4777.159689000001,VRU,LCV
19,18,1.0,1.63,0.0,0.0,3.826,19,66.632,0.6134965561370822,0.2776443709082067,4.214081243824435,4439.823424000001,VRU,LCV
19,18,1.05,1.63,0.0,0.0,3.836,20,66.819,0.6134965561370822,0.2768673539432294,4.2168423916757805,4464.7787610000005,VRU,LCV
19,18,1.09,1.6,0.0,0.0,3.846,19,67.029,0.6249996093752441,0.2759999362067175,4.219934084851608,4492.886841,VRU,LCV
19,18,0.92,1.7,0.0,0.0,3.887,18,67.847,0.5882349480970894,0.2726723322671256,4.231886651240584,4603.215408999999,VRU,LCV
19,18,1.48,1.47,0.0,0.0,3.93,21,68.7,0.6802716460737102,0.2692867500831623,4.244200317766478,4719.6900000000005,VRU,LCV
19,18,1.08,1.63,0.0,0.0,3.843,19,66.954,0.6134965561370822,0.2763091036187666,4.218831005678403,4482.838115999999,VRU,LCV
16,11,81.11,2.03,0.0,1.67,2.749,15,45.041,0.49261059477310604,0.29972690882247494,3.8295323038610674,2028.6916809999998,VRU,Car
19,19,76.84,2.77,0.0,0.0,14.869,16,287.814,0.36101069999613716,0.06601485658788364,5.66578288229802,82836.89859600001,VRU,VRU
14,14,7.85,1.67,0.0,0.0,3.221,15,54.51,0.5988020366454871,0.25683360380052095,4.01656318470207,2971.3401,Car,Car
3,9,83.12,1.53,0.0,0.0,0.704,16,4.087,0.6535943440559843,1.468069129417879,1.6266882658406279,16.703568999999998,Ped,VRU
4,4,48.51,2.63,0.56,0.0,1.241,15,14.837,0.38022799230874815,0.26959626140080467,2.762348974509589,220.13656899999998,Car,Ped
9,9,28.09,2.17,1.11,0.0,2.6,16,42.062,0.4608292807238338,0.21396984893799992,3.76264093767599,1769.2118439999997,Car,VRU
9,4,3.47,2.33,0.0,0.0,0.819,17,6.383,0.42918436515692476,1.0183297793624033,1.9991800600770284,40.742689,VRU,Ped
9,9,36.1,2.23,0.0,0.56,2.303,16,36.118,0.44843029218372543,0.24918322583799696,3.614102027156113,1304.5099240000002,VRU,VRU
2,14,86.16,2.77,0.0,-0.56,1.708,22,24.206,0.36101069999613716,0.33049655744457745,3.2270820614153,585.930436,Ped,VRU
2,9,87.12,2.67,0.0,0.0,0.549,21,0.986,0.37453169493194943,5.578087648998327,0.6861225656229808,0.972196,Ped,Car
12,3,62.38,2.17,-0.56,0.0,0.959,18,9.188,0.4608292807238338,0.816282018254025,2.321210557117211,84.41934400000001,Car,Ped
13,15,54.88,2.5,0.56,0.0,4.906,18,88.263,0.399999840000064,0.15861685917522791,4.491587068315919,7790.357169000001,Car,Car
3,11,76.75,2.6,0.0,1.11,1.852,16,27.076,0.38461523668644737,0.2585315312996184,3.334915118868175,733.109776,Ped,Car
3,10,44.39,2.67,0.0,0.56,3.389,15,57.86,0.37453169493194943,0.11234012940995283,4.075161742805327,3347.7796,Ped,Car
4,10,34.46,2.13,0.0,-0.56,1.585,16,21.735,0.4694833476604002,0.32206117680877955,3.123905587276974,472.41022499999997,Ped,VRU
4,12,77.05,2.73,0.0,0.56,0.963,25,9.281,0.36630023212445706,0.8619759872884402,2.3302975315605816,86.13696100000001,Ped,Car
4,16,78.97,1.93,0.0,0.56,0.5,24,0.0,0.518134446562463,10000000.0,0.0,0.0,Ped,Car
13,18,3.02,1.6,0.0,0.0,5.966,18,109.492,0.6249996093752441,0.14156285261422888,4.704943120146887,11988.498064000001,Car,VRU
8,13,9.41,2.1,0.56,0.56,3.323,15,56.538,0.47619024943321453,0.18571579847685102,4.052445599090395,3196.5454439999994,Car,VRU
15,19,20.84,2.17,0.0,0.0,6.551,19,121.208,0.4608292807238338,0.14025476750499336,4.805724511043105,14691.379264,Car,Car
10,11,79.72,2.87,0.0,0.0,4.203,22,74.181,0.3484319343442737,0.1415456769045217,4.319898539457518,5502.820761,Car,Car
8,16,30.86,3.0,1.11,0.0,6.807,27,126.338,0.33333322222225925,0.09498329801814737,4.846844968481559,15961.290243999998,Car,Car
6,4,86.98,2.47,0.0,0.0,1.554,16,21.12,0.40485813568496526,0.23674241303302967,3.096482176654134,446.05440000000004,Car,Ped
6,3,65.83,2.4,0.0,0.0,1.282,17,15.673,0.41666649305562786,0.28711795526587414,2.813790644578322,245.642929,Car,Ped
16,16,42.39,1.33,1.11,0.56,3.001,23,50.093,0.7518791339254632,0.31940589864041086,3.9336475015248085,2509.3086490000005,VRU,Car
3,15,50.22,2.1,0.0,0.0,1.104,24,12.09,0.47619024943321453,0.7444168118761942,2.5718485799218085,146.1681,Ped,Car
3,18,76.7,2.77,0.0,-0.56,2.179,22,33.628,0.36101069999613716,0.31223979088141457,3.5446626033535273,1130.842384,Ped,Car
3,16,62.03,2.67,0.0,0.0,2.363,19,37.326,0.37453169493194943,0.25451427277194794,3.6461285170463036,1393.230276,Ped,Car
30,4,65.91,2.43,0.0,0.56,25.247,18,495.697,0.41152246439404755,0.034295143940158715,6.207980182231968,245715.515809,VRU,Ped
33,30,1.77,1.6,0.56,0.56,11.349,19,217.321,0.6249996093752441,0.14494687515266874,5.385966456821985,47228.417041,VRU,VRU
30,30,2.02,1.43,-0.56,3.33,9.937,17,189.029,0.6993002102795733,0.15870580620589536,5.247176692092419,35731.962841,VRU,VRU
31,24,0.89,1.4,-0.56,3.89,10.063,17,191.561,0.7142852040819971,0.14355740394152566,5.2604129866478715,36695.616721000006,VRU,VRU
18,4,86.19,2.53,0.0,0.0,1.271,20,15.448,0.39525676076807875,0.7120662408035836,2.8002038892727548,238.640704,Car,Ped
4,28,59.84,1.2,0.56,-0.56,9.576,22,181.802,0.8333326388894676,0.08800783221302388,5.208403599879236,33051.967204,Ped,VRU
15,3,76.19,1.87,0.0,0.0,0.691,21,3.819,0.5347590723213517,2.3566372462327188,1.5725664376581956,14.584761,Car,Ped
14,20,56.99,2.93,1.11,0.0,11.089,22,212.101,0.3412968118440915,0.08015049396207234,5.361766231726128,44986.834201,Car,Car
3,16,51.91,1.8,0.0,0.0,0.5,20,0.0,0.5555552469137517,9500000.0,0.0,0.0,Ped,Car
10,11,79.07,2.77,0.56,0.56,4.648,17,83.096,0.36101069999613716,0.12635987139742139,4.431959003422091,6904.945216000001,Car,Car
10,26,0.68,2.43,0.0,1.11,11.859,15,227.539,0.41152246439404755,0.07910731751872287,5.431706874107349,51773.996520999994,Car,Car
3,3,48.24,1.87,0.0,0.0,0.847,19,6.944,0.5347590723213517,0.4320275875536308,2.0724169267428714,48.219136,Ped,Car
10,13,1.61,2.47,0.0,-2.22,7.432,12,138.859,0.40485813568496526,0.08281782179896281,4.940634772243009,19281.821881000003,Car,Car
10,14,1.64,2.43,0.0,-1.67,7.472,12,139.658,0.41152246439404755,0.08592418561110582,4.946331412095436,19504.356963999995,Car,Car
10,15,1.86,2.43,0.0,-1.11,7.601,12,142.238,0.41152246439404755,0.08788087509750647,4.96450758245247,20231.648644,Car,Car
10,20,0.16,2.1,0.0,0.0,8.375,16,157.735,0.47619024943321453,0.09509620505850822,5.0672361451195345,24880.330225000005,Car,Car
10,19,19.6,2.4,0.0,0.56,7.359,17,137.391,0.41666649305562786,0.10553820770255544,4.930083012167365,18876.286880999996,Car,Car
11,20,63.43,1.7,1.67,0.0,2.212,16,34.3,0.5882349480970894,0.45189503055699626,3.563882963939251,1176.4899999999998,Car,Car
19,3,83.67,2.37,0.56,0.0,2.107,16,32.181,0.42194075023597033,0.34181658923536906,3.501977422945872,1035.6167609999998,Car,Ped
23,3,64.97,2.53,0.0,0.0,0.77,19,5.407,0.39525676076807875,2.404290289570873,1.8573911426568845,29.235649,LCV,Ped
11,16,4.87,2.13,0.0,0.0,8.403,14,158.308,0.4694833476604002,0.08527680164440962,5.070839435366272,25061.422863999996,Car,Car
8,9,7.08,2.9,0.0,0.0,7.943,21,149.091,0.3448274673008733,0.0570121599760404,5.011241776815093,22228.126281,Car,Car
13,13,8.68,2.23,0.0,0.0,6.679,21,123.77,0.44843029218372543,0.1050335290859374,4.82647204242293,15319.0129,Car,Car
13,13,3.36,2.6,0.0,0.0,7.03,25,130.793,0.38461523668644737,0.09939369767958761,4.88123250988408,17106.808849,Car,Car
10,2,4.49,1.87,0.56,-1.11,1.472,24,19.46,0.5347590723213517,0.308324752912397,3.0184717605234805,378.69160000000005,Car,Ped
13,14,1.77,2.63,0.0,0.0,7.935,26,148.93,0.38022799230874815,0.0906466118938655,5.010168518506812,22180.144900000003,Car,Car
14,14,1.38,2.57,0.0,0.0,10.857,15,207.468,0.3891049069630712,0.06748028579115678,5.339785552241797,43042.971024,Car,Car
14,14,0.72,2.57,0.0,0.0,11.309,15,216.509,0.3891049069630712,0.06466243867616386,5.382240228982983,46876.147080999996,Car,Car
14,14,1.53,2.77,0.0,0.0,11.58,26,221.936,0.36101069999613716,0.06308124836402725,5.406884734753329,49255.588096,Car,Car
1,14,11.26,1.67,0.0,0.0,5.199,15,94.121,0.5988020366454871,0.07968466038732419,4.55514976536343,8858.762641,Car,Car
10,5,22.93,3.0,1.11,0.56,8.555,18,161.344,0.33333322222225925,0.046484529660324965,5.089717540674668,26031.886336,Car,Car
10,7,5.32,2.4,0.0,0.0,7.235,19,134.906,0.41666649305562786,0.06300683392134646,4.911963470292886,18199.628836,Car,Car
19,20,1.6,1.83,0.0,0.0,6.793,15,126.047,0.5464477888263449,0.1547041964132094,4.844557096736502,15887.846209,Car,Car
14,16,4.15,2.2,0.0,0.0,11.539,14,221.114,0.45454524793397816,0.06783830934342326,5.403190763582849,48891.400996000004,Car,Car
8,4,37.07,2.27,0.0,0.0,0.5,19,0.0,0.44052844029584126,6000000.0,0.0,0.0,Car,Ped
8,10,38.11,3.0,0.0,1.11,2.122,18,32.497,0.33333322222225925,0.2769486328907705,3.511455882582174,1056.055009,Car,Car
8,4,39.3,2.97,0.0,0.0,1.084,21,11.69,0.3367002233332581,0.5132591519880966,2.540814281726296,136.65609999999998,Car,Ped
26,14,34.36,1.8,0.0,0.56,11.106,14,212.437,0.5555552469137517,0.09414555800474701,5.363341707156216,45129.478969,Car,VRU
4,3,57.73,2.5,1.11,0.0,0.579,21,1.591,0.399999840000064,2.199872910199302,0.9520439015799729,2.531281,Car,Ped
15,11,0.53,2.17,0.0,0.0,14.082,22,272.062,0.4608292807238338,0.04778322570670205,5.609698875627351,74017.73184400001,Car,VRU
15,11,1.62,2.1,0.0,0.0,8.553,23,161.313,0.47619024943321453,0.08058866873352633,5.089526569895696,26021.883968999995,Car,VRU
12,11,7.46,1.97,1.11,0.0,3.542,23,60.931,0.5076139555259109,0.18873807768232792,4.126020862082643,3712.5867609999996,Car,VRU
6,6,72.57,3.0,0.0,0.0,6.891,18,128.012,0.33333322222225925,0.04687060551455641,4.859905423291091,16387.072144,Car,Ped
15,3,85.91,2.67,0.0,0.0,10.116,24,192.613,0.37453169493194943,0.0467258178486093,5.26586132134843,37099.767769,Car,Ped
11,13,2.6,2.2,0.0,0.0,12.467,20,239.712,0.45454524793397816,0.050060071877669574,5.483601198137104,57461.842943999996,VRU,Car
11,6,68.61,2.07,0.56,0.0,1.278,24,15.586,0.4830915540620512,0.5453611866186843,2.808558966029012,242.923396,Car,Ped
3,12,82.67,1.77,0.0,0.0,5.605,18,102.267,0.5649714322195298,0.07333743951286888,4.637317867198409,10458.539288999998,Ped,Car
6,19,1.35,2.47,0.56,0.0,7.773,19,145.688,0.40485813568496526,0.08579979074597915,4.9883078822121645,21224.993343999995,Car,Car
2,19,81.15,2.3,0.0,0.0,0.5,20,0.0,0.43478241965981757,10500000.0,0.0,0.0,Ped,Car
7,3,55.84,2.83,-0.56,0.0,0.998,19,9.973,0.353356765598316,0.5013536045970516,2.3954377100086623,99.46072900000001,Car,Ped
4,8,85.16,2.43,0.0,-1.11,1.884,23,27.722,0.41152246439404755,0.21643459287083927,3.357663379638427,768.5092840000001,Ped,VRU
3,17,53.05,2.17,0.0,0.0,0.631,20,2.631,0.4608292807238338,3.8008347393254507,1.2895080924321987,6.922160999999999,Ped,Car
10,8,14.67,2.1,-0.56,0.0,2.231,25,34.678,0.47619024943321453,0.25953053060930475,3.5745342523290757,1202.5636839999997,Car,VRU
15,16,12.79,2.63,0.0,0.0,9.699,21,184.268,0.38022799230874815,0.08411661230318551,5.22180342544779,33954.695824,VRU,Car
13,2,66.91,1.3,-1.11,0.0,0.885,22,7.707,0.7692301775152481,0.9731411738495946,2.1641272998464784,59.397849,VRU,Ped
10,4,31.12,1.57,1.67,0.0,1.99,22,29.847,0.6369422694635226,0.2345294255861753,3.4290395008902443,890.8434090000001,VRU,Ped
16,4,69.82,2.23,0.0,0.0,2.184,18,33.738,0.44843029218372543,0.29640167477616713,3.5478341886318208,1138.252644,Car,Ped
6,13,67.18,2.87,0.0,0.0,3.85,22,67.1,0.3484319343442737,0.14157972963368512,4.220977213155467,4502.409999999999,Ped,Car
10,3,87.13,2.67,0.56,0.0,1.524,22,20.51,0.37453169493194943,0.3169185608523373,3.068517943279639,420.66010000000006,Car,Ped
15,14,1.03,2.97,0.0,0.0,12.851,21,247.407,0.3367002233332581,0.05860788070423278,5.515068530016532,61210.22364900001,Car,Car
15,14,1.1,2.97,0.0,0.0,12.949,20,249.358,0.3367002233332581,0.05814932723975438,5.522891893528028,62179.412164,Car,Car
15,14,1.11,2.97,0.0,0.0,12.949,20,249.358,0.3367002233332581,0.05814932723975438,5.522891893528028,62179.412164,Car,Car
14,10,2.95,1.4,0.0,0.0,6.952,23,129.244,0.7142852040819971,0.09284763630924735,4.869409614313323,16704.011535999998,VRU,Car
3,16,71.06,2.93,0.0,1.11,2.554,21,41.146,0.3412968118440915,0.23088513510705452,3.741139780775021,1692.993316,Ped,VRU
10,7,5.12,2.67,0.0,0.0,5.093,30,92.01,0.37453169493194943,0.09238126190217083,4.532707014254376,8465.840100000001,Car,Car
2,11,27.46,1.9,0.56,-1.67,1.505,21,20.127,0.5263155124655198,0.32294925607645175,3.0505518433180976,405.09612899999996,Ped,VRU
1,14,20.98,2.03,0.0,0.0,1.679,22,23.621,0.49261059477310604,0.317514063015365,3.203599737315684,557.9516409999999,Ped,VRU
3,9,76.53,1.8,0.0,0.56,0.5,33,0.0,0.5555552469137517,6000000.0,0.0,0.0,Ped,Car
3,6,87.3,2.83,0.0,0.0,2.468,28,39.411,0.353356765598316,0.11418131703886436,3.69910202513411,1553.2269210000002,Ped,Car
3,8,68.35,2.4,0.0,0.0,1.348,32,16.987,0.41666649305562786,0.3237769868854426,2.8896492747458336,288.55816899999996,Ped,Car
5,17,66.89,3.0,0.0,0.0,14.428,24,278.983,0.33333322222225925,0.039428925635508524,5.634728887040349,77831.514289,Ped,Car
11,5,72.59,2.27,0.56,0.0,3.684,22,63.771,0.44052844029584126,0.12544886977703235,4.170857972322207,4066.740441,Car,Ped
14,6,69.58,2.3,0.56,0.0,2.553,23,41.127,0.43478241965981757,0.24314926342428908,3.7406888652903003,1691.4301290000003,VRU,Ped
14,6,74.26,2.87,0.0,0.0,2.472,26,39.5,0.3484319343442737,0.2531645505527962,3.7013019741124933,1560.25,VRU,Car
7,6,77.54,1.9,0.56,0.0,1.979,25,29.628,0.5263155124655198,0.21938705888392537,3.421914623250877,877.818384,Car,Ped
2,5,75.1,1.77,0.0,0.56,1.118,36,12.385,0.5649714322195298,0.2825998964392494,2.594134676972316,153.388225,Ped,Car
5,5,64.77,2.67,0.0,0.0,2.394,28,37.931,0.37453169493194943,0.13181829817778867,3.661790848423203,1438.7607609999998,Car,Ped
16,9,0.85,2.1,0.0,0.0,8.617,29,162.597,0.47619024943321453,0.07687718668316644,5.097406086592201,26437.784409000004,Car,Car
16,9,0.68,2.1,0.0,0.0,9.404,29,178.354,0.47619024943321453,0.07008533551204157,5.189361506489555,31810.149316000006,Car,Car
16,9,0.76,2.1,0.0,0.0,9.239,29,175.057,0.47619024943321453,0.07140531328992664,5.170807806242008,30644.953248999995,Car,Car
16,9,0.81,2.13,0.0,0.0,8.77,30,165.655,0.4694833476604002,0.07545802978806537,5.1159258073039675,27441.579025,Car,Car
9,3,61.75,2.47,2.22,0.0,1.75,26,25.036,0.40485813568496526,0.23965488737598306,3.259480195710141,626.8012960000001,Car,Ped
9,3,89.13,1.5,0.56,0.0,1.043,31,10.882,0.6666662222225186,0.5513691829287647,2.4750246499335495,118.417924,Car,Ped
14,4,61.44,1.87,0.0,0.0,1.261,33,15.241,0.5347590723213517,0.5905123948223611,2.787538909192466,232.28808099999998,Car,Ped
8,4,82.38,2.93,2.22,0.0,0.933,34,8.666,0.3412968118440915,0.692360870948434,2.268614573422892,75.099556,Car,Ped
11,7,77.21,1.67,2.22,-0.56,1.105,28,12.127,0.5988020366454871,0.7421455642660539,2.5746711778212705,147.064129,Car,Ped
8,9,0.33,2.37,2.22,0.0,3.847,22,67.046,0.42194075023597033,0.12677862770666962,4.2201839470612486,4495.166116000001,Car,Car
10,9,0.1,2.23,0.0,0.0,5.121,21,92.556,0.44843029218372543,0.10264056244175891,4.538560187488647,8566.613136,Car,Car
10,4,73.43,2.97,0.0,0.0,2.978,20,49.634,0.3367002233332581,0.14103235401071132,3.9246232874038847,2463.533956,Car,Ped
3,7,77.61,2.37,0.0,1.11,2.278,32,35.609,0.42194075023597033,0.14041393635277777,3.6002941118178122,1268.0008810000002,Ped,Car
3,18,56.39,2.73,0.0,-0.56,1.908,21,28.198,0.36630023212445706,0.3723668213218376,3.3741002137777882,795.127204,Ped,Car
5,8,50.83,2.7,0.0,0.56,1.309,34,16.214,0.3703702331962099,0.40088809665177644,2.8457230062272827,262.89379599999995,Ped,Car
9,4,47.74,2.53,0.0,0.0,1.199,18,13.995,0.39525676076807875,0.46445155666655547,2.7077168122009723,195.86002499999998,Car,Ped
9,4,42.22,2.8,0.0,0.0,8.964,18,169.541,0.3571427295918823,0.03833880867554864,5.138975737023697,28744.150681,Car,Ped
8,5,51.43,2.27,0.0,0.0,1.464,18,19.301,0.44052844029584126,0.3367700980897312,3.010670145918198,372.5286009999999,Car,Ped
8,14,25.58,2.93,0.0,0.0,7.017,21,130.537,0.3412968118440915,0.0842672952169324,4.8792881808623285,17039.908369,Car,Car
2,8,27.05,2.33,0.0,0.56,2.64,24,42.859,0.42918436515692476,0.11666160860818944,3.780979942912221,1836.8938810000002,Ped,VRU
4,17,2.95,2.0,0.0,0.0,4.056,18,71.237,0.499999750000125,0.14739531216368865,4.279952380007206,5074.710168999999,Car,Car
1,12,3.04,1.63,0.56,0.56,3.953,18,69.167,0.6134965561370822,0.09397544936204477,4.250878115036866,4784.073889,Car,Car
16,6,52.1,2.17,-0.56,0.0,5.383,21,97.812,0.4608292807238338,0.11246063762666506,4.593219054868337,9567.187344,Car,Ped
16,14,4.79,2.6,0.0,0.0,7.979,22,149.819,0.38461523668644737,0.10012081177874095,5.016080442332151,22445.732760999996,Car,Car
15,14,2.71,2.37,0.0,0.56,4.136,23,72.83,0.42194075023597033,0.19909377730202146,4.3017651530710745,5304.2089,Car,Car
4,14,13.06,1.73,0.0,0.0,1.695,20,23.934,0.5780343479570244,0.3760340780465414,3.2162323339227834,572.836356,Ped,VRU
3,1,8.51,2.97,-3.33,-1.67,4.84,20,86.935,0.3367002233332581,0.023005693644611566,4.476597905188328,7557.694225,Car,Car
3,15,66.38,2.23,0.0,0.0,1.037,23,10.748,0.44843029218372543,0.83736501327084,2.4636830133363734,115.51950399999998,Ped,Car
3,15,61.61,2.27,0.0,0.0,1.69,25,23.828,0.44052844029584126,0.37770688359464144,3.2119720485514063,567.773584,Ped,Car
16,9,1.43,2.97,-0.56,-0.56,3.783,24,65.755,0.3367002233332581,0.19009960930576217,4.201029200842059,4323.720025,Car,Car
18,16,2.0,1.63,3.33,1.67,6.163,22,113.437,0.6134965561370822,0.14986291818486985,4.740024453228025,12867.952969,Car,Car
2,14,85.48,1.93,0.0,0.0,0.51,24,0.195,0.518134446562463,41.025430638817234,0.178146185383474,0.038025,Ped,Car
13,14,0.01,1.9,0.0,0.0,5.787,27,105.897,0.5263155124655198,0.1274823637356831,4.671865754026358,11214.174609000002,LCV,Car
11,12,6.34,2.03,0.0,-1.11,6.158,23,113.333,0.49261059477310604,0.1014708857837445,4.739115243041685,12844.368889,LCV,Car
11,14,4.44,2.13,0.0,0.0,6.328,28,116.731,0.4694833476604002,0.10708380715419377,4.768402361065753,13626.126360999999,LCV,Car
13,14,7.41,2.13,0.0,0.0,6.352,27,117.218,0.4694833476604002,0.11517002409894364,4.7725303776418855,13740.059524,LCV,Car
13,14,17.37,2.17,0.0,0.0,6.459,25,119.357,0.4608292807238338,0.11310605902371827,4.790462326226879,14246.093449,LCV,Car
14,3,64.12,2.23,0.0,0.0,1.209,24,14.208,0.44843029218372543,0.5982544623976308,2.721821605186128,201.867264,Car,Ped
8,6,56.32,0.93,0.56,0.0,0.5,23,0.0,1.075267661002515,7000000.0,0.0,0.0,VRU,Ped
4,14,33.38,0.83,0.0,0.56,0.5,23,0.0,1.204817825520692,9000000.0,0.0,0.0,Ped,VRU
