sample_index,speed_object_1_kph,speed_object_2_kph,angle_degrees,PET,acceleration_obj1_mps2,acceleration_obj2_mps2,min_dist_dual_check_m,object_count_at_frame1,target_dist_px,FE_inv_PET,FE_safety_index,FE_log_mesafe,FE_dist_squared,class_object_1,class_object_2,event_type
0,4,8,29.19,2.87,0.0,0.0,4.677,48,58.758,0.3484319343442737,0.1021137529848913,4.090303073062381,3452.5025640000003,Car,VRU,0
1,8,11,1.83,1.47,0.0,1.11,1.611,46,15.622,0.6802716460737102,0.6081167194906721,2.8107271191308345,244.046884,Car,VRU,1
2,8,11,2.03,1.4,0.0,-0.56,1.74,46,17.448,0.7142852040819971,0.5444749802570507,2.9149559635267037,304.432704,Car,VRU,1
3,6,16,38.42,2.6,0.0,0.0,1.404,47,12.715,0.3846152366864473,0.8651198690428731,2.618490124389566,161.671225,Car,VRU,0
4,14,17,10.0,2.07,-1.11,0.0,15.321,47,208.468,0.4830915540620512,0.0743519385500319,5.344570983065472,43458.90702399999,Car,VRU,0
5,8,6,60.89,2.57,0.0,0.0,8.986,45,119.355,0.3891049069630712,0.0586485689024459,4.790445708858405,14245.616025,Car,Ped,0
6,5,14,16.2,2.77,0.0,0.0,9.024,42,119.892,0.3610106999961371,0.0792379801885198,4.794897585042639,14374.091664,Car,VRU,0
7,5,16,2.03,2.33,0.0,0.0,8.775,39,116.397,0.4291843651569247,0.0902085097536147,4.765561353404804,13548.261609,Car,VRU,0
8,7,13,8.42,2.9,0.0,0.0,8.24,46,108.867,0.3448274673008733,0.0918551986198278,4.699270543343187,11852.023689,Car,VRU,0
9,6,5,0.9,2.8,0.0,0.0,3.451,50,41.505,0.3571427295918823,0.1325141517283664,3.7496217160693215,1722.6650250000002,Car,Ped,0
10,14,25,9.19,2.23,0.0,0.56,19.113,39,261.799,0.4484302921837254,0.0744846234153506,5.571389481428177,68538.71640099998,Car,VRU,0
11,10,10,16.07,1.67,0.0,0.0,0.866,46,5.154,0.5988020366454871,1.9402402133798575,1.8171022768998504,26.563716,Car,VRU,1
12,10,9,39.82,2.87,0.0,0.56,6.944,46,90.634,0.3484319343442737,0.1048171756204385,4.517802381849488,8214.521956,Car,LCV,0
13,9,10,4.55,2.63,0.0,0.0,5.723,37,73.46,0.3802279923087481,0.129322078283119,4.310262068444571,5396.3716,LCV,LCV,0
14,9,10,0.89,2.8,0.0,0.0,10.904,36,146.333,0.3571427295918823,0.0649204207873793,4.99269533096359,21413.346889,LCV,LCV,0
15,12,11,9.9,2.3,0.56,0.56,3.353,48,40.134,0.4347824196598175,0.2865400835565834,3.716835030127268,1610.737956,Car,VRU,1
16,3,10,7.2,1.8,0.56,0.0,1.027,41,7.406,0.5555552469137517,0.8776666381762573,2.1289457365829247,54.848836,Car,VRU,1
17,5,7,1.88,1.4,0.0,-0.56,1.713,49,17.066,0.7142852040819971,0.3515762128456455,2.894031718727652,291.24835599999994,Ped,VRU,1
18,5,8,3.63,1.03,0.0,0.0,1.191,50,9.717,0.9708728438127732,0.6689306710990356,2.37183126573086,94.420089,Ped,VRU,1
19,4,8,10.34,1.8,1.11,0.0,2.08,48,22.225,0.5555552469137517,0.2699662420712602,3.1452292846999024,493.95062500000006,Ped,VRU,1
20,12,16,4.35,2.63,0.0,0.0,16.32,43,222.51,0.3802279923087481,0.0629185202331647,5.409456155782004,49510.7001,Car,VRU,0
21,9,7,85.14,2.5,0.56,0.0,3.127,40,36.955,0.399999840000064,0.2164794962392235,3.636401247468732,1365.6720249999998,Car,Ped,0
22,3,3,1.82,1.77,0.56,0.56,10.97,42,147.272,0.5649714322195298,0.02037047082697,4.999048424844336,21689.041984,VRU,Car,0
23,2,2,3.77,1.9,0.56,0.56,11.807,45,159.036,0.5263155124655198,0.0125757689291998,5.075398789925123,25292.449296,VRU,Car,0
24,7,10,33.42,2.0,0.0,0.0,2.885,39,33.545,0.499999750000125,0.2533909598035189,3.542262821940758,1125.267025,VRU,VRU,1
25,6,4,87.46,2.1,-0.56,0.56,1.551,40,14.787,0.4761902494332145,0.3381348253104196,2.75918681654959,218.65536900000004,Car,Ped,1
26,11,17,0.41,1.6,-0.56,1.11,4.452,41,55.584,0.6249996093752441,0.2518710374951238,4.035726259733689,3089.5810560000004,VRU,VRU,1
27,13,13,2.79,1.23,0.0,0.0,2.201,40,23.926,0.8130074690996186,0.5433419483682208,3.215911435404185,572.4534759999999,Car,VRU,1
28,13,13,2.86,1.27,0.0,0.0,2.206,40,23.996,0.7874009548023978,0.5417569369162804,3.218715812066835,575.808016,Car,VRU,1
29,13,13,3.27,1.2,0.0,0.0,2.194,40,23.831,0.8333326388894676,0.545507928936766,3.212092872571368,567.916561,Car,VRU,1
30,13,17,13.47,1.73,0.0,0.56,4.153,41,51.383,0.5780343479570244,0.2919253392770889,3.9585821112081,2640.2126890000004,Car,VRU,0
31,14,8,3.92,2.7,0.0,1.67,8.354,37,110.464,0.3703702331962099,0.0995799527485882,4.71370166881129,12202.295296,Car,VRU,0
32,13,12,5.14,1.47,0.0,-0.56,4.128,40,51.035,0.6802716460737102,0.2449299452350359,3.951916569089823,2604.571225,VRU,VRU,1
33,13,22,2.94,1.93,0.0,0.0,6.302,40,81.607,0.518134446562463,0.2144423858928476,4.414094422698925,6659.702449,VRU,VRU,0
34,13,4,50.28,1.8,0.0,1.11,1.011,43,7.182,0.5555552469137517,1.183514176620137,2.1019366195072067,51.581124,VRU,Ped,1
35,13,5,60.58,2.73,0.0,0.0,3.8,41,46.411,0.366300232124457,0.1939195407571579,3.85885426928808,2153.9809210000003,VRU,Ped,0
36,4,16,0.54,2.8,0.56,0.0,25.714,41,354.647,0.3571427295918823,0.0281970522006472,5.873938665884563,125774.494609,LCV,Car,0
37,4,16,0.99,2.7,1.11,0.0,25.611,40,353.203,0.3703702331962099,0.0283123302228114,5.869870195103943,124752.359209,LCV,Car,0
38,14,23,70.83,2.5,0.56,0.0,6.801,40,88.626,0.399999840000064,0.2087423531611225,4.495645456458655,7854.567876000001,LCV,VRU,0
39,13,12,2.14,2.83,-1.67,0.0,12.387,35,167.199,0.353356765598316,0.0747612122395396,5.125147802217964,27955.505601000004,Car,LCV,0
40,14,12,2.43,2.83,-1.11,0.0,12.513,35,168.976,0.353356765598316,0.0769340020065926,5.135657250613337,28552.888576,Car,LCV,0
41,16,12,2.8,2.93,0.0,0.0,12.724,32,171.938,0.3412968118440915,0.0814246991274488,5.152933148760891,29562.675844,Car,LCV,0
42,15,12,2.82,2.83,-0.56,0.0,12.48,35,168.507,0.353356765598316,0.0801153656517808,5.132894223902872,28394.609049,Car,LCV,0
43,23,3,44.56,2.17,0.0,0.0,1.332,42,11.697,0.4608292807238338,1.1113959894506291,2.541365745087654,136.819809,VRU,Ped,1
44,8,4,54.66,2.37,1.11,0.0,1.133,40,8.909,0.4219407502359703,0.6734761843667993,2.2934434350767625,79.370281,LCV,Ped,1
45,7,7,13.77,2.4,0.0,0.0,1.695,37,16.81,0.4166664930556278,0.4164187735622383,2.87976009730157,282.57609999999994,Car,VRU,1
46,7,3,55.18,2.6,0.0,0.0,0.5,39,0.0,0.3846152366864473,5000000.0,0.0,0.0,Car,Ped,1
47,13,19,75.89,2.13,1.11,0.0,7.807,36,102.783,0.4694833476604002,0.1556677645557362,4.6423021808256975,10564.345089,VRU,Car,1
48,19,8,2.8,2.9,2.22,0.56,12.771,35,172.594,0.3448274673008733,0.0782182458357866,5.156719239416981,29788.688836,Car,Car,0
49,8,16,1.39,3.0,0.0,0.0,13.828,44,187.472,0.3333332222222592,0.0640095584193396,5.238949454740683,35145.750784,LCV,Car,0
50,8,16,27.98,2.97,0.0,0.0,5.325,44,67.873,0.3367002233332581,0.1768007871053174,4.232264228938941,4606.744129000001,LCV,Car,0
51,6,8,0.24,2.57,0.0,0.0,5.62,38,72.021,0.3891049069630712,0.0971938726594483,4.2907470710118325,5187.0244410000005,Car,VRU,0
52,6,8,0.33,2.6,0.56,0.0,6.329,38,81.991,0.3846152366864473,0.0853752230686877,4.418732168182296,6722.524081,Car,VRU,0
53,7,8,0.88,2.47,0.56,0.0,5.464,39,69.819,0.4048581356849652,0.1074206146260958,4.260127326279067,4874.692761,Car,VRU,0
54,10,4,80.73,2.0,1.11,0.0,3.133,43,37.038,0.499999750000125,0.1889950810250261,3.638585660059469,1371.8134439999997,Car,Ped,1
55,17,17,1.51,2.5,0.0,0.0,15.216,43,206.985,0.399999840000064,0.0821315550299221,5.337465961716263,42842.790225,Car,VRU,0
56,17,17,0.1,2.4,0.0,0.0,13.443,45,182.057,0.4166664930556278,0.0933773483393808,5.209797579752862,33144.75124899999,Car,VRU,0
57,17,17,0.81,2.3,0.0,0.0,12.698,44,171.575,0.4347824196598175,0.0990820335183911,5.150831924589539,29437.980625,Car,VRU,0
58,8,16,62.95,2.37,0.0,1.11,15.048,43,204.624,0.4219407502359703,0.0586441470275033,5.326049258285926,41870.981376,VRU,VRU,0
59,10,8,2.65,2.37,0.0,0.0,7.584,48,99.635,0.4219407502359703,0.0903297025108676,4.611500109682961,9927.133225,Car,Car,0
60,6,8,39.0,2.27,1.11,0.0,1.944,47,20.31,0.4405284402958412,0.3446577870675634,3.0591764461105257,412.4961,Car,Car,0
61,11,8,4.68,1.47,1.11,0.0,3.0,43,35.158,0.6802716460737102,0.2702087641444688,3.5878982242598227,1236.084964,VRU,VRU,1
62,7,8,13.71,1.03,0.56,0.56,1.352,41,11.983,0.9708728438127732,0.6258866205552349,2.5636408093781164,143.59228900000002,VRU,VRU,1
63,8,11,20.75,1.8,0.0,0.56,2.095,44,22.438,0.5555552469137517,0.4233888749715271,3.1543586368364105,503.463844,LCV,VRU,1
64,9,6,3.01,2.4,1.11,0.56,9.06,45,120.407,0.4166664930556278,0.0622887368484495,4.799148537589118,14497.845649,VRU,VRU,1
65,20,24,0.8,2.47,0.0,0.0,25.243,52,348.029,0.4048581356849652,0.0632131228627122,5.85515501330614,121124.184841,Car,VRU,0
66,20,24,1.3,2.4,0.0,0.0,19.398,47,265.806,0.4166664930556278,0.0827671306036465,5.586521802544223,70652.829636,Car,VRU,0
67,20,24,7.24,2.37,0.0,0.56,19.671,47,269.653,0.4219407502359703,0.0815863347280158,5.600837557607936,72712.740409,Car,VRU,0
68,9,3,4.34,2.27,0.0,0.56,8.165,44,107.818,0.4405284402958412,0.0556493344743054,4.689676761914431,11624.721124,Car,VRU,0
69,5,4,51.43,2.9,0.0,0.0,0.996,48,6.97,0.3448274673008733,0.6456240106708736,2.075684492802124,48.5809,Car,Ped,1
70,8,12,5.63,2.33,0.56,0.56,1.936,51,20.196,0.4291843651569247,0.4951475294539745,3.053812484630516,407.8784160000001,Car,VRU,1
71,11,12,4.66,1.7,0.0,0.0,9.944,50,132.835,0.5882349480970894,0.0865735680613274,4.896607697941289,17645.137225000002,Car,VRU,0
72,7,10,86.63,2.1,-1.11,0.0,3.587,53,43.416,0.4761902494332145,0.1957803529624942,3.7935997648843394,1884.949056,VRU,Car,1
73,8,2,82.7,2.83,1.11,0.0,3.334,52,39.864,0.353356765598316,0.1254264467834024,3.7102494798501287,1589.1384959999998,VRU,Ped,1
74,6,13,84.58,1.67,-0.56,0.56,1.701,51,16.892,0.5988020366454871,0.5623963673693839,2.8843536855706016,285.339664,VRU,VRU,1
75,9,13,87.11,1.47,0.56,0.56,1.418,50,12.919,0.6802716460737102,0.851459025353431,2.633254813245264,166.900561,VRU,VRU,1
76,8,16,89.64,2.0,0.0,1.11,2.657,53,30.339,0.499999750000125,0.3955304922531892,3.444863328314142,920.454921,VRU,VRU,1
77,13,12,5.7,2.53,-0.56,0.0,2.467,52,27.673,0.3952567607680787,0.4517038105119138,3.3559559134164663,765.7949289999999,Car,Car,0
78,3,10,26.24,2.13,0.56,0.0,4.14,54,51.205,0.4694833476604002,0.1269407259654189,3.9551782757420737,2621.952025,Car,VRU,1
79,4,3,3.22,2.57,1.11,0.56,11.219,57,150.773,0.3891049069630712,0.0232137052176868,5.022385983528918,22732.497529,Car,Ped,0
80,9,12,27.9,2.8,0.0,0.0,5.453,45,69.671,0.3571427295918823,0.1507083269838479,4.258035304878579,4854.048241000001,Car,LCV,0
81,9,14,48.17,1.9,0.56,0.0,3.165,51,37.483,0.5263155124655198,0.3068057437556828,3.650216585336545,1404.9752889999995,Ped,VRU,1
82,7,10,70.46,2.27,1.11,0.0,2.846,51,32.993,0.4405284402958412,0.2576303986412148,3.526154621066539,1088.5380490000002,Ped,VRU,0
83,20,15,9.92,3.0,0.0,0.0,25.46,50,351.072,0.3333332222222592,0.0498473246233042,5.8638357001360735,123251.549184,VRU,VRU,0
84,20,15,8.28,2.9,0.0,-0.56,24.332,50,335.211,0.3448274673008733,0.0522059238741988,5.817738939059142,112366.414521,VRU,VRU,0
85,12,14,9.41,1.03,-0.56,-0.56,2.612,51,29.702,0.9708728438127732,0.437680949509092,3.4243277990510097,882.2088040000001,VRU,VRU,1
86,11,14,3.84,1.13,0.0,1.11,3.161,50,37.433,0.8849549690663993,0.3339299459319332,3.6489164655424062,1401.229489,VRU,VRU,1
87,11,13,7.55,1.2,1.11,2.22,3.646,51,44.253,0.8333326388894676,0.2711680502752796,3.8122689662908384,1958.328009,VRU,VRU,1
88,9,14,10.87,2.5,0.0,0.0,14.311,56,194.265,0.399999840000064,0.0591974876627416,5.274357610352805,37738.890225,Car,VRU,0
89,11,6,4.21,2.87,-1.11,-1.11,5.167,54,65.64,0.3484319343442737,0.1294942088742503,4.199304997858588,4308.6096,VRU,Car,0
90,13,3,62.49,1.1,-0.56,0.56,0.5,46,0.0,0.9090900826453794,8000000.0,0.0,0.0,VRU,Ped,1
91,14,11,0.81,1.03,0.0,0.0,4.068,46,50.179,0.9708728438127732,0.2491081877058493,3.935329291658381,2517.932041,VRU,VRU,0
92,13,11,1.13,1.27,0.0,0.0,3.452,49,41.521,0.7874009548023978,0.2890103733289089,3.749998071541504,1723.993441,VRU,VRU,0
93,13,11,1.0,1.3,0.0,0.0,3.515,50,42.402,0.7692301775152481,0.2830055119332694,3.7705055229938815,1797.9296040000002,VRU,VRU,0
94,14,14,1.92,2.63,0.0,0.0,16.338,45,222.774,0.3802279923087481,0.0628439581690683,5.410636613972579,49628.255076,VRU,VRU,0
95,14,14,1.81,2.67,0.0,0.0,16.118,44,219.682,0.3745316949319494,0.063728479967733,5.396722751259664,48260.181124,VRU,VRU,0
96,14,14,4.13,2.87,0.56,0.0,11.124,48,149.439,0.3484319343442737,0.093683709783365,5.013557686411737,22332.014721,VRU,VRU,0
97,14,14,0.9,2.73,0.0,0.0,15.164,45,206.25,0.366300232124457,0.0678787875496786,5.333925794015404,42539.0625,VRU,VRU,0
98,10,14,2.43,1.47,0.0,0.0,4.739,50,59.625,0.6802716460737102,0.2012578582598262,4.104707349257647,3555.140625,VRU,VRU,0
99,10,14,2.5,1.57,0.0,0.0,7.759,46,102.108,0.6369422694635226,0.1175226219539838,4.635776982580992,10426.043664,VRU,VRU,0
100,8,4,84.17,1.53,0.56,0.0,1.189,51,9.686,0.6535943440559843,0.6194506897118842,2.3689344735355795,93.818596,VRU,Ped,1
101,10,13,3.94,2.6,0.0,1.11,6.213,48,80.359,0.3846152366864473,0.1431078019499023,4.398871460612654,6457.568880999999,Car,VRU,0
102,10,9,21.37,2.6,0.0,0.56,3.98,45,48.951,0.3846152366864473,0.1940716186784413,3.9110425249141847,2396.200401,Car,VRU,0
103,3,11,61.89,2.2,0.56,0.0,0.5,48,0.0,0.4545452479339781,7000000.0,0.0,0.0,Ped,VRU,0
104,2,14,33.56,2.33,0.56,0.56,0.828,55,4.61,0.4291843651569247,1.7353575411371926,1.724550719534605,21.2521,Ped,VRU,1
105,11,14,1.3,1.73,0.0,0.0,7.511,50,98.608,0.5780343479570244,0.1267645614274241,4.601242482650111,9723.537664,VRU,VRU,0
106,11,14,1.49,1.77,0.0,0.0,7.498,49,98.428,0.5649714322195298,0.1269963818527616,4.599433764136155,9688.071184,VRU,VRU,0
107,11,14,1.2,1.8,0.0,0.56,7.407,47,97.146,0.5555552469137517,0.1286723063361095,4.586456165943967,9437.345316,VRU,VRU,0
108,11,14,1.41,1.8,0.0,0.56,7.519,48,98.726,0.5555552469137517,0.1266130489778472,4.602426425317028,9746.823076,VRU,VRU,0
109,11,14,4.45,1.47,0.0,0.0,3.547,50,42.859,0.6802716460737102,0.2916540215204736,3.780979942912221,1836.893881,VRU,VRU,0
110,7,6,45.68,2.57,1.11,0.0,5.735,38,73.627,0.3891049069630712,0.0882828298276063,4.312502372023651,5420.935129,Car,Ped,0
111,13,8,73.22,2.17,0.0,0.56,1.399,44,12.646,0.4608292807238338,0.8303020061440767,2.613446438393232,159.92131600000002,VRU,VRU,1
112,13,8,72.65,2.17,0.0,0.56,1.399,44,12.646,0.4608292807238338,0.8303020061440767,2.613446438393232,159.92131600000002,VRU,VRU,1
113,13,8,68.14,1.87,0.0,1.11,1.407,45,12.756,0.5347590723213517,0.8231419862698349,2.62147509257002,162.715536,VRU,VRU,1
114,8,9,71.78,2.47,0.0,1.11,3.407,46,40.892,0.4048581356849652,0.207864613913122,3.7350948779108992,1672.1556640000003,VRU,Car,1
115,19,14,12.69,2.5,0.0,0.0,15.637,35,212.907,0.399999840000064,0.0774986257967158,5.365541341125588,45329.39064900001,VRU,Car,0
116,12,5,39.07,2.6,0.0,0.0,0.932,42,6.076,0.3846152366864473,1.398946445203021,1.9567087762975388,36.917776,LCV,Ped,1
117,12,11,4.4,2.73,0.0,0.0,8.359,43,110.547,0.366300232124457,0.1040281499812012,4.714446026747288,12220.639209,LCV,Car,0
118,19,7,0.18,1.7,0.0,0.56,7.242,39,94.835,0.5882349480970894,0.1370801904668087,4.562627962722416,8993.677225,Car,LCV,0
119,18,4,0.8,1.57,0.0,0.56,8.324,39,110.044,0.6369422694635226,0.0999600150852385,4.709926519164434,12109.681936,Car,LCV,0
120,10,8,1.79,2.13,0.0,0.0,1.549,42,14.748,0.4694833476604002,0.610252196212897,2.756713373081491,217.503504,Car,Car,1
121,10,8,2.08,2.13,0.0,0.0,1.503,42,14.109,0.4694833476604002,0.637890662847072,2.715290592757704,199.063881,Car,Car,1
122,10,8,0.38,1.8,0.0,0.0,1.406,39,12.747,0.5555552469137517,0.7060484266063838,2.620820618489283,162.486009,Car,Car,1
123,10,8,0.84,1.8,0.0,0.0,1.517,40,14.311,0.5555552469137517,0.6288868262953794,2.728571524322958,204.804721,Car,Car,1
124,10,8,1.35,1.83,0.0,0.0,1.623,38,15.789,0.5464477888263449,0.5700170644108516,2.820723910054261,249.292521,Car,Car,1
125,10,8,1.93,1.9,0.0,0.0,1.805,38,18.35,0.5263155124655198,0.4904631885306164,2.962692419475791,336.7225,Car,Car,1
126,10,14,73.77,2.97,0.0,0.0,4.835,41,60.974,0.3367002233332581,0.196805192429475,4.126714942252551,3717.828676,LCV,Car,0
127,8,15,68.74,2.97,-0.56,0.0,5.767,43,74.087,0.3367002233332581,0.1552229115064328,4.318647441256157,5488.8835690000005,LCV,VRU,0
128,11,14,1.56,2.0,0.0,0.0,7.92,42,104.362,0.499999750000125,0.1197753960275253,4.657402039790926,10891.427043999998,Car,Car,0
129,1,1,3.55,2.8,0.56,0.0,20.357,48,279.3,0.3571427295918823,0.00358037950741,5.635860458170742,78008.49,Car,VRU,0
130,4,7,1.56,2.7,0.56,0.56,15.783,44,214.962,0.3703702331962099,0.0255859173919766,5.375102466281458,46208.661444,Car,VRU,0
131,10,13,12.21,1.93,0.0,0.0,6.734,40,87.684,0.518134446562463,0.1311527743812694,4.485079489729964,7688.483856,Car,VRU,0
132,10,19,15.99,2.37,0.0,0.0,4.076,39,50.3,0.4219407502359703,0.2882703720025771,3.937690752176724,2530.09,Car,VRU,1
133,10,6,1.84,1.83,0.56,0.56,9.119,43,121.229,0.5464477888263449,0.0659908102352505,4.805896334458151,14696.470441,VRU,Car,0
134,7,6,67.06,1.33,1.11,-1.11,1.745,38,17.514,0.7518791339254632,0.3711316449051247,2.9185272026450195,306.740196,VRU,VRU,1
135,10,9,43.51,2.17,0.0,0.0,4.312,52,53.613,0.4608292807238338,0.1771958260646517,4.0002719496487815,2874.353769,Car,VRU,0
136,10,9,58.81,1.27,0.0,0.56,1.512,50,14.229,0.7874009548023978,0.667650525852096,2.7232015048695537,202.464441,Car,VRU,1
137,9,16,75.75,2.0,1.11,0.0,2.663,45,30.428,0.499999750000125,0.4108058232284138,3.447699215313575,925.863184,Car,VRU,0
138,7,10,5.52,2.07,0.0,0.56,3.029,46,35.578,0.4830915540620512,0.2389116802824307,3.599446966782384,1265.794084,Car,VRU,0
139,5,7,4.97,2.27,0.56,0.56,3.906,40,47.906,0.4405284402958412,0.125245269376586,3.889900088340376,2294.984836,Car,VRU,0
140,11,13,70.55,2.83,0.0,0.0,3.166,40,37.498,0.353356765598316,0.320017059042694,3.650606291892444,1406.100004,Car,VRU,0
141,8,13,7.48,1.9,0.0,0.56,4.253,50,52.788,0.5263155124655198,0.1989088391507759,3.985050393961624,2786.572944,VRU,VRU,1
142,11,12,61.07,1.5,0.56,0.56,2.6,50,29.537,0.6666662222225186,0.3893421678118235,3.4189390631383123,872.434369,Car,VRU,1
143,12,5,50.14,1.27,0.0,0.0,3.702,48,45.041,0.7874009548023978,0.1887169425919286,3.8295323038610674,2028.691681,Car,Ped,1
144,16,12,21.39,1.87,1.11,0.56,3.37,50,40.375,0.5347590723213517,0.346749217417976,3.722676833697227,1630.140625,Car,VRU,0
145,13,13,65.8,2.4,0.56,0.0,5.343,50,68.122,0.4166664930556278,0.1908340889751609,4.235873059262371,4640.606884,Car,VRU,0
146,13,12,68.19,2.33,0.56,1.11,6.72,50,87.481,0.4291843651569247,0.1428881683692668,4.482787839699308,7652.925360999999,Car,VRU,0
147,12,5,69.97,2.5,0.0,0.0,4.157,51,51.44,0.399999840000064,0.1652410543304616,3.959669658895499,2646.0736,Car,Ped,0
148,8,9,8.16,1.47,0.0,0.0,2.54,50,28.693,0.6802716460737102,0.2962394905991185,3.390911327793656,823.2882490000001,VRU,VRU,1
149,8,9,8.2,1.5,0.0,0.0,2.641,50,30.112,0.6666662222225186,0.2822794805300385,3.437593596853446,906.7325439999998,VRU,VRU,1
150,8,9,0.99,1.93,0.0,-0.56,1.443,50,13.261,0.518134446562463,0.6409772535270906,2.65752853875463,175.854121,VRU,VRU,1
151,9,10,7.67,1.63,0.0,0.56,2.355,48,26.09,0.6134965561370822,0.3641241715552253,3.299164656097004,680.6881,VRU,VRU,1
152,10,18,3.28,1.7,0.0,0.0,6.646,54,86.451,0.5882349480970894,0.1619414447265914,4.4710786365050055,7473.775400999999,VRU,Car,0
153,9,9,5.37,2.43,0.56,0.0,3.431,49,41.225,0.4115224643940475,0.2183141244799484,3.743012462693864,1699.500625,VRU,Car,0
154,13,9,5.07,2.63,0.0,-1.11,2.075,50,22.15,0.3802279923087481,0.4966139730648319,3.1419947805322432,490.6225,Car,VRU,1
155,12,8,28.39,2.8,0.0,-0.56,4.62,53,57.95,0.3571427295918823,0.1725625509480146,4.07668962698338,3358.2025000000003,VRU,Car,0
156,18,4,71.85,2.2,0.56,0.0,1.19,49,9.703,0.4545452479339781,1.1336698821323423,2.3705240760022384,94.148209,Car,Ped,1
157,4,11,60.14,1.9,0.0,1.11,0.662,40,2.285,0.5263155124655198,3.2822742747158533,1.189366651936574,5.221225,Ped,VRU,1
158,12,12,0.82,2.67,0.56,0.0,8.881,36,117.883,0.3745316949319494,0.1017958475624488,4.778139816182667,13896.401688999998,VRU,VRU,0
159,12,12,0.39,2.7,0.56,0.0,8.787,37,116.562,0.3703702331962099,0.10294950238543,4.766965853995321,13586.699844,VRU,VRU,0
160,12,11,14.49,2.9,0.56,0.0,9.358,39,124.598,0.3448274673008733,0.0922968258535704,4.833086330340438,15524.661604,VRU,VRU,0
161,11,11,4.41,2.93,0.56,0.0,9.226,39,122.735,0.3412968118440915,0.0896239859076548,4.818142181980805,15063.880225,VRU,VRU,0
162,12,12,0.38,2.7,0.56,0.0,8.954,37,118.912,0.3703702331962099,0.1009149614764282,4.786758140428295,14140.063744,VRU,VRU,0
163,14,14,1.01,1.6,1.11,-0.56,2.66,52,30.383,0.6249996093752441,0.4607839758817768,3.4462663450297333,923.126689,VRU,VRU,1
164,4,6,2.06,1.4,1.11,1.11,5.605,55,71.798,0.7142852040819971,0.0696398218663497,4.287688482297791,5154.9528040000005,VRU,VRU,0
165,4,6,1.5,1.37,1.11,1.11,5.605,54,71.798,0.7299264745062229,0.0696398218663497,4.287688482297791,5154.9528040000005,VRU,VRU,0
166,11,12,2.5,1.27,0.0,0.0,5.708,50,73.25,0.7874009548023978,0.1569965848874186,4.307437777682809,5365.5625,VRU,VRU,0
167,12,11,9.87,2.1,0.0,0.0,4.021,40,49.519,0.4761902494332145,0.2322340872749028,3.9223495031454494,2452.131361,Car,VRU,0
168,3,15,19.85,1.5,0.0,-0.56,1.936,50,20.193,0.6666662222225186,0.4456989825336016,3.053670938474437,407.75724900000006,LCV,VRU,1
169,5,7,14.16,2.23,0.0,1.11,0.859,49,5.057,0.4484302921837254,1.1864739595661538,1.8012146279988102,25.573249000000004,Car,VRU,1
170,7,11,6.94,1.9,0.0,0.0,10.585,54,141.858,0.5263155124655198,0.0634437249683223,4.961851129908824,20123.692164,Car,VRU,0
171,7,18,3.34,1.4,0.0,0.0,7.559,54,99.295,0.7142852040819971,0.1258875056559997,4.608115843276661,9859.497025,Car,VRU,0
172,7,15,14.37,1.47,0.0,0.0,3.461,51,41.648,0.6802716460737102,0.2641183186679235,3.75298037952046,1734.5559040000005,Car,VRU,1
173,5,12,12.71,2.9,0.0,0.0,4.545,50,56.891,0.3448274673008733,0.1494085154170516,4.058561932082329,3236.585881,Car,VRU,1
174,1,17,5.35,2.33,0.0,0.0,7.524,36,98.803,0.4291843651569247,0.0910903505856062,4.603198242985862,9762.032809,Car,Car,0
175,16,20,13.65,2.3,0.0,0.0,14.19,44,192.557,0.4347824196598175,0.093478813579985,5.26557204273495,37078.198249,Car,VRU,0
176,6,6,1.08,2.67,-1.11,0.0,2.784,45,32.126,0.3745316949319494,0.1867646085175681,3.5003184725299623,1032.0798759999998,Car,Car,1
177,8,6,16.88,2.8,0.0,0.0,2.754,53,31.704,0.3571427295918823,0.220792322079475,3.487497394581239,1005.143616,Car,Car,0
178,8,6,1.39,2.53,0.0,0.0,5.491,54,70.201,0.3952567607680787,0.0997136778719152,4.265506863263121,4928.180400999999,Car,Car,0
179,15,18,1.91,2.93,0.0,0.56,12.748,40,172.279,0.3412968118440915,0.0957748762427523,5.154903012229565,29680.053841,VRU,VRU,0
180,6,6,82.5,2.03,0.0,0.0,1.569,52,15.03,0.492610594773106,0.3992015702460699,2.7744619666214616,225.9009,Car,Ped,1
181,6,5,68.76,2.8,0.0,0.0,3.467,54,41.736,0.3571427295918823,0.1317807137296168,3.755041656367605,1741.893696,Car,Ped,0
182,16,15,8.09,2.07,0.0,0.0,6.916,46,90.248,0.4830915540620512,0.1717489565225937,4.513581074414183,8144.701504000001,Car,VRU,0
183,14,3,7.22,2.03,0.0,0.56,7.808,46,102.796,0.492610594773106,0.082688041531888,4.642427434343799,10567.017616,VRU,Car,0
184,7,5,89.25,2.73,0.56,1.11,2.087,46,22.316,0.366300232124457,0.2688653760142778,3.1491398201833034,498.0038559999999,Car,VRU,0
185,7,7,15.51,2.93,0.0,0.0,6.223,51,80.502,0.3412968118440915,0.0869543603021743,4.40062755982302,6480.572004,Car,LCV,0
186,6,6,76.7,2.63,0.0,0.0,7.318,49,95.904,0.3802279923087481,0.0625625619102168,4.573720797714501,9197.577216,Car,Ped,1
187,7,5,67.4,2.97,0.0,0.0,4.65,55,58.371,0.3367002233332581,0.1027907676279185,4.083805891664399,3407.1736410000003,LCV,Ped,0
188,11,20,6.59,2.13,0.0,0.0,13.46,54,182.286,0.4694833476604002,0.085031214218145,5.211047774405562,33228.185796,VRU,VRU,0
189,11,20,3.38,2.13,0.0,0.0,13.577,53,183.932,0.4694833476604002,0.084270273338678,5.21998818994124,33830.980624,VRU,VRU,0
190,11,20,0.7,2.1,0.0,0.0,15.163,51,206.249,0.4761902494332145,0.0751518791598898,5.333920968913293,42538.650001,VRU,VRU,0
191,11,20,4.36,2.13,0.0,0.0,13.42,53,181.727,0.4694833476604002,0.085292773856979,5.207993235716324,33024.702529,VRU,VRU,0
192,12,15,1.78,2.33,0.0,0.0,10.958,45,147.101,0.4291843651569247,0.0917736786848921,4.99789447344542,21638.704201,LCV,Car,0
193,24,6,1.51,2.37,0.56,0.0,13.661,45,185.11,0.4219407502359703,0.0810328989193836,5.226337896755872,34265.712100000004,VRU,VRU,0
194,2,0,6.95,1.33,0.0,0.0,11.122,53,149.403,0.7518791339254632,0.0066933059798444,5.013318358125315,22321.256409,VRU,VRU,0
195,20,19,1.76,2.83,0.0,0.0,18.243,50,249.569,0.353356765598316,0.0781347039170141,5.523734331697577,62284.68576099999,VRU,VRU,0
196,17,14,24.41,1.2,0.0,0.56,2.795,49,32.282,0.8333326388894676,0.4801437184764353,3.5050167103011525,1042.1275239999998,VRU,VRU,0
197,18,14,19.61,1.27,1.11,0.56,3.457,50,41.594,0.7874009548023978,0.3846708567420576,3.751713398285304,1730.060836,VRU,VRU,0
198,20,19,1.12,2.8,0.0,0.0,19.125,49,261.973,0.3571427295918823,0.074435151429975,5.572051365310744,68629.852729,VRU,VRU,0
199,20,17,1.76,2.07,0.0,0.0,9.44,53,125.741,0.4830915540620512,0.1471278250759273,4.842145634033093,15810.799081,VRU,VRU,0
200,20,19,1.95,2.8,0.0,0.0,18.325,50,250.717,0.3571427295918823,0.0777769354380559,5.528305440583582,62859.014089,VRU,VRU,0
201,20,18,1.09,2.23,0.0,0.56,10.983,52,147.445,0.4484302921837254,0.1288616085397158,5.000214519268338,21740.028025,VRU,VRU,0
202,20,17,2.39,2.17,0.0,0.0,10.419,53,139.509,0.4608292807238338,0.1326079311542056,4.945271543661744,19462.761081,VRU,VRU,0
203,19,17,2.82,1.23,0.0,1.67,4.184,53,51.823,0.8130074690996186,0.3473361181842788,3.966946701924045,2685.623329,VRU,VRU,0
204,20,18,0.37,2.37,0.0,0.0,11.876,51,160.006,0.4219407502359703,0.1187455462998541,5.081441631370808,25601.920036,VRU,VRU,0
205,20,18,0.42,2.37,0.0,0.0,12.636,51,170.692,0.4219407502359703,0.1113116015319311,5.145702173923364,29135.758864000003,VRU,VRU,0
206,7,10,42.22,2.23,0.0,0.0,3.234,47,38.457,0.4484302921837254,0.221026075330211,3.675211471348516,1478.940849,LCV,VRU,1
207,13,2,61.35,2.93,0.0,0.0,2.14,51,23.072,0.3412968118440915,0.325069334038257,3.181049339327744,532.317184,VRU,Ped,0
208,18,2,61.78,1.6,0.0,0.0,0.916,51,5.856,0.6249996093752441,1.707649981617148,1.925124181295479,34.292736,VRU,Ped,1
209,8,6,23.05,2.33,0.0,0.0,0.649,46,2.096,0.4291843651569247,3.3396930631235384,1.1301109557274809,4.393216000000001,LCV,Ped,1
210,19,15,1.18,2.9,0.0,0.0,13.509,43,182.979,0.3448274673008733,0.0929068357958736,5.214821620660829,33481.314441,Car,VRU,0
211,19,15,2.08,2.87,0.56,0.0,12.901,44,174.422,0.3484319343442737,0.0974647687937028,5.1671944996667705,30423.034084,Car,VRU,0
212,16,13,8.51,2.93,0.56,1.67,10.083,45,134.785,0.3412968118440915,0.1075787357081371,4.911072752470066,18166.996225,Car,VRU,0
213,17,15,5.53,2.9,0.56,2.22,11.017,46,147.921,0.3448274673008733,0.1081658445510384,5.003415963996743,21880.622241,Car,VRU,0
214,17,14,6.33,2.93,1.11,2.22,10.624,45,142.393,0.3412968118440915,0.1088536647949431,4.965589112469172,20275.766449,Car,VRU,0
215,13,9,69.48,1.77,0.56,1.11,2.379,53,26.428,0.5649714322195298,0.4162251999309369,3.311564389422118,698.4391840000001,Car,VRU,1
216,9,6,79.4,2.27,1.11,1.67,0.944,50,6.238,0.4405284402958412,1.2023082394504263,1.9793449251415507,38.91264400000001,LCV,VRU,1
217,9,8,19.58,1.6,0.56,0.0,1.8,45,18.29,0.6249996093752441,0.464734802365511,2.9595868269176377,334.5241,LCV,Ped,1
218,12,7,81.52,2.1,0.0,-0.56,4.918,48,62.142,0.4761902494332145,0.1528756693882451,4.145386158269615,3861.628164,VRU,VRU,1
219,12,8,37.05,3.0,0.0,1.11,3.615,46,43.82,0.3333332222222592,0.2282062932860271,3.802654468372781,1920.1924,VRU,Car,0
220,4,5,6.93,1.8,0.56,1.11,10.165,53,135.95,0.5555552469137517,0.0331004043170253,4.919615895709087,18482.4025,VRU,VRU,0
221,3,3,2.19,2.0,0.56,0.56,10.762,48,144.344,0.499999750000125,0.0207836832789469,4.979103346483093,20835.190336,VRU,VRU,0
222,10,15,78.35,3.0,1.67,0.0,16.907,44,230.768,0.3333332222222592,0.0541669553223715,5.445736871332726,53253.869824,Car,VRU,0
223,10,9,1.18,3.0,-0.56,-0.56,4.734,43,59.56,0.3333332222222592,0.1595030194845026,4.103634609129194,3547.3936000000003,Car,Car,0
224,11,10,1.82,3.0,-0.56,0.0,4.734,44,59.559,0.3333332222222592,0.1762957709784286,4.103618096443322,3547.274481,Car,Car,0
225,12,10,2.79,2.93,0.0,0.0,4.825,46,60.832,0.3412968118440915,0.1808258781426572,4.12442102980457,3700.532224,Car,Car,0
226,11,15,85.53,1.6,1.11,0.0,2.027,41,21.477,0.6249996093752441,0.6052986634400213,3.1124925641626904,461.261529,Car,VRU,1
227,5,8,13.49,2.13,0.0,1.67,6.687,41,87.023,0.4694833476604002,0.0746928964217173,4.477598143965045,7573.002528999999,Car,VRU,0
228,15,17,2.6,1.87,0.56,0.56,5.13,47,65.125,0.5347590723213517,0.2456813781853147,4.191546890178463,4241.265625,Car,Car,0
229,16,17,2.9,1.73,0.0,0.0,6.731,47,87.638,0.5780343479570244,0.1882744906516067,4.484560659567526,7680.419044000001,Car,Car,0
230,11,13,1.5,2.23,0.0,1.11,4.184,43,51.811,0.4484302921837254,0.2316110433766759,3.966719502347174,2684.379721,Car,Car,0
231,11,12,1.5,2.23,0.56,0.56,4.083,44,50.402,0.4484302921837254,0.2281655444592368,3.939677082209962,2540.361604,Car,Car,0
232,9,9,2.4,2.43,-1.11,-0.56,3.614,41,43.796,0.4115224643940475,0.2054982143232666,3.802118849720447,1918.089616,Car,Car,0
233,16,19,1.03,2.43,0.0,0.56,9.485,48,126.376,0.4115224643940475,0.1384756588396874,4.847143342346223,15970.893376000002,Car,VRU,0
234,16,19,1.06,2.47,0.0,0.56,9.842,47,131.4,0.4048581356849652,0.1331811253182562,4.885827643502908,17265.960000000003,Car,VRU,0
235,16,19,0.96,2.4,0.0,0.56,9.253,47,123.116,0.4166664930556278,0.142142368643049,4.821216612183667,15157.549456,Car,VRU,0
236,14,16,11.65,2.2,0.0,-1.11,6.728,44,87.6,0.4545452479339781,0.1712328747576156,4.484131857611035,7673.759999999999,Car,VRU,0
237,14,15,26.46,2.17,0.56,0.0,6.516,45,84.616,0.4608292807238338,0.1713623880665313,4.449872181568948,7159.867456,Car,VRU,0
238,15,17,4.45,2.5,0.56,0.56,8.208,45,108.413,0.399999840000064,0.1475837754920187,4.695129712909877,11753.378569,Car,VRU,0
239,20,22,1.68,2.27,0.0,0.0,14.774,45,200.778,0.4405284402958412,0.1045931321928043,5.307168083145998,40311.805284,VRU,VRU,0
240,8,17,88.48,3.0,1.11,1.67,3.56,46,43.036,0.3333332222222592,0.2904544964575124,3.7850074812081567,1852.097296,Car,VRU,1
241,13,11,1.82,1.87,0.0,0.0,6.601,49,85.817,0.5347590723213517,0.1398324325036714,4.463802455024263,7364.557488999999,Car,VRU,0
242,13,11,1.9,1.87,0.0,0.0,6.662,51,86.676,0.5347590723213517,0.138446627227299,4.473648201721105,7512.728976,Car,VRU,0
243,8,7,4.9,1.4,-1.11,-1.67,2.352,45,26.049,0.7142852040819971,0.2879189109785822,3.297650036032426,678.550401,VRU,VRU,1
244,12,13,3.88,2.2,0.56,0.0,12.155,43,163.932,0.4545452479339781,0.0762511280515632,5.105533267743173,26873.700624,VRU,VRU,0
245,12,10,5.16,1.13,0.0,0.0,2.674,41,30.58,0.8849549690663993,0.3597122184528378,3.452524008827496,935.1364,VRU,VRU,1
246,9,12,11.72,2.63,1.11,-0.56,9.312,45,123.939,0.3802279923087481,0.0847190950006124,4.827825618191548,15360.875721,VRU,VRU,0
247,15,15,0.89,1.03,0.0,0.56,3.335,45,39.878,0.9708728438127732,0.3761472396773349,3.710592021019586,1590.254884,VRU,VRU,1
248,15,11,1.39,1.53,1.11,0.56,7.184,51,94.012,0.6535943440559843,0.1382802180755625,4.554003199412847,8838.256144,VRU,VRU,0
249,14,10,0.8,1.6,1.67,0.56,7.629,53,100.274,0.6249996093752441,0.1196720972567954,4.617829714934846,10054.875076,VRU,VRU,0
250,13,10,0.93,1.67,1.11,0.56,7.724,54,101.608,0.5988020366454871,0.1131800634479562,4.630915902406507,10324.185664,VRU,VRU,0
251,13,10,1.0,1.67,1.11,0.56,7.742,54,101.862,0.5988020366454871,0.1128978410702927,4.633388284062076,10375.867044,VRU,VRU,0
252,7,9,1.11,2.9,1.11,0.0,7.171,37,93.828,0.3448274673008733,0.0852623941119666,4.552064724300986,8803.693584,Car,VRU,0
253,9,10,3.4,2.03,0.0,0.0,5.005,43,63.372,0.492610594773106,0.1499084745643427,4.164678755956248,4016.010384,Car,VRU,0
254,3,9,52.27,2.93,0.0,-0.56,0.797,37,4.184,0.3412968118440915,1.434034074083634,1.6455769590499736,17.505856,Car,VRU,1
255,6,9,15.7,2.53,-0.56,0.0,2.13,42,22.929,0.3952567607680787,0.3270966755158674,3.175091112497179,525.7390409999999,Car,VRU,1
256,6,7,22.47,2.73,0.56,-0.56,1.88,37,19.404,0.366300232124457,0.334982460576043,3.0157309600606803,376.515216,Car,VRU,1
257,9,4,43.59,1.73,0.0,0.0,1.436,41,13.169,0.5780343479570244,0.4935833781165329,2.6510564795820897,173.422561,Car,Ped,1
258,9,9,29.55,2.8,0.0,0.0,3.216,36,38.197,0.3571427295918823,0.2356205923077573,3.668600213255556,1459.010809,Car,VRU,0
259,5,9,39.2,1.77,0.0,0.0,6.04,40,77.929,0.5649714322195298,0.0898253526950769,4.368548714186106,6072.929041,VRU,VRU,1
260,18,16,0.25,1.53,0.0,0.0,8.933,38,118.622,0.6535943440559843,0.1433123691784629,4.7843367710887446,14071.178884,VRU,VRU,0
261,7,6,42.78,1.7,0.56,0.56,1.12,37,8.714,0.5882349480970894,0.7459260103366984,2.273568143923553,75.933796,VRU,VRU,1
262,4,9,79.35,2.03,0.56,0.0,2.686,38,30.745,0.492610594773106,0.211416483609807,3.4577352326224133,945.255025,Ped,VRU,0
263,12,12,82.27,1.67,1.11,0.0,2.119,37,22.771,0.5988020366454871,0.5269860556415592,3.1684663503231194,518.518441,VRU,VRU,1
264,3,9,55.55,1.83,0.0,1.11,1.056,38,7.815,0.5464477888263449,0.7677542203769391,2.1764548158498336,61.074225000000006,Ped,VRU,1
265,9,9,87.84,2.07,0.56,-1.11,3.873,44,47.445,0.4830915540620512,0.1896933251197528,3.880429133836968,2251.028025,Car,VRU,1
266,10,14,89.98,1.93,0.56,0.0,7.663,42,100.749,0.518134446562463,0.119107880781865,4.622508996264581,10150.361001,Car,VRU,0
267,4,8,64.28,2.6,0.0,1.67,2.658,44,30.351,0.3846152366864473,0.1976870548684704,3.445246164496836,921.183201,Car,VRU,1
268,20,4,69.18,1.7,0.0,0.0,10.507,46,140.761,0.5882349480970894,0.0852508856483622,4.954142541007962,19813.659121,VRU,Ped,0
269,3,3,58.82,2.83,0.0,0.0,7.643,37,100.468,0.353356765598316,0.0298602537140158,4.619743477837552,10093.819024,VRU,VRU,1
270,20,2,22.53,1.73,0.0,0.0,12.47,46,168.361,0.5780343479570244,0.0653357959067967,5.1320325313911335,28345.426320999995,VRU,Ped,1
271,10,14,5.6,2.93,0.56,1.11,2.696,49,30.888,0.3412968118440915,0.3885003759226762,3.462229763470439,954.068544,Car,LCV,0
272,13,8,40.09,2.23,0.0,-0.56,2.571,37,29.123,0.4484302921837254,0.3605397671757797,3.4052889995654088,848.149129,Car,VRU,1
273,13,14,2.95,2.8,0.0,0.0,13.633,41,184.724,0.3571427295918823,0.0730820030256923,5.224261700718623,34122.956176,Car,VRU,0
274,13,14,2.66,2.83,0.0,0.0,14.078,41,190.987,0.353356765598316,0.0706854389529892,5.257427661402136,36476.034169,Car,VRU,0
275,8,9,48.33,2.87,1.11,0.56,2.261,48,24.765,0.3484319343442737,0.3432263136189657,3.2490169817801875,613.3052250000001,Car,Car,0
276,8,18,2.18,2.23,0.0,0.0,10.152,43,135.765,0.4484302921837254,0.0957536913361051,4.9182641245005625,18432.135224999995,Car,VRU,0
277,12,12,0.75,2.53,0.0,0.0,11.864,46,159.835,0.3952567607680787,0.075077423123362,5.080378994751539,25547.227225,Car,Car,0
278,10,12,0.91,2.67,0.0,0.0,5.757,48,73.936,0.3745316949319494,0.1487773189139618,4.3166344159068295,5466.532096000001,Car,Car,0
279,10,11,5.52,3.0,-0.56,0.56,5.267,53,67.051,0.3333332222222592,0.1565972147082487,4.220257424066653,4495.836601,Car,Car,0
280,10,3,70.46,2.77,1.11,0.0,2.794,51,32.268,0.3610106999961371,0.2014379508665566,3.504595974006441,1041.223824,Car,LCV,0
281,14,14,7.99,2.77,0.0,0.0,6.794,37,88.529,0.3610106999961371,0.158140268633552,4.494562595143275,7837.383840999999,LCV,VRU,0
282,13,9,0.38,1.47,-0.56,-1.11,2.791,43,32.22,0.6802716460737102,0.3414028447733443,3.503152104185149,1038.1283999999998,VRU,VRU,1
283,13,10,1.4,1.33,-0.56,-1.67,2.33,44,25.737,0.7518791339254632,0.4468275072142244,3.286048373906415,662.393169,VRU,VRU,1
284,13,10,1.4,1.33,-0.56,-1.67,2.33,44,25.737,0.7518791339254632,0.4468275072142244,3.286048373906415,662.393169,VRU,VRU,1
285,13,11,2.12,1.27,0.0,-1.67,2.355,45,26.086,0.7874009548023978,0.4600168496505079,3.2990169892331798,680.479396,VRU,VRU,1
286,10,10,2.91,1.17,1.11,1.67,3.282,47,39.133,0.8547001241879282,0.2555387970373138,3.692198938524279,1531.3916890000005,VRU,VRU,1
287,11,8,35.58,3.0,0.56,-0.56,4.676,46,58.732,0.3333332222222592,0.1617516828687652,4.089867890195023,3449.447824,LCV,VRU,0
288,11,14,4.87,2.53,0.0,0.0,8.508,43,112.632,0.3952567607680787,0.1109808925440292,4.732965156760677,12685.967424,LCV,VRU,0
289,10,16,64.47,2.23,0.56,0.0,9.814,44,131.011,0.4484302921837254,0.0992283083158795,4.882885252447675,17163.882121,Car,VRU,0
290,9,11,30.06,2.77,0.0,0.56,9.712,37,129.577,0.3610106999961371,0.0771741892683563,4.871963091072761,16790.198929,VRU,VRU,0
291,13,8,59.15,1.97,0.0,0.0,1.93,42,20.113,0.5076139555259109,0.522050389198509,3.049888964505946,404.532769,Car,Ped,1
292,10,16,19.66,3.0,0.0,0.0,14.38,45,195.236,0.3333332222222592,0.0665860800949308,5.279318016538253,38117.095696,VRU,VRU,0
293,6,9,10.08,2.57,0.0,0.0,3.935,49,48.311,0.3891049069630712,0.1552441440822143,3.898147179892498,2333.952721,Car,VRU,0
294,6,4,19.79,2.93,0.0,0.0,0.5,40,0.0,0.3412968118440915,5000000.0,0.0,0.0,Car,Ped,1
295,19,18,2.61,1.97,0.0,1.11,7.021,41,91.717,0.5076139555259109,0.2017074239049748,4.529551843029186,8412.008088999999,Car,VRU,0
296,19,16,4.8,1.87,0.56,0.56,6.541,40,84.968,0.5347590723213517,0.2059598883584421,4.453975133986465,7219.561024,Car,VRU,0
297,19,17,4.16,1.9,0.56,1.11,6.797,40,88.577,0.5263155124655198,0.2032130214027002,4.495098590600146,7845.884929,Car,VRU,0
298,19,19,0.05,2.6,0.0,0.0,15.332,42,208.621,0.3846152366864473,0.0910742442463882,5.345301138267815,43522.721641,Car,VRU,0
299,19,19,0.14,3.0,0.0,0.0,20.399,40,279.887,0.3333332222222592,0.0678845388750297,5.637952453224374,78336.732769,Car,VRU,0
300,19,19,0.05,2.7,0.0,0.0,17.101,41,233.5,0.3703702331962099,0.0813704493303192,5.457455587886334,54522.25,Car,VRU,0
301,15,23,30.65,2.6,1.11,2.22,21.54,40,295.934,0.3846152366864473,0.0642035046185855,5.693509891885461,87576.93235600002,Car,VRU,0
302,4,26,4.72,2.13,0.56,4.44,10.288,45,137.678,0.4694833476604002,0.108949867742487,4.932154699022607,18955.231684,Car,VRU,0
303,7,9,87.35,3.0,1.11,1.11,1.59,39,15.336,0.3333332222222592,0.5216483749577221,2.7933712614223096,235.192896,Car,Car,0
304,8,12,85.62,2.4,1.11,0.0,8.199,39,108.284,0.4166664930556278,0.0923497461088457,4.693949998373682,11725.424656,Car,VRU,0
305,23,13,1.85,2.73,5.0,0.0,16.117,51,219.659,0.366300232124457,0.0819451965002791,5.396618523462923,48250.076281,VRU,LCV,0
306,17,13,6.92,2.6,5.0,0.0,22.958,51,315.891,0.3846152366864473,0.0474847335078089,5.7585578661673615,99787.123881,VRU,LCV,0
307,13,12,86.55,2.47,0.0,0.0,4.268,36,53.005,0.4048581356849652,0.2358268043424808,3.989076634870437,2809.5300250000005,LCV,VRU,0
308,16,12,3.92,2.5,-1.11,0.0,11.252,40,151.234,0.399999840000064,0.0925717755757847,5.025418810755646,22871.722756000003,VRU,VRU,0
309,12,16,2.83,2.03,0.0,1.11,5.035,37,63.784,0.492610594773106,0.2194907779460244,4.171058659289805,4068.398656,VRU,VRU,0
310,12,15,3.69,2.37,0.0,-0.56,8.077,42,106.581,0.4219407502359703,0.1266642260190444,4.678244052209963,11359.509561,VRU,VRU,0
311,12,19,25.78,2.9,0.0,0.0,15.568,44,211.947,0.3448274673008733,0.0731314900747286,5.361043308455948,44921.530809,VRU,VRU,0
312,12,14,81.54,3.0,0.0,-0.56,18.106,37,247.638,0.3333332222222592,0.052495981826311,5.515998023388888,61324.579044000006,VRU,VRU,0
313,9,15,4.61,2.87,0.56,-5.0,7.516,50,98.681,0.3484319343442737,0.1216039549497476,4.60197508709155,9737.939761,VRU,VRU,0
314,5,7,84.82,1.63,1.11,0.56,0.734,39,3.296,0.6134965561370822,1.8203877972124405,1.4576843572065634,10.863616,VRU,Ped,1
315,13,10,0.3,2.83,0.0,0.0,8.535,52,113.015,0.353356765598316,0.1017564031167862,4.736330018686114,12772.390225,VRU,Car,0
316,11,10,35.37,2.83,-0.56,0.0,4.765,47,59.988,0.353356765598316,0.1750350040835666,4.11067712350966,3598.560144,VRU,Car,0
317,4,6,72.81,2.03,0.0,0.56,0.5,49,0.0,0.492610594773106,5000000.0,0.0,0.0,VRU,Ped,1
318,13,17,2.9,2.7,0.0,0.0,12.129,50,163.564,0.3703702331962099,0.0917072210773323,5.103299552292844,26753.182096,VRU,VRU,0
319,13,17,3.02,2.7,0.0,0.0,12.239,50,165.117,0.3703702331962099,0.0908446732265928,5.1126923593651945,27263.623689,VRU,VRU,0
320,13,17,3.25,2.63,0.0,0.0,11.553,50,155.465,0.3802279923087481,0.0964847387097755,5.052832342796044,24169.366225,VRU,VRU,0
321,4,9,82.74,1.5,0.0,0.0,2.175,49,23.559,0.6666662222225186,0.2759030402010679,3.20107838583762,555.0264810000001,VRU,VRU,1
322,16,6,22.32,2.5,-0.56,1.11,1.958,38,20.514,0.399999840000064,0.5362191412586945,3.0687038860098137,420.824196,VRU,Ped,1
323,6,6,65.42,1.73,-0.56,-0.56,0.621,46,1.706,0.5780343479570244,3.5169967661214736,0.9954715297485964,2.910436,VRU,VRU,1
324,5,9,5.94,1.73,0.56,0.56,1.879,42,19.397,0.5780343479570244,0.3608805299334676,3.0153878312124323,376.243609,Car,VRU,1
325,10,10,7.18,1.9,0.0,0.56,2.535,48,28.622,0.5263155124655198,0.3493815823708482,3.388517328504781,819.218884,Car,VRU,0
326,10,10,1.74,2.03,0.0,0.0,4.582,44,57.417,0.492610594773106,0.1741644430366539,4.067606943364404,3296.711889,Car,VRU,0
327,10,10,3.24,2.13,0.0,0.0,8.114,43,107.099,0.4694833476604002,0.0933715525507096,4.683047473908573,11470.195801000002,VRU,Car,0
328,10,10,0.54,2.03,0.0,0.0,7.136,44,93.341,0.492610594773106,0.1071340556975599,4.546915877757536,8712.542280999998,VRU,Car,0
329,10,10,1.26,2.07,0.0,0.0,7.027,47,91.799,0.4830915540620512,0.1089336473280357,4.530435863872026,8427.056401000002,VRU,Car,0
330,10,10,1.54,1.97,0.0,0.0,6.893,47,89.925,0.5076139555259109,0.1112037796919235,4.510034990873053,8086.505625,VRU,Car,0
331,10,10,1.75,1.97,0.0,0.0,6.717,48,87.448,0.5076139555259109,0.1143536717323018,4.48241480870515,7647.152703999999,VRU,Car,0
332,10,9,41.41,1.67,0.56,0.0,2.247,49,24.579,0.5988020366454871,0.3865087926071527,3.241771702345105,604.127241,VRU,Car,1
333,5,13,63.31,2.0,0.0,0.56,5.201,51,66.119,0.499999750000125,0.1361182090455359,4.206467163359049,4371.722161,Ped,VRU,0
334,6,5,0.87,2.87,1.11,0.0,3.463,42,41.669,0.3484319343442737,0.1319926052462837,3.7534726612562,1736.3055609999997,Car,Ped,0
335,7,6,15.53,2.9,0.56,0.0,1.26,50,10.684,0.3448274673008733,0.6083863152015805,2.4582203845254944,114.147856,LCV,Ped,1
336,6,6,17.05,2.7,0.0,0.0,1.257,50,10.647,0.3703702331962099,0.5635389721481194,2.455048636120515,113.358609,LCV,Ped,1
337,11,9,72.01,2.17,-2.78,1.11,4.409,46,54.977,0.4608292807238338,0.1818942433764257,4.0249408920832215,3022.470529,VRU,VRU,1
338,9,9,41.43,2.47,-0.56,0.0,4.875,47,61.538,0.4048581356849652,0.1462510945066285,4.13577437198524,3786.925444,Car,VRU,0
339,4,18,33.57,1.2,0.0,0.0,0.5,51,0.0,0.8333326388894676,11000000.0,0.0,0.0,Ped,VRU,1
340,7,6,34.03,2.53,-0.56,1.11,0.5,51,0.0,0.3952567607680787,6500000.0,0.0,0.0,Car,VRU,1
341,11,7,25.93,1.5,0.0,0.0,5.007,44,63.396,0.6666662222225186,0.141964790492069,4.165051519380048,4019.052816,VRU,VRU,1
342,11,2,78.04,1.07,0.0,0.0,3.922,42,48.131,0.9345785658144244,0.1350480950936383,3.89449020013584,2316.593161,VRU,Ped,1
343,4,6,85.55,2.9,0.0,-1.11,3.807,37,46.509,0.3448274673008733,0.1075060717816751,3.8609191667769354,2163.087081,Car,VRU,0
344,12,17,4.76,2.4,0.0,0.0,10.672,39,143.082,0.4166664930556278,0.1013404893603633,4.970382581948482,20472.458724,VRU,VRU,0
345,13,11,0.43,3.0,0.0,0.0,8.322,38,110.023,0.3333332222222592,0.1090681029505821,4.709737387055093,12105.060528999998,VRU,VRU,0
346,13,11,1.26,2.93,0.0,0.0,9.729,39,129.812,0.3412968118440915,0.0924413760481205,4.873761177934222,16851.155344000003,VRU,VRU,0
347,13,11,5.14,2.7,0.0,0.0,9.683,35,129.168,0.3703702331962099,0.0929022660960743,4.868825923837018,16684.372224000002,VRU,VRU,0
348,11,11,2.44,1.83,-0.56,-1.11,5.741,36,73.717,0.5464477888263449,0.1492193096677929,4.313707643221625,5434.196089,VRU,VRU,0
349,13,13,2.47,1.63,0.0,0.0,5.783,36,74.31,0.6134965561370822,0.1749428048049683,4.32161292811326,5521.976100000001,VRU,VRU,0
350,6,13,1.12,1.5,0.0,2.78,1.458,40,13.476,0.6666662222225186,0.7049569082103808,2.672492105701496,181.60257600000003,VRU,VRU,1
351,11,10,2.69,1.53,0.0,-1.67,1.929,36,20.099,0.6535943440559843,0.5224140244582305,3.049225645993991,403.969801,VRU,VRU,1
352,13,21,13.24,2.6,0.56,1.67,9.635,42,128.488,0.3846152366864473,0.132308074432569,4.863588212753346,16509.166144,LCV,VRU,0
353,10,9,0.01,2.4,0.0,0.0,8.665,44,114.849,0.4166664930556278,0.0827173063525384,4.752287618989598,13190.292801,Car,Car,0
354,10,9,0.31,2.43,0.0,0.0,9.093,48,120.862,0.4115224643940475,0.0786020413479667,4.802889256962051,14607.623043999998,Car,Car,0
355,10,9,0.63,2.43,0.0,0.0,9.02,49,119.833,0.4115224643940475,0.0792769931548322,4.794409427002125,14359.947889,Car,Car,0
356,10,9,3.8,2.57,0.0,0.0,10.692,43,143.356,0.3891049069630712,0.0662685896211627,4.972282470884188,20550.942736,Car,Car,0
357,10,9,3.14,2.63,0.0,0.0,10.936,43,146.794,0.3802279923087481,0.0647165411071532,4.995819412290897,21548.478436000005,Car,Car,0
358,10,11,53.87,1.4,0.0,1.11,1.46,41,13.497,0.7142852040819971,0.7779505980624881,2.6739417314687604,182.169009,Car,VRU,1
359,9,9,82.41,1.43,1.11,1.67,2.223,43,24.238,0.6993002102795733,0.3713177501725493,3.228350795230719,587.480644,Car,VRU,1
360,9,11,54.67,1.87,0.0,1.11,3.049,45,35.853,0.5347590723213517,0.2789166798059665,3.606937026447827,1285.437609,Car,VRU,1
361,9,13,7.8,2.03,0.0,0.0,11.61,44,156.266,0.492610594773106,0.0703927913276541,5.057938639212122,24419.062756,Car,VRU,0
362,14,11,81.18,2.03,0.0,1.11,7.639,43,100.415,0.492610594773106,0.1244833926755624,4.619221009210751,10083.172225000002,VRU,VRU,0
363,6,4,51.0,1.4,0.0,-0.56,0.911,47,5.781,0.7142852040819971,0.8649021164327769,1.914124583701705,33.419960999999994,VRU,Ped,1
364,5,12,82.1,2.33,0.0,0.0,3.289,38,39.226,0.4291843651569247,0.21669300421422,3.694513552731029,1538.679076,VRU,VRU,1
365,13,13,64.76,1.63,0.56,1.11,9.143,44,121.575,0.6134965561370822,0.1069298777961762,4.808723087537297,14780.480625,VRU,VRU,0
366,9,8,7.6,2.6,0.0,0.0,4.596,45,57.615,0.3846152366864473,0.1475310223460726,4.070990636523792,3319.488225,VRU,Car,0
367,8,9,72.93,3.0,1.11,0.0,1.953,42,20.438,0.3333332222222592,0.4158919455968321,3.065165048269328,417.7118439999999,Car,Car,0
368,13,13,4.18,2.47,0.0,0.0,9.883,38,131.975,0.4048581356849652,0.0985035037052206,4.890161140628381,17417.400625,Car,VRU,0
369,13,13,10.53,2.83,0.0,0.0,10.141,36,135.609,0.353356765598316,0.0958638431382589,4.917122830764266,18389.800881000003,Car,VRU,0
370,7,17,82.05,2.9,1.11,0.0,10.622,42,142.371,0.3448274673008733,0.0842868274839199,4.965435676193746,20269.501641000003,Car,Car,0
371,13,11,22.72,2.13,0.56,1.67,4.915,45,62.098,0.4694833476604002,0.1932429354690499,4.14468907332377,3856.161604,Car,VRU,0
372,7,5,35.1,2.4,1.67,0.0,2.384,44,26.5,0.4166664930556278,0.2264150857956571,3.3141860046725258,702.25,VRU,Ped,1
373,13,5,67.2,1.6,0.0,0.0,1.573,40,15.089,0.6249996093752441,0.5964609585485481,2.778135808668898,227.67792100000003,VRU,Ped,1
374,3,12,28.16,1.83,0.0,0.0,1.092,42,8.33,0.5464477888263449,0.9003600359711842,2.233235014859253,69.3889,Ped,VRU,1
375,12,18,85.3,2.83,0.0,0.56,7.45,38,97.758,0.353356765598316,0.1534401260925947,4.592672413158111,9556.626563999998,VRU,Car,0
376,12,9,84.43,2.63,0.56,0.56,11.841,38,159.515,0.3802279923087481,0.0658245301957525,5.0783873961470745,25445.035225,VRU,Car,0
377,8,15,14.9,1.23,-0.56,0.0,2.243,38,24.514,0.8130074690996186,0.4691196675728291,3.2392273211160982,600.936196,Ped,VRU,1
378,18,19,15.29,1.53,0.0,0.0,5.766,37,74.074,0.6535943440559843,0.249750246378618,4.318474293767362,5486.957476,Car,VRU,0
379,10,7,65.44,2.73,0.56,0.56,7.456,35,97.845,0.366300232124457,0.086872092729602,4.5935529666479,9573.644025,Car,VRU,0
380,13,17,2.35,1.17,-0.56,0.0,4.049,37,49.916,0.8547001241879282,0.3005048421246726,3.930177216008188,2491.607056,VRU,VRU,1
381,6,13,7.72,1.03,-2.22,0.56,2.663,40,30.418,0.9708728438127732,0.3123150663319394,3.447380977077748,925.254724,Car,VRU,1
382,18,24,6.97,1.63,0.0,0.56,6.556,45,85.177,0.6134965561370822,0.2465454260358379,4.456403320720791,7255.121329000001,Car,VRU,0
383,18,24,8.12,1.6,0.0,0.56,6.173,44,79.798,0.6249996093752441,0.2631644870402205,4.391952212745455,6367.7208040000005,Car,VRU,0
384,18,24,10.45,1.57,0.0,1.67,5.637,42,72.261,0.6369422694635226,0.2906131898172847,4.294028407271158,5221.652120999999,Car,VRU,0
385,12,11,62.35,1.67,0.56,1.67,5.366,37,68.449,0.5988020366454871,0.1680082956944835,4.2405926702485965,4685.265601,Car,VRU,1
386,6,13,1.95,2.77,0.0,0.0,8.784,35,116.521,0.3610106999961371,0.0815303672168075,4.7666170410193445,13577.143441,Car,Car,0
387,13,16,2.33,1.37,0.0,0.0,6.464,39,83.882,0.7299264745062229,0.1728618753384292,4.441262056704852,7036.189924000001,VRU,VRU,0
388,13,16,0.48,1.4,0.0,0.0,6.663,39,86.68,0.7142852040819971,0.1672819546921786,4.473693823199706,7513.422400000001,VRU,VRU,0
389,13,16,0.58,1.4,0.0,0.0,6.663,39,86.68,0.7142852040819971,0.1672819546921786,4.473693823199706,7513.422400000001,VRU,VRU,0
390,13,16,6.76,1.4,0.0,0.0,6.647,39,86.455,0.7142852040819971,0.1677173076430824,4.471124375359026,7474.467025,VRU,VRU,0
391,16,14,1.39,2.8,0.0,0.56,12.824,43,173.342,0.3571427295918823,0.0865341343325095,5.16101888735427,30047.448964000003,Car,VRU,0
392,16,6,0.77,2.6,0.0,1.11,17.897,40,244.692,0.3846152366864473,0.0449544731950596,5.504078718964484,59874.174864,Car,VRU,0
393,16,19,4.73,2.47,0.0,0.0,15.388,32,209.408,0.4048581356849652,0.0835689176938373,5.349048502954394,43851.710464,Car,VRU,0
394,5,52,77.14,1.47,1.11,0.0,0.5,40,0.0,0.6802716460737102,28500000.0,0.0,0.0,Ped,VRU,1
395,11,12,82.61,2.97,1.67,0.56,3.789,33,46.266,0.3367002233332581,0.2485626540318451,3.8557912209580953,2140.542756,LCV,Car,0
396,12,9,79.01,2.63,1.67,0.0,5.77,32,74.128,0.3802279923087481,0.1416468791597388,4.3191933255023125,5494.960384,LCV,VRU,0
397,12,9,69.71,1.97,0.0,1.11,1.712,38,17.054,0.5076139555259109,0.6156912973090596,2.893367266875963,290.8389159999999,LCV,VRU,1
398,10,4,56.15,2.77,0.56,0.0,7.527,33,98.844,0.3610106999961371,0.0708186630365154,4.6036089679211365,9770.136336,Car,Ped,0
399,16,14,5.63,2.27,0.0,0.0,8.944,31,118.769,0.4405284402958412,0.1262955811171637,4.785564887588332,14106.075361,Car,Car,0
400,15,7,81.08,2.47,0.0,1.11,10.451,33,139.971,0.4048581356849652,0.0785877068922297,4.9485541954655545,19591.880841,VRU,VRU,0
401,11,9,4.53,2.43,0.0,0.0,8.836,35,117.255,0.4115224643940475,0.0852842089012476,4.772843309776226,13748.735024999998,Car,Ped,0
402,23,13,0.46,2.53,0.0,0.0,13.279,30,179.747,0.3952567607680787,0.1001407528351474,5.19709826339076,32308.984009000003,VRU,VRU,0
403,22,13,1.96,2.2,0.56,0.0,13.49,31,182.708,0.4545452479339781,0.0957812460550099,5.213347540537945,33382.213264,VRU,VRU,0
404,21,13,1.99,2.1,0.0,0.56,13.269,31,179.608,0.4761902494332145,0.0946505718305945,5.196328936790295,32259.033664,VRU,VRU,0
405,7,14,82.53,1.7,0.0,0.0,1.543,39,14.665,0.5882349480970894,0.7159904046375449,2.751428924404155,215.062225,Car,VRU,1
406,9,20,4.81,1.03,0.0,0.0,4.965,40,62.797,0.9708728438127732,0.2309027464544047,4.155706167301604,3943.463209,LCV,VRU,0
407,3,7,83.83,2.73,0.56,1.11,1.353,40,12.001,0.366300232124457,0.4166319126212889,2.5650262775800314,144.024001,Car,VRU,1
408,6,3,76.97,2.7,0.0,0.0,0.89,32,5.486,0.3703702331962099,0.8202696280952191,1.8696460078851265,30.096196,Car,Ped,1
409,6,12,10.0,1.87,0.0,0.56,2.41,36,26.871,0.5347590723213517,0.3349335590438183,3.327586721725647,722.0506409999999,Car,VRU,0
410,8,30,2.98,2.67,0.56,0.0,17.913,34,244.92,0.3745316949319494,0.0775763511449601,5.505006279790286,59985.8064,Car,VRU,0
411,15,11,6.56,2.97,0.0,0.0,8.769,39,116.313,0.3367002233332581,0.1117673853157653,4.7648455764580495,13528.713969,Car,VRU,0
412,15,11,9.75,2.9,0.0,0.0,8.165,39,107.809,0.3448274673008733,0.1205836236252667,4.689594051588919,11622.780481,Car,VRU,0
413,10,10,31.83,2.23,1.11,0.0,2.019,43,21.36,0.4484302921837254,0.4681647720896642,3.1072736482868986,456.2496,Car,VRU,0
414,15,19,4.84,1.5,-1.11,-0.56,5.265,40,67.024,0.6666662222225186,0.2536404832054117,4.219860584083492,4492.216576,Car,VRU,0
415,7,7,1.96,1.7,1.11,0.56,3.633,38,44.065,0.5882349480970894,0.1588562315021847,3.808105892008373,1941.724225,Car,VRU,0
416,6,6,2.34,1.67,1.11,0.56,3.713,38,45.187,0.5988020366454871,0.1327815492778553,3.8326983732100417,2041.864969,Car,VRU,0
417,6,6,2.49,1.63,1.11,0.56,3.771,39,46.006,0.6134965561370822,0.1304177687602102,3.850275253136737,2116.552036,Car,VRU,0
418,8,11,1.07,2.23,0.0,0.0,8.086,41,106.698,0.4484302921837254,0.0890363447390171,4.679331013887781,11384.463203999998,Car,VRU,0
419,8,11,1.71,2.23,0.0,0.0,7.652,42,100.597,0.4484302921837254,0.0944362148529656,4.62101400714938,10119.756409,Car,VRU,0
420,8,6,49.92,2.93,0.56,0.56,1.517,42,14.301,0.3412968118440915,0.4894762261746573,2.7279181857396764,204.518601,VRU,VRU,0
421,9,10,5.5,1.47,1.11,0.0,2.289,45,25.159,0.6802716460737102,0.3775984586987377,3.26419329955866,632.975281,VRU,VRU,1
422,4,7,16.59,1.53,0.56,1.11,1.405,43,12.731,0.6535943440559843,0.4320163041382213,2.6196560503396147,162.078361,VRU,VRU,1
423,12,5,66.97,1.67,1.67,0.0,0.671,42,2.408,0.5988020366454871,3.529898866321069,1.2261256089670691,5.798463999999999,VRU,Ped,1
424,2,10,84.01,1.4,0.0,0.0,0.702,42,2.838,0.7142852040819971,2.114164159913968,1.344951397585508,8.054244,Ped,VRU,1
425,8,9,2.7,1.7,0.56,1.11,2.804,42,32.405,0.5882349480970894,0.2623051917202533,3.5087055893774406,1050.084025,VRU,VRU,0
426,8,9,2.73,1.7,0.56,1.11,2.83,42,32.767,0.5882349480970894,0.2594073226292513,3.519483994206116,1073.6762890000002,VRU,VRU,0
427,8,7,7.9,2.83,0.56,0.0,6.881,41,89.755,0.353356765598316,0.0835608034810227,4.508163568045941,8055.960024999999,VRU,VRU,0
428,11,10,10.28,2.83,1.11,0.56,13.752,43,186.403,0.353356765598316,0.0563295652090923,5.233261378214073,34746.078408999994,VRU,VRU,0
429,12,10,6.87,1.83,1.11,0.0,7.732,41,101.718,0.5464477888263449,0.1081421173426324,4.631987369347116,10346.551524,VRU,VRU,0
430,10,10,3.42,1.43,0.0,0.0,3.694,41,44.926,0.6993002102795733,0.2225882512890475,3.827031405496679,2018.345476,VRU,VRU,1
431,9,8,2.76,1.97,0.0,0.0,8.395,44,111.053,0.5076139555259109,0.0765400297466972,4.718971973650239,12332.768809,VRU,VRU,0
432,7,4,12.93,1.93,-1.11,0.56,0.91,44,5.761,0.518134446562463,0.9546951996710292,1.9111708081085408,33.189121,VRU,Ped,1
433,11,16,14.48,2.93,0.0,0.0,15.568,39,211.945,0.3412968118440915,0.0636957698285132,5.361033916403502,44920.683025,VRU,VRU,0
434,8,4,77.76,2.07,0.56,-0.56,5.949,37,76.646,0.4830915540620512,0.0782819706405817,4.352160035067588,5874.609316,VRU,Ped,0
435,8,16,33.76,2.63,0.0,1.11,6.345,39,82.212,0.3802279923087481,0.1459640910577033,4.421391568196136,6758.812944,VRU,VRU,1
436,19,16,0.42,1.7,0.0,0.56,7.195,39,94.165,0.5882349480970894,0.1858439952652897,4.555612227139747,8867.047225000002,VRU,VRU,0
437,19,16,0.08,1.67,0.0,0.0,7.378,38,96.743,0.5988020366454871,0.1808916388690485,4.58234158504807,9359.208049,VRU,VRU,0
438,19,16,1.39,1.4,0.0,0.0,6.51,38,84.536,0.7142852040819971,0.2070123946364579,4.448937339956508,7146.335296,VRU,VRU,0
439,19,16,1.31,1.3,0.0,0.0,6.427,39,83.365,0.7692301775152481,0.2099202277943954,4.435152623650301,6949.723224999999,VRU,VRU,0
440,11,8,17.08,2.67,0.0,0.0,8.021,37,105.793,0.3745316949319494,0.0897980009093418,4.670892381306892,11192.158849,VRU,VRU,0
441,11,8,19.66,2.67,0.0,0.0,7.718,38,101.528,0.3745316949319494,0.093570245709851,4.63013593200584,10307.934784,VRU,VRU,0
442,11,9,14.43,2.63,0.0,0.56,8.063,37,106.38,0.3802279923087481,0.0940026311900485,4.676373944994423,11316.7044,VRU,VRU,0
443,13,4,47.86,2.33,0.0,0.0,5.128,36,65.098,0.4291843651569247,0.1305723658088979,4.191138489213801,4237.749604,Car,Ped,0
444,13,20,8.67,1.3,0.0,0.56,4.242,30,52.632,0.7692301775152481,0.3134974860636593,3.982145904859618,2770.127424,Car,VRU,0
445,13,18,23.24,1.37,0.0,0.0,4.346,31,54.093,0.7299264745062229,0.286543540078318,4.009022666346096,2926.052649,Car,VRU,0
446,13,18,23.47,1.37,0.0,0.0,4.346,31,54.093,0.7299264745062229,0.286543540078318,4.009022666346096,2926.052649,Car,VRU,0
447,4,7,67.89,2.7,0.0,0.0,2.242,31,24.503,0.3703702331962099,0.2244623015768558,3.2387960923033314,600.397009,Ped,Car,1
448,1,6,4.86,2.13,0.0,0.0,4.847,33,61.139,0.4694833476604002,0.0572466010689314,4.129373811141496,3737.977321,Car,Car,0
449,1,1,3.97,2.1,-3.33,0.0,4.832,32,60.934,0.4761902494332145,0.0164111987328716,4.126069301916342,3712.952356,Car,Car,0
450,2,2,42.57,2.0,0.56,-2.22,4.549,33,56.946,0.499999750000125,0.0351209912000668,4.059511542381854,3242.846916,Car,Car,0
451,5,6,1.08,2.03,0.56,0.56,2.672,36,30.55,0.492610594773106,0.1800327273311709,3.4515735889872223,933.3025,Car,Car,0
452,6,9,3.67,2.33,0.56,1.11,1.464,38,13.564,0.4291843651569247,0.5529341969231645,2.678552730313187,183.982096,Car,Car,1
453,9,9,1.0,2.43,0.0,0.0,4.985,32,63.078,0.4115224643940475,0.1426804885589193,4.160101091286764,3978.834084000001,Car,Car,0
454,6,13,8.42,2.97,-0.56,0.0,5.984,33,77.139,0.3367002233332581,0.1231543042669168,4.358489292002163,5950.425321,Car,VRU,0
455,7,4,80.0,2.63,0.0,0.0,5.21,35,66.246,0.3802279923087481,0.0830238794338695,4.208357537159066,4388.532515999999,Car,Ped,1
456,19,17,1.1,1.23,-0.56,0.56,5.081,31,64.44,0.8130074690996186,0.2793296046038236,4.181133692294492,4152.513599999999,VRU,VRU,0
457,19,17,1.1,1.23,-0.56,0.56,5.081,31,64.44,0.8130074690996186,0.2793296046038236,4.181133692294492,4152.513599999999,VRU,VRU,0
458,10,7,7.49,1.07,1.67,1.11,6.167,35,79.709,0.9345785658144244,0.1066378940064748,4.390850093221115,6353.524681000001,VRU,VRU,0
459,16,4,75.51,2.97,1.11,0.0,3.738,31,45.546,0.3367002233332581,0.2195582439828252,3.840441070922473,2074.438116,VRU,Ped,0
460,13,4,55.39,2.2,0.0,0.0,2.488,36,27.961,0.4545452479339781,0.3039948390974987,3.365950097308096,781.8175209999999,VRU,Ped,1
461,12,5,25.34,2.47,0.0,0.56,1.76,33,17.722,0.4048581356849652,0.4796298115545755,2.929699302949553,314.06928400000004,VRU,Ped,1
462,6,7,6.69,2.7,0.0,0.56,2.293,34,25.224,0.3703702331962099,0.2576910776367317,3.2666750220014737,636.250176,Car,VRU,0
463,5,6,17.83,2.77,0.56,-0.56,2.563,35,29.015,0.3610106999961371,0.1895571190916036,3.401697256703806,841.870225,Car,VRU,0
464,5,5,73.17,2.6,0.56,0.56,1.489,35,13.916,0.3846152366864473,0.3592986232179776,2.7024344623165746,193.655056,Car,Ped,1
465,11,1,14.13,2.93,1.67,0.0,11.934,34,160.826,0.3412968118440915,0.0373074003127143,5.086521683927389,25865.002276,Car,Ped,0
466,8,0,16.92,2.77,1.11,-0.56,9.175,35,122.016,0.3610106999961371,0.0327825856217005,4.812314428213392,14887.904256000002,Car,Ped,0
467,7,1,22.93,2.73,0.56,0.0,8.282,35,109.453,0.366300232124457,0.0365453661704533,4.704590091108845,11979.959209,Car,Ped,0
468,7,0,29.45,2.77,0.56,0.0,8.964,35,119.048,0.3610106999961371,0.0293999056733426,4.787891662803373,14172.426304,Car,Ped,0
469,9,1,46.1,2.67,1.11,0.56,9.843,34,131.413,0.3745316949319494,0.0380479858305648,4.885925825994027,17269.376569000004,Car,Ped,0
470,11,1,1.43,2.9,0.0,0.0,12.96,34,175.255,0.3448274673008733,0.0342358275984375,5.171931810084318,30714.315025,Car,Ped,0
471,7,1,22.14,2.77,0.56,0.0,8.348,35,110.392,0.3610106999961371,0.0362345094188482,4.713055511629029,12186.393664,Car,Ped,0
472,11,23,26.13,2.93,1.11,-0.56,2.018,35,21.347,0.3412968118440915,0.796364791475861,3.106692083862249,455.69440900000006,VRU,Car,1
473,14,19,0.37,2.5,0.0,0.0,22.65,36,311.554,0.399999840000064,0.0529603213152123,5.744777254248256,97065.894916,Car,Car,0
474,18,11,1.54,2.43,0.0,0.56,10.561,34,141.517,0.4115224643940475,0.1024611876844394,4.959461290838849,20027.061289,Car,VRU,0
475,18,1,4.55,2.57,2.78,0.0,24.373,32,335.784,0.3891049069630712,0.028291997152062,5.819441775301486,112750.894656,Car,VRU,0
476,18,12,2.65,2.93,0.0,-3.33,14.294,35,194.019,0.3412968118440915,0.0773120154350243,5.273096989714614,37643.372361,Car,LCV,0
477,13,13,3.31,2.87,1.11,0.56,6.125,36,79.122,0.3484319343442737,0.1643032258499124,4.383550473042224,6260.290884,Car,LCV,0
478,11,12,5.5,2.87,1.67,0.0,5.08,36,64.426,0.3484319343442737,0.1784993608403539,4.180919732976511,4150.709476,Car,LCV,0
479,7,22,82.68,2.13,0.0,0.0,2.624,34,29.87,0.4694833476604002,0.4854368769522304,3.429784838514068,892.2169,Car,VRU,0
480,15,14,3.67,2.63,-0.56,-1.67,2.844,37,32.975,0.3802279923087481,0.4397270526238953,3.525624960037208,1087.350625,VRU,LCV,1
481,12,21,87.98,2.4,0.0,-0.56,8.192,37,108.186,0.4166664930556278,0.1525151114514344,4.693052849963619,11704.210596,VRU,VRU,0
482,7,11,36.73,2.2,0.56,1.67,3.377,39,40.466,0.4545452479339781,0.2224089304006096,3.724873814337312,1637.497156,Car,VRU,1
483,4,16,89.7,2.83,0.0,2.22,3.712,36,45.182,0.353356765598316,0.2213270722560517,3.832590111780236,2041.413124,Car,VRU,0
484,18,17,0.52,2.97,0.0,0.0,16.561,38,225.9,0.3367002233332581,0.077467905810235,5.424509391785796,51030.810000000005,LCV,LCV,0
485,18,15,18.04,2.73,0.0,0.56,11.853,38,159.681,0.366300232124457,0.1033310155664667,5.079421033021628,25498.021761000004,VRU,LCV,0
486,9,14,89.16,2.43,0.56,0.0,2.217,39,24.15,0.4115224643940475,0.4761904564724449,3.224857896545748,583.2225,VRU,Car,1
487,4,3,78.6,2.83,-0.56,0.0,0.5,37,0.0,0.353356765598316,3500000.0,0.0,0.0,VRU,Ped,1
488,14,14,2.95,1.9,0.0,0.0,7.976,38,105.155,0.5263155124655198,0.1331367967939061,4.664900290195858,11057.574025,LCV,VRU,0
489,12,14,11.76,1.97,0.56,1.11,3.582,37,43.355,0.5076139555259109,0.2998500680463599,3.7922254419725503,1879.656025,LCV,VRU,0
490,14,9,5.56,2.77,1.11,0.56,7.906,42,104.165,0.3610106999961371,0.1104017653683889,4.655530545327041,10850.347225,Car,Car,0
491,2,16,1.8,2.47,0.56,0.0,6.71,36,87.35,0.4048581356849652,0.1030337710013306,4.481306198765705,7630.022499999999,Car,LCV,0
492,4,16,0.13,2.4,0.56,0.0,5.779,39,74.252,0.4166664930556278,0.1346765052163375,4.320842481348884,5513.359503999999,Car,LCV,0
493,2,16,3.09,2.43,0.56,0.0,6.977,38,91.105,0.4115224643940475,0.0987871126855045,4.522929230604181,8300.121025,Car,LCV,0
494,1,16,2.54,2.43,0.0,-0.56,7.048,38,92.104,0.4115224643940475,0.0922869789337381,4.533717147914314,8483.146816,Car,LCV,0
495,10,3,76.85,2.63,0.0,0.0,1.006,35,7.124,0.3802279923087481,0.9124086310487604,2.094822643718138,50.75137599999999,Car,Ped,0
496,8,9,0.22,3.0,0.56,0.0,2.756,38,31.727,0.3333332222222592,0.2679106039678947,3.488200425283729,1006.602529,Car,Car,0
497,9,4,80.77,2.3,0.0,0.0,2.065,33,22.018,0.4347824196598175,0.2952129941314835,3.1362765185462997,484.792324,Car,Ped,0
498,9,10,2.0,2.27,0.0,0.0,10.705,36,143.536,0.4405284402958412,0.0661854861067224,4.973528611471626,20602.583296,Car,LCV,0
499,9,10,0.41,2.37,0.0,0.0,11.336,37,152.418,0.4219407502359703,0.0623285959510779,5.033166222336154,23231.246724,Car,LCV,0
500,10,11,3.81,2.07,0.0,0.0,5.055,40,64.071,0.4830915540620512,0.1638806922963479,4.175478981453966,4105.093041,LCV,VRU,0
501,10,11,3.22,2.03,0.0,0.0,4.312,42,53.622,0.492610594773106,0.1958151468461611,4.000436731999134,2875.318884,LCV,VRU,0
502,10,13,2.75,1.5,1.11,-0.56,1.362,40,12.125,0.6666662222225186,0.9484535300244512,2.5745188084776878,147.015625,Car,Car,1
503,8,14,2.16,1.5,0.56,0.56,3.218,40,38.229,0.6666662222225186,0.2877396665426858,3.669416269200672,1461.456441,LCV,VRU,0
504,10,8,21.16,1.57,0.0,0.0,0.895,35,5.549,0.6369422694635226,1.621913566063513,1.8793123662359168,30.791401000000004,LCV,VRU,1
505,1,10,12.74,1.2,0.0,0.0,1.532,41,14.512,0.8333326388894676,0.3789966662764149,2.741613917940351,210.598144,Car,VRU,1
506,7,7,5.97,2.5,0.0,0.0,5.414,37,69.114,0.399999840000064,0.1012819385177831,4.250122488793515,4776.744996,Car,VRU,0
507,10,5,11.12,2.97,0.0,0.56,3.771,42,46.01,0.3367002233332581,0.1630080381871758,3.850360345036039,2116.9201,VRU,Car,0
508,5,17,1.28,2.3,-0.56,0.0,12.626,42,170.552,0.4347824196598175,0.0644964581799307,5.144886427645127,29087.984704,Car,VRU,0
509,5,9,83.09,2.77,1.11,0.0,4.715,44,59.283,0.3610106999961371,0.118077693131628,4.099050140270419,3514.4740890000003,Car,Car,0
510,7,28,77.8,2.2,0.0,0.0,7.345,42,96.284,0.4545452479339781,0.1817539759279425,4.57763453579357,9270.608656,Car,VRU,0
511,2,28,57.06,2.4,0.0,0.0,2.363,41,26.206,0.4166664930556278,0.5723879809055948,3.3034375372112383,686.7544359999999,Ped,VRU,0
512,17,4,19.41,2.33,0.0,0.56,1.261,41,10.703,0.4291843651569247,0.981033263474422,2.459845219192629,114.554209,VRU,Ped,1
513,7,4,40.66,2.5,0.0,0.0,2.608,44,29.645,0.399999840000064,0.1855287506989795,3.422469516937695,878.826025,Car,Ped,0
514,7,3,88.14,1.8,0.56,0.56,1.359,41,12.086,0.5555552469137517,0.4137017695100307,2.571542956447547,146.07139600000002,Car,Ped,1
515,13,14,1.01,2.3,0.0,0.0,8.434,40,125.364,0.4347824196598175,0.1076864162942597,4.839166631020068,15716.132496,Car,Car,0
516,13,14,0.68,2.27,0.0,0.0,6.756,45,98.857,0.4405284402958412,0.1365608896025482,4.603739162562309,9772.706449,Car,Car,0
517,13,14,3.88,2.43,0.56,0.0,6.36,45,92.6,0.4115224643940475,0.1457883353586573,4.539030383483547,8574.759999999998,Car,Car,0
518,13,10,3.11,2.67,0.0,0.0,6.487,46,94.597,0.3745316949319494,0.1215683359771627,4.560141438811831,8948.592408999999,Car,Car,0
519,11,13,0.79,2.77,0.0,0.0,9.814,46,147.173,0.3610106999961371,0.0815366943560524,4.99838051002924,21659.891929,Car,Car,0
520,11,13,0.58,2.8,0.0,0.0,9.183,44,137.208,0.3571427295918823,0.0874584565953992,4.928759796778291,18826.035264,Car,Car,0
521,11,13,2.1,2.8,0.0,0.0,7.061,50,103.68,0.3571427295918823,0.1157407396244141,4.650908077661946,10749.542400000002,Car,Car,0
522,9,11,1.45,2.1,0.0,0.0,2.882,44,37.641,0.4761902494332145,0.2656677488465304,3.6543138889266222,1416.8448809999998,Car,VRU,0
523,9,11,0.61,2.1,0.56,0.56,2.675,44,34.37,0.4761902494332145,0.2909514026490718,3.5658640032173894,1181.2968999999998,Car,VRU,0
524,10,8,1.86,2.33,0.56,-1.11,2.884,46,37.669,0.4291843651569247,0.2389232461991758,3.655038245445165,1418.9535609999998,Car,VRU,0
525,10,11,0.9,2.2,-0.56,0.0,2.576,43,32.798,0.4545452479339781,0.3201414622799725,3.520401629140632,1075.708804,Car,VRU,0
526,10,11,1.13,2.27,-0.56,0.0,2.671,41,34.313,0.4405284402958412,0.3060064609329857,3.564251168098453,1177.3819690000005,Car,VRU,0
527,9,11,1.6,2.1,0.56,0.0,2.729,46,35.225,0.4761902494332145,0.2838892751202477,3.589749488206746,1240.800625,Car,VRU,0
528,11,11,0.37,2.27,0.0,0.0,2.729,41,35.225,0.4405284402958412,0.3122782026322724,3.589749488206746,1240.800625,Car,VRU,0
529,9,11,3.15,2.33,0.56,0.56,4.309,45,60.184,0.4291843651569247,0.1661571154101237,4.113885717428936,3622.113856,Car,VRU,0
530,8,11,0.01,2.1,0.0,1.11,2.705,42,34.849,0.4761902494332145,0.2726046580216174,3.579315672653795,1214.4528009999997,Car,VRU,0
531,8,7,82.01,2.17,0.0,0.56,2.668,39,34.255,0.4608292807238338,0.2189461328580898,3.562607363171004,1173.4050250000005,Car,VRU,1
532,11,4,57.94,2.63,0.0,0.0,1.991,46,23.565,0.3802279923087481,0.3182686052082068,3.201322665620612,555.3092250000001,Car,Ped,1
533,10,3,43.4,2.17,1.11,0.0,0.5,42,0.0,0.4608292807238338,6500000.0,0.0,0.0,Car,Ped,1
534,2,3,2.19,2.43,-3.33,-3.33,7.102,47,104.325,0.4115224643940475,0.0239635751357433,4.6570508078650805,10883.705625,Car,Car,0
535,8,9,3.3,2.43,0.0,0.0,7.653,45,113.029,0.4115224643940475,0.0752019386599727,4.736452802008785,12775.554841,Car,Car,0
536,9,16,30.48,2.63,0.56,2.22,3.152,40,41.908,0.3802279923087481,0.2982723991058414,3.759058288735183,1756.2804640000002,Car,VRU,0
537,4,8,14.02,2.97,0.0,0.0,4.789,46,67.777,0.3367002233332581,0.0885256047254141,4.230869386722238,4593.721729,VRU,Car,0
538,11,11,88.64,1.13,1.11,0.0,1.287,43,12.441,0.8849549690663993,0.8841732268970961,2.598309737089011,154.77848100000003,VRU,VRU,1
539,8,9,15.81,2.33,0.0,0.56,3.039,47,40.127,0.4291843651569247,0.211827442574141,3.716664840121873,1610.1761290000002,Car,VRU,0
540,6,21,84.36,2.1,-0.56,0.0,2.488,41,31.419,0.4761902494332145,0.4296762968370636,3.478744670674498,987.153561,VRU,VRU,1
541,12,14,3.61,2.2,0.0,-1.11,6.817,39,99.822,0.4545452479339781,0.1302318113218347,4.61335658579159,9964.431684,VRU,VRU,0
542,12,17,6.98,2.37,0.0,1.11,6.967,42,102.186,0.4219407502359703,0.1418981059842042,4.636533184930231,10441.978596,VRU,VRU,0
543,13,13,1.36,1.53,0.0,-1.11,3.595,47,48.901,0.6535943440559843,0.2658432288533316,3.9100410426368337,2391.3078010000004,Car,VRU,0
544,13,16,3.24,1.6,1.11,0.0,3.626,42,49.389,0.6249996093752441,0.293587635028293,3.9197728972882055,2439.273321,Car,VRU,0
545,14,3,2.48,1.33,0.0,1.11,3.889,46,53.556,0.7518791339254632,0.1587123728674215,3.999227697064629,2868.2451359999995,Car,Ped,1
546,15,10,10.99,2.63,0.0,-0.56,5.893,49,85.213,0.3802279923087481,0.146691230836947,4.456820978363616,7261.255368999999,VRU,LCV,0
547,7,6,3.14,2.07,1.11,0.56,6.057,45,87.817,0.4830915540620512,0.0740175583996543,4.486578073116991,7711.825488999999,VRU,LCV,0
548,13,10,5.28,2.17,0.0,0.0,6.746,48,98.693,0.4608292807238338,0.1165229538414786,4.602095463871015,9740.308249,VRU,VRU,0
549,14,10,7.54,2.37,0.0,0.0,7.466,44,110.075,0.4219407502359703,0.1090165786144303,4.710205648821972,12116.505625,VRU,VRU,0
550,12,9,53.76,2.6,0.0,0.56,7.199,44,105.858,0.3846152366864473,0.0991894793101184,4.671500850277367,11205.916164,VRU,VRU,0
551,21,16,0.13,1.17,1.11,0.0,4.249,48,59.234,0.8547001241879282,0.3123206213944589,4.098236976937445,3508.666756,VRU,VRU,0
552,15,4,76.34,3.0,1.11,0.0,2.861,45,37.302,0.3333332222222592,0.2546780265219552,3.645502114144368,1391.439204,VRU,Ped,0
553,16,15,12.38,1.77,0.0,1.11,8.271,40,122.788,0.5649714322195298,0.126233832897076,4.81857042501931,15076.892944,VRU,VRU,0
554,19,2,64.89,1.77,0.0,0.0,0.761,43,4.117,0.5649714322195298,2.550400157784756,1.6325683298229547,16.949689,VRU,Ped,1
555,9,11,0.66,2.67,0.0,0.0,8.36,38,124.197,0.3745316949319494,0.080517242119236,4.829888496717572,15424.894809,LCV,VRU,0
556,9,11,2.06,2.83,0.0,0.0,8.374,39,124.423,0.353356765598316,0.0803709918554367,4.831692024458848,15481.082929,LCV,VRU,0
557,9,11,3.07,3.0,0.0,0.0,8.766,39,130.619,0.3333332222222592,0.0765585399018631,4.879911385369572,17061.323161,LCV,VRU,0
558,4,17,74.91,1.43,0.0,-0.56,0.874,41,5.905,0.6993002102795733,1.7781538055624375,1.9322457868612557,34.869025,Ped,VRU,1
559,5,7,24.93,2.53,-0.56,0.0,3.653,40,49.824,0.3952567607680787,0.1204238896832071,3.928368683964232,2482.430976,Ped,VRU,0
560,18,19,0.54,1.9,0.0,0.0,13.689,40,208.406,0.5263155124655198,0.0887690369338261,5.344274951321068,43433.060836,Car,VRU,0
561,18,19,0.58,1.87,0.0,0.0,13.335,39,202.821,0.5347590723213517,0.0912134340565649,5.317242157678376,41136.358041,Car,VRU,0
562,18,19,0.69,1.8,0.0,0.0,12.329,37,186.921,0.5555552469137517,0.0989722925782962,5.236021661749866,34939.460241,Car,VRU,0
563,18,19,1.26,1.7,0.0,0.0,10.732,38,161.688,0.5882349480970894,0.1144178905396944,5.091834256126934,26143.009343999995,Car,VRU,0
564,18,19,1.71,1.67,0.0,0.0,10.303,37,154.897,0.5988020366454871,0.1194342038939798,5.049195532774026,23993.080609,Car,VRU,0
565,11,26,51.06,2.43,0.0,-1.11,9.185,35,137.238,0.4115224643940475,0.1348023132455856,4.928976837358496,18834.268644,Car,VRU,0
566,6,9,67.51,1.2,0.0,0.0,0.944,40,7.01,0.8333326388894676,1.0698999900285322,2.080690761080268,49.1401,VRU,VRU,1
567,12,14,4.69,2.5,0.0,0.0,6.118,40,88.778,0.399999840000064,0.14643267311234,4.497339956429338,7881.533284000001,Car,VRU,0
568,12,14,10.16,2.43,0.0,0.56,7.956,37,117.819,0.4115224643940475,0.1103387389950794,4.777601326800613,13881.316761,Car,VRU,0
569,12,12,0.5,1.23,0.0,0.0,2.923,41,38.286,0.8130074690996186,0.3134304886007812,3.6708682213120847,1465.817796,Car,VRU,1
570,12,12,2.91,1.23,0.0,0.0,2.538,39,32.202,0.8130074690996186,0.3726476500637337,3.502610115071884,1036.968804,Car,VRU,1
571,7,7,16.88,2.57,-0.56,0.56,1.663,36,18.372,0.3891049069630712,0.3810145666767599,2.9638287245409827,337.530384,VRU,Car,0
572,14,11,4.81,2.43,0.0,-0.56,4.153,37,57.721,0.4115224643940475,0.2165589609230789,4.072797414134004,3331.713841,Car,VRU,0
573,14,19,2.4,1.93,0.0,-1.11,6.992,36,102.586,0.518134446562463,0.1608406589511175,4.640402185558672,10523.887396,Car,VRU,0
574,14,11,1.65,1.73,0.0,1.11,10.004,40,150.178,0.5780343479570244,0.0832345610992651,5.018457950513393,22553.431684,Car,VRU,0
575,8,7,50.65,2.83,0.56,0.0,1.179,34,10.728,0.353356765598316,0.6991050802474758,2.461979145144296,115.089984,LCV,VRU,0
576,10,9,0.99,2.77,0.0,0.0,19.59,38,301.65,0.3610106999961371,0.0314934525725395,5.712577022337697,90992.7225,VRU,VRU,0
577,7,13,49.83,1.03,0.0,-1.11,0.794,37,4.653,0.9708728438127732,2.1491506234363587,1.7321863776931536,21.650409,VRU,VRU,1
578,14,18,72.37,1.33,0.56,0.0,4.444,42,62.328,0.7518791339254632,0.2567064520487349,4.148327569420156,3884.779584,VRU,Car,1
579,10,18,74.02,2.6,0.56,0.56,2.259,44,27.796,0.3846152366864473,0.5036695746269401,3.3602364886070566,772.617616,LCV,Car,0
580,11,11,1.09,2.07,0.0,0.0,2.668,38,34.26,0.4830915540620512,0.3210741295658456,3.562749176969724,1173.7476,LCV,VRU,0
581,11,10,5.69,2.0,-0.56,-0.56,2.372,40,29.575,0.499999750000125,0.3550295737944354,3.420182681573236,874.680625,LCV,VRU,0
582,11,11,2.44,2.07,-0.56,0.56,2.571,41,32.723,0.4830915540620512,0.336154987740886,3.518180097147769,1070.794729,LCV,VRU,0
583,9,4,50.07,1.9,1.11,0.0,8.506,33,126.51,0.5263155124655198,0.0513793371956419,4.848194792895451,16004.780100000002,VRU,Ped,1
584,16,6,49.26,1.8,0.0,0.0,1.872,39,21.673,0.5555552469137517,0.507543925273662,3.1211747892445056,469.718929,Car,Ped,0
585,4,19,70.87,2.17,0.56,0.0,3.298,38,44.22,0.4608292807238338,0.2600633138836881,3.811539466849824,1955.4084,Ped,Car,0
586,8,9,86.63,2.93,0.56,-0.56,8.486,42,126.196,0.3412968118440915,0.067355541638756,4.845729203870689,15925.430416,Ped,Car,0
587,11,11,2.98,1.5,0.0,0.0,2.512,40,31.794,0.6666662222225186,0.3459772175260358,3.4902455718276766,1010.858436,Car,VRU,0
588,11,13,78.65,2.73,0.0,0.56,6.822,41,99.899,0.366300232124457,0.1201213213333334,4.614120016507676,9979.810201,Car,VRU,0
589,10,7,69.97,1.4,0.0,1.67,0.967,40,7.387,0.7142852040819971,1.1506699403452092,2.1266828880022746,54.56776899999999,Car,VRU,1
590,11,8,65.27,1.6,0.0,0.0,1.364,42,13.654,0.6249996093752441,0.6957667573043242,2.684713335737772,186.431716,Car,VRU,1
591,16,13,16.43,1.77,0.0,0.0,7.88,37,116.623,0.5649714322195298,0.1243322490046367,4.76748459457289,13600.924129,Car,VRU,0
592,4,13,79.73,2.63,0.0,0.0,3.594,42,48.894,0.3802279923087481,0.1738454580552735,3.909900755047045,2390.623236,Ped,VRU,0
593,11,7,0.93,2.23,0.56,0.56,6.891,37,100.989,0.4484302921837254,0.0891186159966073,4.624864964331527,10198.778121,VRU,Car,0
594,11,7,0.87,2.23,0.56,0.56,6.56,40,95.752,0.4484302921837254,0.0939928137898653,4.572151003530857,9168.445504,VRU,Car,0
595,11,7,0.93,2.23,0.56,0.56,6.891,37,100.989,0.4484302921837254,0.0891186159966073,4.624864964331527,10198.778121,VRU,Car,0
596,10,6,1.19,2.3,0.56,0.0,7.762,36,114.756,0.4347824196598175,0.0697131298606336,4.751484527476044,13168.939536,VRU,Car,0
597,10,6,1.19,2.3,0.56,0.0,7.762,36,114.756,0.4347824196598175,0.0697131298606336,4.751484527476044,13168.939536,VRU,Car,0
598,5,3,3.99,2.9,0.56,0.56,14.46,41,220.587,0.3448274673008733,0.0181334347983633,5.400815288892386,48658.62456899999,VRU,Car,0
599,5,10,5.47,2.17,0.0,0.0,11.062,41,166.897,0.4608292807238338,0.0449378955587104,5.123350696145425,27854.608608999995,Car,VRU,0
600,10,19,2.68,2.4,0.0,0.0,10.504,40,158.075,0.4166664930556278,0.0917286092568172,5.069375789118856,24987.705624999995,Car,VRU,0
601,10,19,7.78,2.17,0.0,0.0,7.386,39,108.803,0.4608292807238338,0.1332683829189601,4.698687851106552,11838.092809,Car,VRU,0
602,10,19,2.23,2.4,0.0,0.0,10.844,39,163.455,0.4166664930556278,0.0887094301874556,5.102636976551093,26717.537025000005,Car,VRU,0
603,10,19,0.35,2.47,0.0,0.0,12.995,38,197.434,0.4048581356849652,0.0734422638783478,5.290456551136187,38980.184356,Car,VRU,0
604,10,24,4.42,1.9,0.0,0.0,9.348,38,139.816,0.5263155124655198,0.1215883724209792,4.947454073631456,19548.513856,Car,VRU,0
605,10,9,80.54,1.5,0.0,0.0,4.234,39,59.008,0.6666662222225186,0.160995116577496,4.094477886667336,3481.9440640000003,Car,VRU,1
606,18,7,34.63,2.07,0.0,-0.56,2.187,40,26.658,0.4830915540620512,0.4689023756882595,3.3199150170424665,710.6489640000001,Car,VRU,1
607,10,10,1.3,1.63,0.0,0.0,4.205,43,58.552,0.6134965561370822,0.1707883561485798,4.08684988045984,3428.336704,Car,VRU,0
608,8,13,19.72,1.63,0.56,1.11,2.327,39,28.865,0.6134965561370822,0.3637623293344074,3.396687226184269,833.1882249999999,Car,VRU,1
609,10,6,45.68,2.63,0.0,0.56,4.592,37,64.664,0.3802279923087481,0.1237164400019108,4.1845508301082495,4181.432896,Car,Car,0
610,15,9,89.18,2.17,0.56,-0.56,14.486,42,220.998,0.4608292807238338,0.0542991336831141,5.402668372822689,48840.116004,VRU,VRU,0
611,8,5,12.68,2.9,0.0,0.0,5.734,39,82.71,0.3448274673008733,0.0785878360707552,4.427358444671965,6840.944099999999,VRU,LCV,0
612,6,4,70.11,2.47,0.0,0.56,1.157,38,10.374,0.4048581356849652,0.4819741197248776,2.431330048884608,107.619876,Car,Ped,1
613,9,20,6.65,2.97,0.0,0.0,7.824,37,115.734,0.3367002233332581,0.1252872956496164,4.759897842189607,13394.358756,Car,VRU,0
614,9,20,6.9,2.9,0.0,0.0,7.52,36,110.929,0.3448274673008733,0.1307142394620501,4.717864741705991,12305.243041,Car,VRU,0
615,9,3,77.21,1.7,0.0,0.0,1.621,36,17.709,0.5882349480970894,0.3388107550504966,2.9290046915032817,313.608681,Car,Ped,1
616,19,24,2.32,2.6,0.0,0.0,21.468,35,331.324,0.3846152366864473,0.0648911637403533,5.8061103966466,109775.592976,VRU,VRU,0
617,19,21,1.46,2.53,0.0,0.0,9.708,36,145.506,0.3952567607680787,0.1374513756308923,4.987066383249863,21171.996036,VRU,VRU,0
618,16,18,26.39,1.83,1.67,0.0,5.79,32,83.588,0.5464477888263449,0.2033784729461349,4.437792412579739,6986.953743999999,VRU,VRU,0
619,16,17,2.99,2.27,0.0,0.0,7.774,38,114.94,0.4405284402958412,0.1435531569205398,4.753072815911587,13211.2036,VRU,VRU,0
620,13,13,14.72,2.47,0.56,0.56,5.556,37,79.897,0.4048581356849652,0.1627094864299099,4.393176740558567,6383.530609000001,VRU,VRU,0
621,9,10,0.17,2.7,0.0,0.0,7.555,36,111.478,0.3703702331962099,0.085218607391426,4.722757646965438,12427.344484,Car,Car,0
622,9,10,3.04,2.53,0.0,0.0,4.794,38,67.86,0.3952567607680787,0.1399941034483627,4.232075457910378,4604.9796,Car,Car,0
623,9,10,16.92,2.33,0.0,0.0,2.506,37,31.699,0.4291843651569247,0.2996939872016786,3.487344496395843,1004.826601,Car,Car,0
624,10,23,36.99,2.57,1.11,-1.11,2.553,37,32.434,0.3891049069630712,0.5087253959201642,3.509573346280439,1051.9643559999995,Car,VRU,1
625,11,10,0.91,2.83,0.0,0.0,6.553,36,95.642,0.353356765598316,0.1097844031933209,4.571013429336597,9147.392164,Car,Car,0
626,11,10,1.6,2.7,0.0,0.0,6.064,37,87.924,0.3703702331962099,0.1194213170531218,4.487782072339745,7730.629776000002,Car,Car,0
627,11,13,4.57,1.8,0.0,0.0,4.006,36,55.404,0.5555552469137517,0.2165908559564137,4.032540077974984,3069.6032160000004,Car,VRU,0
628,12,10,3.91,2.5,0.0,0.0,13.54,38,206.051,0.399999840000064,0.0533848413577956,5.332965139731181,42457.014601,VRU,VRU,0
629,6,9,55.25,2.1,0.0,0.56,3.036,36,40.067,0.4761902494332145,0.1871864580031832,3.715204879281485,1605.364489,Ped,VRU,1
630,7,8,64.9,1.7,0.0,0.0,1.014,34,8.122,0.5882349480970894,0.9234177636767098,2.210689078289509,65.966884,VRU,VRU,1
631,10,3,65.34,1.33,0.0,0.0,0.702,37,3.187,0.7518791339254632,2.0395349734750634,1.4319844870370062,10.156968999999998,Car,Ped,1
632,8,3,75.5,2.6,0.0,0.0,0.686,33,2.94,0.3846152366864473,1.870747663010999,1.3711807233098423,8.6436,LCV,Ped,1
633,8,8,0.49,2.0,0.0,0.0,4.742,34,67.034,0.499999750000125,0.1193424214675773,4.220007580217758,4493.557156000001,Car,Car,0
634,8,14,6.86,1.13,0.0,0.0,2.407,35,30.134,0.8849549690663993,0.3650361596523475,3.4383004696136577,908.057956,Car,VRU,1
635,13,3,86.13,2.77,-1.11,0.0,1.897,34,22.074,0.3610106999961371,0.3624173071297767,3.138706442505098,487.2614760000001,Car,Ped,1
636,9,17,85.43,2.27,1.11,1.11,1.735,36,19.517,0.4405284402958412,0.6660859421998288,3.0212538107840685,380.913289,Car,VRU,1
637,14,12,4.96,2.7,1.11,0.0,6.899,36,101.122,0.3703702331962099,0.1285575826372344,4.626168176983697,10225.658884,Car,VRU,0
638,13,12,4.91,2.7,1.11,0.0,6.735,36,98.515,0.3703702331962099,0.1268842295398241,4.600308386571184,9705.205225,Car,VRU,0
639,13,14,9.44,1.3,0.0,0.0,4.271,31,59.594,0.7692301775152481,0.2265328686355527,4.104195878272475,3551.444836,LCV,VRU,0
640,9,8,20.75,2.9,-0.56,-2.22,2.637,35,33.767,0.3448274673008733,0.2517250495535567,3.548668661020364,1140.210289,LCV,VRU,0
641,8,9,21.26,2.97,-1.11,-1.67,2.579,36,32.853,0.3367002233332581,0.2587282665592711,3.522027621723673,1079.319609,LCV,VRU,0
642,19,12,17.96,2.0,-0.56,0.0,5.432,36,77.937,0.499999750000125,0.1988785788665386,4.36865006596555,6074.175969,Car,VRU,0
643,11,38,40.07,2.4,0.0,0.0,6.71,32,98.127,0.4166664930556278,0.249676437171457,4.596401856296235,9628.908129,VRU,VRU,0
644,17,6,40.93,2.13,0.0,0.0,1.635,37,17.937,0.4694833476604002,0.6411328181338675,2.941117680280768,321.73596900000007,Car,VRU,1
645,24,21,1.82,1.37,0.56,0.0,7.884,30,116.677,0.7299264745062229,0.1928400610845319,4.767943583106235,13613.522329,VRU,VRU,0
646,6,4,56.84,2.6,0.0,0.56,2.563,34,32.596,0.3846152366864473,0.1533930496566128,3.5144070122633804,1062.4992159999997,Car,Ped,1
647,14,23,20.26,2.5,0.0,1.11,7.903,34,116.984,0.399999840000064,0.1581412829263721,4.770549022051734,13685.256256,VRU,VRU,0
648,8,4,64.96,1.23,-1.11,0.0,0.849,35,5.519,0.8130074690996186,1.087153272847749,1.8747209899424024,30.459361,VRU,Ped,1
649,8,4,87.04,1.1,1.11,0.0,1.134,34,10.017,0.9090900826453794,0.5989816712606898,2.399439534357928,100.34028899999998,VRU,Ped,1
650,7,4,75.58,2.9,0.56,0.0,3.664,33,49.99,0.3448274673008733,0.1100220021999999,3.931629535067065,2499.0001,VRU,Ped,0
651,12,20,41.96,1.67,-5.0,0.0,2.886,39,37.702,0.5988020366454871,0.4243806582043218,3.655891278286956,1421.4408039999998,VRU,Car,0
652,3,9,5.77,2.27,0.56,0.0,4.191,37,58.319,0.4405284402958412,0.1028824207739772,4.082929659406802,3401.1057610000003,Car,VRU,0
653,6,9,28.28,2.5,0.56,1.11,1.254,44,11.908,0.399999840000064,0.6298286337060268,2.557847274189715,141.80046399999998,Car,VRU,0
654,10,13,25.77,2.97,0.56,1.67,3.73,43,51.045,0.3367002233332581,0.2252914051270172,3.952108728967432,2605.5920250000004,Car,VRU,0
655,10,12,24.72,1.53,0.0,0.0,4.611,40,64.965,0.6535943440559843,0.1693219399781122,4.18912429833574,4220.451225000001,VRU,VRU,1
656,12,5,54.87,2.6,0.0,0.0,0.819,39,5.036,0.3846152366864473,1.68784716285799,1.7977415409056023,25.361296,LCV,Ped,0
657,4,11,60.44,1.6,0.0,0.0,1.071,43,9.024,0.6249996093752441,0.8311169291758723,2.3049822175937678,81.43257599999998,Ped,VRU,1
658,19,7,82.77,1.87,0.0,0.0,2.805,42,36.427,0.5347590723213517,0.3568781300442493,3.622392369091576,1326.926329,Car,VRU,0
659,13,3,73.1,2.43,0.0,0.0,8.525,40,126.802,0.4115224643940475,0.0630904870341912,4.850482191273252,16078.747204,VRU,Ped,1
660,12,10,42.31,1.73,0.56,0.0,2.186,43,26.644,0.5780343479570244,0.4128509077897122,3.319408706229148,709.9027359999999,Car,VRU,0
661,15,15,12.06,1.17,0.0,0.0,2.957,43,38.823,0.8547001241879282,0.3863688950784614,3.684444634823824,1507.225329,Car,VRU,0
662,6,5,21.13,2.5,0.0,-0.56,0.885,43,6.089,0.399999840000064,0.9032680401924716,1.9585442868728808,37.07592100000001,Car,VRU,1
663,8,16,85.82,2.67,0.56,-0.56,3.417,37,46.087,0.3745316949319494,0.2603771072020937,3.851996954432449,2124.011569,Car,VRU,0
664,8,20,11.67,1.9,0.0,0.0,4.52,37,63.518,0.5263155124655198,0.220409959060267,4.166944254636444,4034.536324,Car,VRU,0
665,20,3,74.0,3.0,0.0,0.0,20.581,42,317.312,0.3333332222222592,0.0362419321165227,5.763032033860162,100686.905344,VRU,Ped,0
666,10,10,11.24,1.87,-0.56,0.0,2.204,38,26.927,0.5347590723213517,0.3713744430729586,3.3295939628024627,725.063329,Car,VRU,0
667,10,6,14.84,1.7,-0.56,0.0,1.577,38,17.015,0.5882349480970894,0.4701733487996856,2.891204744200057,289.510225,Car,VRU,1
668,13,14,24.12,1.4,0.56,1.67,2.205,39,26.949,0.7142852040819971,0.5009462131824478,3.330381420785741,726.2486010000001,Car,VRU,0
669,16,2,64.81,2.7,0.0,0.0,0.648,40,2.345,0.3703702331962099,3.837951455031362,1.207466693580192,5.4990250000000005,Car,Ped,0
670,3,21,66.58,2.8,0.0,-0.56,18.477,41,284.063,0.3571427295918823,0.0422441499165884,5.652710208471697,80691.787969,Ped,VRU,0
671,10,10,70.29,2.7,0.0,-0.56,7.472,37,110.162,0.3703702331962099,0.0907754026726511,4.71098859679593,12135.666244000002,VRU,VRU,0
672,9,8,74.13,2.8,0.0,2.22,1.725,37,19.363,0.3571427295918823,0.4389815401032102,3.013719528568378,374.925769,Car,VRU,1
673,9,9,36.8,2.5,0.0,1.11,2.249,39,27.635,0.399999840000064,0.3256739523910276,3.3546297458458207,763.6932250000001,Car,VRU,1
674,10,11,74.11,1.2,1.11,-2.78,1.849,41,21.316,0.8333326388894676,0.4925877044197924,3.1053039099832818,454.371856,VRU,VRU,1
675,6,5,1.03,2.93,1.11,1.11,11.012,43,166.109,0.3412968118440915,0.0331107884996551,5.118646294115045,27592.199881000004,VRU,VRU,0
676,11,9,89.41,1.93,0.0,1.67,1.737,35,19.55,0.518134446562463,0.5115089252425101,3.022860940942244,382.2025,Car,VRU,1
677,17,5,61.07,1.53,-1.11,0.0,0.995,42,7.824,0.6535943440559843,1.4059302906530815,2.1774752819512013,61.214976,VRU,Ped,1
678,8,9,33.82,2.87,-1.11,2.22,4.364,34,61.064,0.3484319343442737,0.1391982159832599,4.128166110697611,3728.812096,VRU,VRU,1
679,13,7,73.17,1.8,0.0,0.0,1.215,38,11.301,0.5555552469137517,0.8848773661731382,2.509680559886648,127.712601,VRU,Car,1
680,8,11,75.73,2.67,1.11,1.11,1.931,41,22.614,0.3745316949319494,0.4200937286595149,3.161839756484918,511.392996,Car,Car,0
681,9,24,69.73,2.77,-1.11,-0.56,0.737,36,3.741,0.3610106999961371,4.4105842259865735,1.5562480839199813,13.995081,Car,VRU,1
682,14,4,58.79,1.9,1.11,0.0,1.024,45,8.281,0.5263155124655198,1.0868251314062154,2.227969299613256,68.57496100000002,Car,Ped,1
683,18,14,8.24,1.5,1.11,1.67,2.119,37,25.58,0.6666662222225186,0.6254886385657296,3.2801590532850997,654.3363999999999,VRU,Car,1
684,19,4,27.73,2.33,0.0,0.0,2.484,42,31.345,0.4291843651569247,0.3668846588966451,3.4764594494959487,982.509025,VRU,Ped,1
685,22,14,24.8,2.47,0.56,-0.56,7.388,40,108.838,0.4048581356849652,0.1653834123616438,4.699006552990956,11845.710243999998,VRU,Car,0
686,13,12,8.51,1.87,0.0,0.0,3.363,38,45.234,0.5347590723213517,0.2763407994795773,3.833715458159385,2046.114756,VRU,Car,0
687,8,11,78.5,2.87,0.0,1.67,2.916,37,38.18,0.3484319343442737,0.2488213659292465,3.668166412516394,1457.7124,Car,Car,0
688,4,12,53.78,2.87,0.0,0.0,12.595,37,191.127,0.3484319343442737,0.0418569849270014,5.258156611693972,36529.530129000006,Ped,Car,0
689,9,11,1.15,2.77,0.56,0.0,5.36,38,76.8,0.3610106999961371,0.1302083316379123,4.354141431184346,5898.24,VRU,VRU,0
690,17,17,4.73,1.93,0.0,0.0,5.739,39,82.789,0.518134446562463,0.205341286821422,4.428301733955577,6854.018521,Car,Car,0
691,7,15,87.19,1.77,0.0,0.0,7.689,45,113.602,0.5649714322195298,0.0968292803222717,4.741465256135336,12905.414404,VRU,VRU,1
692,8,7,13.11,1.37,0.56,1.11,0.561,45,0.957,0.7299264745062229,7.836982406496963,0.6714126884139392,0.915849,VRU,VRU,1
693,7,6,15.84,1.5,0.0,0.56,0.5,45,0.0,0.6666662222225186,6500000.0,0.0,0.0,VRU,VRU,1
694,16,16,3.6,1.7,0.0,0.0,5.185,39,74.028,0.5882349480970894,0.2161344326993241,4.317861377198095,5480.144784000001,Car,VRU,0
695,16,13,12.92,1.7,0.0,0.0,5.743,38,82.853,0.5882349480970894,0.1750087483252417,4.429065265804507,6864.619608999999,Car,VRU,0
696,17,7,85.77,1.73,0.0,1.11,1.214,42,11.279,0.5780343479570244,1.063924012419185,2.5078904861783755,127.215841,Car,VRU,1
697,15,4,58.93,1.17,0.0,0.0,0.996,39,7.83,0.8547001241879282,1.2132820928119932,2.178155014615869,61.3089,VRU,Ped,1
698,3,6,82.27,2.4,0.56,0.56,2.855,43,37.207,0.4166664930556278,0.1209449802202548,3.643018744898317,1384.360849,Ped,VRU,0
699,8,4,64.91,1.97,0.0,0.0,1.036,46,8.468,0.5076139555259109,0.7085497509979038,2.2479176916517374,71.707024,Car,Ped,1
700,4,10,76.61,1.97,0.0,0.56,3.195,40,42.579,0.5076139555259109,0.164400287362308,3.774575382947559,1812.971241,LCV,VRU,0
701,12,12,19.61,2.8,0.0,1.11,11.71,42,177.14,0.3571427295918823,0.0677430277309301,5.182569758003724,31378.579599999997,VRU,VRU,0
702,10,8,79.79,2.7,0.56,0.56,9.493,42,142.106,0.3703702331962099,0.0633330044943,4.963585614404595,20194.115236,VRU,LCV,0
703,5,13,80.42,2.83,0.56,0.0,8.519,41,126.712,0.353356765598316,0.071027210753305,4.849777728866323,16055.930944000002,VRU,VRU,0
704,12,9,32.97,2.1,0.56,0.56,1.898,43,22.091,0.4761902494332145,0.4753066644648651,3.13944293122029,488.012281,VRU,LCV,1
705,11,15,28.88,2.7,0.0,0.0,9.714,42,145.598,0.3703702331962099,0.0892869401414377,4.987694146794689,21198.777604000003,VRU,VRU,0
706,9,17,1.61,2.07,0.56,0.0,4.333,44,60.574,0.4830915540620512,0.2146135270146675,4.120239703517438,3669.209476,Car,Car,0
707,15,2,79.31,2.13,1.67,0.0,1.258,42,11.971,0.4694833476604002,0.7100492264598425,2.5627160963585363,143.304841,Car,Ped,1
708,8,8,83.67,2.27,1.11,0.0,1.659,41,18.312,0.4405284402958412,0.4368719726478826,2.960726664355176,335.32934400000005,Car,VRU,1
709,17,4,67.27,1.93,0.0,0.0,1.592,44,17.262,0.518134446562463,0.608272470845066,2.904822398194149,297.976644,VRU,Ped,1
710,13,4,59.36,1.43,0.0,0.0,7.368,43,108.532,0.6993002102795733,0.0783179147318955,4.696216744006434,11779.195024,VRU,Ped,0
711,8,4,89.73,1.27,0.0,0.56,1.031,41,8.384,0.7874009548023978,0.7156487696029616,2.2390061113511743,70.29145600000001,VRU,Ped,1
712,9,9,33.15,1.1,1.11,0.0,1.061,43,8.866,0.9090900826453794,1.015113803844597,2.2890945028115466,78.60595599999999,VRU,VRU,1
713,4,17,65.48,1.5,0.0,0.0,1.153,40,10.32,0.6666662222225186,1.0174417618757985,2.4265710727750367,106.5024,Ped,VRU,1
714,4,7,57.69,1.7,0.0,-2.22,1.533,43,16.324,0.5882349480970894,0.3369272030796861,2.8520928233523803,266.4729760000001,Ped,VRU,1
715,13,14,1.77,2.87,-0.56,-1.11,12.156,42,184.185,0.3484319343442737,0.07329587060132,5.221355325411408,33924.114225,VRU,LCV,0
716,14,9,1.07,2.53,0.0,0.0,2.511,39,31.781,0.3952567607680787,0.3618514092743649,3.489849079256718,1010.031961,LCV,VRU,0
717,14,6,26.95,2.23,-0.56,-2.22,5.245,39,74.977,0.4484302921837254,0.1333742329864594,4.330430662905206,5621.550529000001,LCV,Ped,1
718,8,5,63.68,2.5,0.0,0.0,3.755,43,51.433,0.399999840000064,0.1263780038812046,3.9595361640968303,2645.353489,Car,Ped,0
719,13,13,7.35,2.13,0.0,0.0,13.809,42,210.306,0.4694833476604002,0.0618146887781866,5.353307319864864,44228.613636,Car,VRU,0
720,13,13,12.21,2.57,0.0,0.0,9.506,44,142.307,0.3891049069630712,0.0913517951235582,4.964989182210508,20251.282249,Car,VRU,0
721,6,14,19.17,1.23,0.0,0.0,1.86,43,21.492,0.8130074690996186,0.4652893883636055,3.1131596904299554,461.906064,Ped,VRU,1
722,6,18,21.41,2.7,0.0,1.67,7.852,45,116.174,0.3703702331962099,0.1032933349691554,4.7636600095287,13496.398276000002,Ped,VRU,0
723,2,5,31.51,2.87,0.0,1.11,7.759,50,114.701,0.3484319343442737,0.030514119052893,4.751009277204631,13156.319401,Car,Car,0
724,3,16,83.03,1.17,-0.56,0.0,0.5,43,0.0,0.8547001241879282,9500000.0,0.0,0.0,Ped,VRU,1
725,13,12,1.44,1.97,0.0,0.0,6.936,42,101.702,0.5076139555259109,0.1229081028602377,4.631831590941582,10343.296804,Car,VRU,0
726,13,13,2.12,2.67,0.56,0.56,6.561,43,95.777,0.3745316949319494,0.1357319592832103,4.572409362744609,9173.233729,Car,Car,0
727,9,12,89.18,2.9,0.0,0.0,5.167,46,73.75,0.3448274673008733,0.1423728794254525,4.314149212270796,5439.0625,VRU,Car,0
728,9,7,0.89,2.37,-0.56,-0.56,1.485,42,15.567,0.4219407502359703,0.5139075920917587,2.8074127649564,242.331489,VRU,Car,1
729,9,9,1.95,2.27,0.0,-0.56,1.881,42,21.828,0.4405284402958412,0.4123144396044328,3.1279878526744618,476.461584,VRU,Car,0
730,9,10,2.52,2.13,-0.56,-0.56,2.565,44,32.627,0.4694833476604002,0.2911698810442308,3.515329315707068,1064.5211290000002,VRU,Car,0
731,7,9,7.48,1.83,0.0,0.0,7.46,47,109.973,0.5464477888263449,0.0727451276882041,4.709286928480655,12094.060729,VRU,Car,1
732,13,16,76.72,2.4,1.11,0.0,6.947,44,101.871,0.4166664930556278,0.1423368756335279,4.633475776102786,10377.700641,VRU,VRU,0
733,5,2,87.87,2.43,1.11,0.0,9.105,39,135.971,0.4115224643940475,0.0257407827717617,4.919769224588882,18488.112841,Car,Ped,1
734,11,3,75.63,1.83,0.0,0.56,0.693,40,3.042,0.5464477888263449,2.301116929284376,1.3967396189814292,9.253764,Car,Ped,1
735,15,16,5.28,2.17,0.0,0.0,8.374,42,124.419,0.4608292807238338,0.1245790423924075,4.8316601318730745,15480.087560999998,Car,VRU,0
736,15,4,57.16,2.67,0.0,0.0,13.241,43,201.327,0.3745316949319494,0.0471869145857887,5.309885200418785,40532.560929,Car,Ped,0
737,6,10,0.8,1.27,0.0,0.0,2.584,38,32.937,0.7874009548023978,0.2428879302034815,3.5245058646206138,1084.8459689999995,Car,VRU,1
738,6,10,18.19,1.33,0.0,0.0,2.278,45,28.097,0.7518791339254632,0.2847278967602271,3.370635076079516,789.441409,Car,VRU,1
739,14,7,48.27,2.3,1.11,0.0,11.898,44,180.101,0.4347824196598175,0.0583006198838395,5.199054886685277,32436.370201,VRU,VRU,0
740,6,10,24.79,2.87,0.56,0.56,0.595,40,1.506,0.3484319343442737,5.312081466081364,0.9186878564738764,2.268036,Car,VRU,0
741,8,10,82.59,2.27,1.11,0.56,4.105,47,56.964,0.4405284402958412,0.1579945200829555,4.0598221281836775,3244.897296,Car,VRU,1
742,11,3,67.56,2.0,1.11,0.0,0.63,45,2.058,0.499999750000125,3.401358891467982,1.1177611075068703,4.235364,Car,Ped,1
743,5,6,16.82,2.47,0.0,0.0,0.515,44,0.241,0.4048581356849652,22.821482068539137,0.2159175062224701,0.0580809999999999,Car,Ped,1
744,6,7,23.93,2.97,0.56,0.0,1.321,42,12.969,0.3367002233332581,0.5011951190380817,2.6368405887454136,168.19496099999998,Car,VRU,0
745,11,5,57.68,2.13,0.0,0.56,11.239,38,169.689,0.4694833476604002,0.0471450709996224,5.139843187185057,28794.356721,Car,Ped,1
746,6,13,4.3,1.07,0.0,0.0,3.528,37,47.848,0.9345785658144244,0.1985453895973627,3.888713435992522,2289.431104,Ped,VRU,0
747,11,12,3.78,1.7,0.0,-0.56,3.008,38,39.633,0.5882349480970894,0.2901622312173635,3.7045805443400206,1570.7746890000003,Car,VRU,0
748,6,11,10.13,1.3,0.0,2.78,1.141,43,10.135,0.7692301775152481,0.8386777662873443,2.410093300709331,102.718225,Car,VRU,1
749,10,13,0.51,2.73,0.0,0.0,12.006,39,181.817,0.366300232124457,0.0632504107797928,5.208485652507838,33057.421489,VRU,VRU,0
750,10,13,0.24,2.83,0.0,0.0,11.088,37,167.315,0.353356765598316,0.0687326296582337,5.12583722378494,27994.309225,VRU,VRU,0
751,10,13,22.3,2.83,0.0,0.0,7.717,36,114.033,0.353356765598316,0.1008479992559347,4.745219043720841,13003.525089,VRU,VRU,0
752,12,11,6.31,2.27,0.0,0.0,4.076,39,56.502,0.4405284402958412,0.2035326147121763,4.051819729807099,3192.476004,VRU,Car,0
753,13,13,9.87,2.27,1.11,2.22,4.731,46,66.857,0.4405284402958412,0.1944448570165449,4.217402549713954,4469.858449,Car,VRU,0
754,11,12,3.37,2.6,0.0,0.0,9.474,43,141.811,0.3846152366864473,0.0810938496936496,4.961522077751089,20110.359721,Car,Car,0
755,11,12,3.83,2.6,0.0,0.0,9.242,43,138.142,0.3846152366864473,0.0832476720820049,4.935494994403977,19083.212164,Car,Car,0
756,11,12,6.12,2.63,0.0,0.0,8.467,43,125.897,0.3802279923087481,0.0913445110578924,4.843375733778959,15850.054609,Car,Car,0
757,9,6,72.49,1.27,1.11,0.0,4.124,36,57.272,0.7874009548023978,0.1309540415743462,4.065121703545198,3280.081984,Car,VRU,1
758,16,11,3.54,1.7,0.0,0.0,9.745,43,146.091,0.5882349480970894,0.092408155927414,4.991051442866847,21342.580281,Car,VRU,0
759,16,11,4.78,1.77,0.0,0.0,9.917,45,148.802,0.5649714322195298,0.0907245864254204,5.00931442212884,22142.035204,Car,VRU,0
760,16,11,3.46,1.7,0.0,0.0,9.708,44,145.503,0.5882349480970894,0.0927815914944599,4.987045906063154,21171.123008999995,Car,VRU,0
761,10,10,0.85,1.7,1.11,1.11,5.0,41,71.102,0.5882349480970894,0.1406430179088771,4.2780817831572175,5055.494404000001,VRU,VRU,0
762,5,5,2.31,1.77,1.67,1.11,6.791,38,99.405,0.5649714322195298,0.0502992802142821,4.609212006814423,9881.354025,VRU,VRU,0
763,9,11,2.23,2.53,0.0,0.0,8.721,42,129.905,0.3952567607680787,0.0769793304570314,4.874471869283385,16875.309025,Car,Car,0
764,9,9,36.66,2.2,0.56,0.0,1.936,43,22.687,0.4545452479339781,0.3967029401550253,3.164926374440445,514.699969,Car,VRU,1
765,15,18,0.18,1.6,-1.11,-0.56,4.491,44,63.059,0.6249996093752441,0.2616597113550847,4.159804533693887,3976.437481,VRU,VRU,0
766,17,15,1.54,1.8,1.11,1.11,6.904,43,101.194,0.5555552469137517,0.1581121394735642,4.626872967631325,10240.225636,VRU,VRU,0
767,3,2,1.28,2.2,0.0,-2.78,7.06,40,103.657,0.4545452479339781,0.0241180043401024,4.650688336287104,10744.773649,Car,VRU,0
768,11,2,12.2,2.2,0.0,-2.78,7.143,40,104.976,0.4545452479339781,0.0619189142097344,4.663212653381961,11019.960576,Car,VRU,0
769,3,6,1.34,2.53,-3.89,-2.22,5.703,42,82.214,0.3952567607680787,0.0547352025842897,4.421415602902253,6759.141796,Car,Car,0
770,4,6,0.29,2.53,-3.33,-2.22,5.638,42,81.197,0.3952567607680787,0.0615786289939452,4.409118805045761,6592.952809,Car,Car,0
771,10,10,2.13,2.53,0.0,0.0,6.692,44,97.849,0.3952567607680787,0.1021982840683268,4.59359343322757,9574.426801,Car,Car,0
772,10,9,33.56,2.07,0.0,0.56,3.619,37,49.29,0.4830915540620512,0.1927368595508854,3.917806250183873,2429.5041,Car,VRU,0
773,11,11,60.7,2.97,1.11,0.0,5.502,39,79.034,0.3367002233332581,0.1391806040541968,4.382451544386962,6246.373156000001,Car,VRU,0
774,12,10,4.99,3.0,0.56,-0.56,7.149,37,105.065,0.3333332222222592,0.1046970912797116,4.664052113724313,11038.654225,Car,VRU,0
775,14,15,0.58,2.67,0.0,0.0,15.163,39,231.694,0.3745316949319494,0.0625825439476959,5.449724285704232,53682.109636,Car,VRU,0
776,12,14,21.77,2.1,0.0,0.56,4.711,40,66.543,0.4761902494332145,0.195362394311011,4.21276443209356,4427.970849000001,Car,VRU,0
777,14,23,1.88,1.3,0.0,0.0,8.77,40,130.675,0.7692301775152481,0.141572602704629,4.880336765369453,17075.955625000002,Car,VRU,0
778,12,21,51.59,1.8,-0.56,3.33,2.906,36,38.016,0.5555552469137517,0.4340277663608016,3.663971818407752,1445.216256,Car,VRU,0
779,11,14,54.07,1.67,1.11,0.56,2.873,38,37.501,0.5988020366454871,0.3333244357930606,3.650684214982393,1406.325001,VRU,VRU,1
780,15,4,36.28,2.93,0.0,0.0,1.67,38,18.49,0.3412968118440915,0.5137912107197831,2.9699015135194693,341.8801,VRU,Ped,0
781,4,11,72.92,2.4,0.0,1.11,1.73,38,19.43,0.4166664930556278,0.3860010094698399,3.0170044088295307,377.5249,Ped,Car,0
782,4,15,67.6,1.9,0.0,1.67,1.191,40,10.925,0.5263155124655198,0.8695651377972414,2.478637036774405,119.35562500000002,Ped,VRU,1
783,11,14,1.48,2.77,0.0,0.0,8.048,39,119.269,0.3610106999961371,0.1048051035490772,4.789730900662533,14225.094361,Car,VRU,0
784,13,4,77.64,1.47,0.0,0.0,0.881,39,6.024,0.6802716460737102,1.4110223421277652,1.949332856332816,36.288576,VRU,Ped,1
785,14,6,71.37,2.8,1.67,0.56,8.168,40,121.17,0.3571427295918823,0.0825286780347554,4.805413517415968,14682.1689,Car,LCV,0
786,15,15,4.9,1.6,2.22,2.22,6.133,38,89.016,0.6249996093752441,0.1685090301911001,4.499987432307447,7923.848256000001,VRU,VRU,0
787,15,3,77.34,1.97,0.0,0.0,6.73,39,98.443,0.5076139555259109,0.0914234623952595,4.59958461569348,9691.024249,VRU,Ped,0
788,8,7,1.89,2.67,0.0,0.0,3.412,48,46.013,0.3745316949319494,0.1629974102319472,3.850424159209189,2117.196169,LCV,VRU,0
789,8,7,12.49,2.8,0.0,0.0,3.373,47,45.399,0.3571427295918823,0.1652018730544313,3.83727790727583,2061.069201,LCV,VRU,0
790,7,5,63.03,2.23,0.0,0.56,0.791,42,4.594,0.4484302921837254,1.306051087058971,1.721694594779768,21.104836,LCV,Ped,1
791,7,8,6.07,2.93,0.0,0.0,4.056,44,56.191,0.3412968118440915,0.1334733296529101,4.046396543348755,3157.4284810000004,Ped,LCV,0
792,7,9,19.7,1.27,0.0,1.67,0.546,43,0.72,0.7874009548023978,11.11109567903378,0.5423242908253617,0.5184,Ped,VRU,1
793,8,10,0.56,1.97,0.0,0.0,4.52,41,63.525,0.5076139555259109,0.1416765030826209,4.1670527456046775,4035.425625,Car,Car,0
794,8,10,1.03,1.97,0.0,0.0,3.966,41,54.771,0.5076139555259109,0.164320531589335,4.021254021027869,2999.862441,Car,Car,0
795,6,15,82.17,1.6,0.56,0.0,3.641,39,49.634,0.6249996093752441,0.211548531016067,3.9246232874038847,2463.533956,Car,VRU,0
796,10,13,0.34,2.03,0.0,0.0,7.719,44,114.072,0.492610594773106,0.1008135204010316,4.7455580194091,13012.421184,Car,VRU,0
797,10,13,0.57,2.0,0.0,0.0,7.706,45,113.87,0.499999750000125,0.1009923588215301,4.743801054157313,12966.3769,Car,VRU,0
798,10,13,6.32,2.03,0.0,0.0,6.316,47,91.9,0.492610594773106,0.1251360160485743,4.531523645819793,8445.61,Car,VRU,0
799,19,8,16.64,2.1,0.56,0.0,8.652,41,128.818,0.4761902494332145,0.1047990179571254,4.866133469539954,16594.077124000003,VRU,VRU,0
800,8,18,54.38,2.13,0.0,2.22,5.899,44,85.317,0.4694833476604002,0.1523729133423243,4.458026565943706,7278.990488999999,Ped,VRU,0
801,6,12,2.14,2.37,0.0,0.0,8.866,42,132.201,0.4219407502359703,0.0680781532055116,4.891859265585615,17477.104400999997,Car,VRU,0
802,16,18,3.74,2.43,0.0,0.0,16.562,41,253.811,0.4115224643940475,0.066978972278668,5.540522093880762,64420.023721000005,Car,Car,0
803,12,26,4.04,2.87,0.0,0.0,20.245,41,312.001,0.3484319343442737,0.0608972405187892,5.746206385423228,97344.624001,Car,VRU,0
804,3,9,4.52,2.47,1.11,0.56,2.537,45,32.194,0.4048581356849652,0.1863701252913547,3.502369136698527,1036.4536360000002,Car,VRU,0
805,8,9,2.74,2.17,0.56,0.0,2.378,42,29.677,0.4608292807238338,0.2864170810251346,3.4235131881455705,880.724329,Car,VRU,0
806,8,13,14.75,2.53,-0.56,-1.11,3.599,42,48.962,0.3952567607680787,0.2144520196386581,3.911262716481737,2397.2774440000003,LCV,VRU,1
807,9,13,9.26,1.5,0.0,0.0,4.227,42,58.891,0.6666662222225186,0.1867857535653028,4.092526243415317,3468.149881,LCV,VRU,0
808,5,5,5.68,2.43,0.0,-1.11,1.481,43,15.5,0.4115224643940475,0.3225806243496371,2.803360380906535,240.25,Car,Ped,1
809,5,5,6.38,2.5,-0.56,-0.56,1.522,44,16.145,0.399999840000064,0.3096933843485051,2.841706585914884,260.661025,Car,Ped,1
810,25,7,73.74,2.67,1.67,0.0,5.299,42,75.831,0.3745316949319494,0.210995500375895,4.341608204543896,5750.340561000001,VRU,VRU,0
811,9,13,1.71,2.73,0.0,0.0,10.072,38,151.253,0.366300232124457,0.0727258297506441,5.025543610829374,22877.470009,Car,Car,0
812,9,13,1.9,2.7,0.0,0.0,10.161,37,152.667,0.3703702331962099,0.072052243955457,5.034787923523584,23307.212889,Car,Car,0
813,9,11,2.07,2.67,0.0,-1.11,9.598,37,143.764,0.3745316949319494,0.0695584425199741,4.975104830256313,20668.087696,Car,Car,0
814,9,21,78.54,2.5,0.0,-0.56,4.538,41,63.814,0.399999840000064,0.2350581340292391,4.171521629405638,4072.226596,Car,Car,0
815,9,3,66.09,2.17,0.0,0.0,1.676,37,18.579,0.4608292807238338,0.3229452433960254,2.974457563275136,345.17924100000005,Car,Ped,1
816,9,4,49.24,2.47,0.0,0.0,11.207,39,169.195,0.4048581356849652,0.0384172106834291,5.136944838504465,28626.948025,Car,Ped,0
817,9,8,21.83,2.2,0.0,0.0,6.351,43,92.454,0.4545452479339781,0.0919376112235532,4.537469336623832,8547.742116,Car,VRU,0
818,9,20,2.26,2.77,0.0,-0.56,13.061,42,198.481,0.3610106999961371,0.0730548512298162,5.295718993699245,39394.707361,Car,VRU,0
819,16,2,67.56,2.63,-1.11,0.56,5.326,44,76.254,0.3802279923087481,0.1180265937783382,4.347098694372596,5814.6725160000005,VRU,Ped,0
820,9,8,49.47,2.7,-0.56,0.0,4.048,42,56.059,0.3703702331962099,0.1516259627958764,4.044085820219935,3142.611481,VRU,VRU,1
821,11,4,56.02,2.67,0.56,0.0,7.887,42,116.722,0.3745316949319494,0.0642552383933171,4.768325912687484,13624.025284,VRU,Ped,0
822,11,1,64.1,1.77,0.56,0.0,1.766,42,20.004,0.5649714322195298,0.2999399970035994,3.044712895775613,400.160016,VRU,Ped,1
823,13,15,1.77,3.0,0.0,0.0,17.081,45,262.008,0.3333332222222592,0.0534334827431472,5.572184449966089,68648.19206399999,VRU,VRU,0
824,11,8,79.19,2.93,0.56,0.0,2.959,39,38.853,0.3412968118440915,0.2445113570506432,3.685197684711311,1509.5556090000002,VRU,Car,0
825,12,4,63.94,2.47,0.0,0.0,2.859,42,37.279,0.4048581356849652,0.2145980253065257,3.6449014429415487,1389.7238410000002,VRU,Ped,0
826,15,4,73.5,3.0,0.0,0.0,1.96,44,23.066,0.3333332222222592,0.4118615966417412,3.1808000560159706,532.040356,VRU,Ped,0
827,8,9,82.53,2.67,0.0,0.56,3.713,36,50.771,0.3745316949319494,0.1674184048488624,3.946830146933552,2577.694441,VRU,Car,0
828,8,3,40.18,2.5,0.0,0.0,6.456,38,94.119,0.399999840000064,0.0584366593521323,4.555128739291099,8858.386161,Car,Ped,0
829,12,17,5.78,2.73,0.0,0.0,9.567,41,143.274,0.366300232124457,0.1012046840235863,4.971714269365246,20527.439076,Car,Car,0
830,12,6,66.33,2.5,0.0,-0.56,6.384,36,92.974,0.399999840000064,0.0968012552240276,4.543018148265665,8644.164676,Car,Ped,0
831,19,4,66.56,2.97,0.0,0.0,2.532,39,32.106,0.3367002233332581,0.3581884894353551,3.499714534837974,1030.7952360000002,Car,Ped,0
832,19,26,0.7,1.47,0.0,0.0,11.744,38,177.673,0.6802716460737102,0.1266371360497254,5.185557319535629,31567.694929,Car,VRU,0
833,19,26,0.55,1.5,0.0,0.0,12.47,39,189.146,0.6666662222225186,0.1189557266928419,5.247792198128817,35776.20931599999,Car,VRU,0
834,4,13,66.88,1.4,0.0,0.0,0.607,38,1.689,0.7142852040819971,5.032560667518848,0.9891693772867276,2.8527210000000003,Ped,VRU,1
835,12,3,79.89,2.27,1.67,0.0,2.025,38,24.102,0.4405284402958412,0.3111774827326577,3.2229475242382546,580.9064040000001,VRU,Ped,1
836,15,31,5.35,2.5,-0.56,0.0,7.74,38,114.402,0.399999840000064,0.2010454345112372,4.748421684946349,13087.817604,LCV,VRU,0
837,7,7,23.09,3.0,1.67,-0.56,1.317,39,12.908,0.3333332222222592,0.5422993072281294,2.6324642141456147,166.61646399999998,Ped,Car,1
838,6,12,0.64,2.8,0.0,1.11,6.321,37,91.988,0.3571427295918823,0.0978388474818579,4.532470452569814,8461.792144,LCV,VRU,0
839,6,11,2.59,2.9,-0.56,1.11,6.319,37,91.957,0.3448274673008733,0.0924345064276291,4.532137020637928,8456.089848999998,LCV,VRU,0
840,31,22,7.79,1.5,0.0,1.67,8.179,40,121.344,0.6666662222225186,0.21838739271503,4.806836749045822,14724.366336,VRU,VRU,0
841,15,11,6.09,2.87,1.11,0.0,4.94,39,70.167,0.3484319343442737,0.1852722763511012,4.265029227830349,4923.407889,VRU,LCV,0
842,16,11,6.01,2.87,1.67,0.0,4.872,39,69.083,0.3484319343442737,0.1954171041295672,4.249680253931069,4772.460889,VRU,LCV,0
843,2,7,68.91,2.43,0.0,-0.56,5.737,41,82.752,0.4115224643940475,0.0543793496908914,4.427860051017054,6847.893504,Ped,VRU,1
844,8,5,82.78,2.03,0.0,0.0,1.649,36,18.155,0.492610594773106,0.3580280717142345,2.952563778152612,329.60402500000004,Car,Ped,1
845,12,18,2.33,1.57,0.0,0.0,5.739,39,82.785,0.6369422694635226,0.1811922427832066,4.428253993852687,6853.356225,Car,VRU,0
846,12,13,0.94,2.87,0.0,0.56,16.078,36,246.16,0.3484319343442737,0.0507799802941989,5.510035900192779,60594.7456,Car,VRU,0
847,12,12,1.63,2.8,0.56,0.0,13.374,37,203.426,0.3571427295918823,0.0589895094088783,5.320206051805674,41382.137476,Car,VRU,0
848,11,12,1.63,2.8,0.56,0.0,12.872,36,195.495,0.3571427295918823,0.0588250335874317,5.280636985692958,38218.295025,Car,VRU,0
849,12,12,1.64,2.8,0.56,0.0,13.374,37,203.426,0.3571427295918823,0.0589895094088783,5.320206051805674,41382.137476,Car,VRU,0
850,10,11,85.43,2.9,0.0,0.0,6.641,37,97.036,0.3448274673008733,0.1082072621686048,4.58533475815398,9415.985296,VRU,Car,0
851,16,3,80.74,2.13,-0.56,0.0,2.031,38,24.187,0.4694833476604002,0.3927729609801562,3.2263279883932405,585.010969,VRU,Ped,1
852,18,14,2.62,2.1,0.0,0.0,10.201,40,153.298,0.4761902494332145,0.1043718763168999,5.038885797522311,23500.276804,VRU,VRU,0
853,14,16,0.78,2.93,0.0,0.0,13.765,36,209.603,0.3412968118440915,0.0715638608628509,5.349974844612661,43933.417609,Car,Car,0
854,14,16,5.16,2.7,0.0,0.0,8.094,38,120.001,0.3703702331962099,0.1249989573003645,4.795798810025401,14400.240001000002,Car,Car,0
855,6,10,77.46,2.57,-0.56,2.22,2.386,40,29.804,0.3891049069630712,0.2684203372560617,3.4276445516770035,888.2784159999999,Car,Car,0
856,15,13,1.66,2.77,1.67,0.0,5.152,38,73.507,0.3610106999961371,0.1904580490231127,4.310893080703118,5403.279049000001,Car,Car,0
857,13,6,4.46,3.0,0.0,-1.67,2.805,39,36.42,0.3333332222222592,0.2608456820196133,3.622205320845944,1326.4164,Car,Car,0
858,16,19,0.95,1.9,0.0,0.0,6.079,39,88.16,0.5263155124655198,0.1985027200714301,4.490432508517668,7772.1856,Car,VRU,0
859,14,16,9.08,2.0,0.0,0.0,8.809,40,131.296,0.499999750000125,0.1142456730270101,4.885041836347895,17238.639615999997,Car,VRU,0
860,17,20,1.67,1.43,0.0,0.0,5.918,39,85.608,0.6993002102795733,0.2161012964197119,4.461392190054622,7328.729664,VRU,Car,0
861,17,20,4.83,1.33,0.0,0.0,5.181,39,73.974,0.7518791339254632,0.2500878653298745,4.317141386766864,5472.152676000001,VRU,Car,0
862,17,20,6.79,1.33,0.0,0.0,4.954,41,70.375,0.7518791339254632,0.2628774385381536,4.267947667976174,4952.640625,VRU,Car,0
863,17,20,9.14,1.3,0.0,0.0,4.745,40,67.074,0.7692301775152481,0.2758147676325436,4.22059534877143,4498.921476,VRU,Car,0
864,17,20,5.61,1.33,0.0,0.0,5.095,42,72.61,0.7518791339254632,0.2547858386615365,4.298780886070615,5272.2121,VRU,Car,0
865,9,27,81.62,2.5,1.11,0.0,3.106,36,41.175,0.399999840000064,0.4371584593282706,3.741827628432032,1695.3806249999998,Car,VRU,0
866,10,16,73.85,2.07,1.11,0.0,3.13,37,41.552,0.4830915540620512,0.3128609859246009,3.750726857440017,1726.568704,Car,VRU,0
867,20,27,3.22,2.43,0.0,0.0,14.047,38,214.063,0.4115224643940475,0.109780764962741,5.370931008460548,45822.967969,VRU,VRU,0
868,3,22,85.83,1.6,0.0,1.11,2.155,38,26.159,0.6249996093752441,0.4778469942334571,3.3017084831614127,684.293281,Ped,VRU,1
869,3,25,86.61,1.17,0.56,-1.11,1.214,37,11.284,0.8547001241879282,1.2406946791302127,2.508297602578576,127.328656,Ped,VRU,1
870,10,13,48.76,2.13,0.0,0.0,4.518,40,63.487,0.4694833476604002,0.1811394430176344,4.166463653100121,4030.599169,Car,Car,0
871,17,7,84.22,2.9,0.0,0.56,1.949,38,22.904,0.3448274673008733,0.5239259289239465,3.1740458089504067,524.593216,VRU,Car,0
872,17,23,6.14,3.0,0.56,-0.56,11.055,38,166.792,0.3333332222222592,0.1199098270905689,5.122725117092049,27819.571264,VRU,VRU,0
873,10,4,53.89,2.23,0.0,0.0,9.47,33,141.739,0.4484302921837254,0.0493865481667956,4.96101778777367,20089.944121,Car,Ped,0
874,13,18,1.23,1.77,0.0,0.0,7.875,41,116.542,0.5649714322195298,0.1329992609273973,4.766795716523833,13582.037764,Car,VRU,0
875,23,4,72.52,2.63,0.56,0.0,3.305,36,44.322,0.3802279923087481,0.3045891362170223,3.813792565812733,1964.439684,VRU,Ped,0
876,7,23,0.59,2.33,0.0,0.0,12.283,35,186.186,0.4291843651569247,0.0805645962609186,5.232102774922069,34665.226596,Car,VRU,0
877,7,19,59.28,2.1,0.56,0.0,1.456,43,15.107,0.4761902494332145,0.8605281749832413,2.779253960108542,228.221449,Car,VRU,0
878,13,17,2.38,1.93,0.56,0.0,3.767,39,51.629,0.518134446562463,0.2905343839598988,3.963267298615157,2665.553641,Car,VRU,0
879,8,15,4.33,2.87,1.11,0.0,9.026,39,134.721,0.3484319343442737,0.0853615985231582,4.910601307999701,18149.747841,Car,VRU,0
880,16,19,78.51,2.2,2.78,0.0,13.104,48,199.157,0.4545452479339781,0.087870373183617,5.299102058596687,39663.510649,VRU,VRU,0
881,15,14,84.43,3.0,3.33,0.0,10.823,46,163.118,0.3333332222222592,0.0888927028967207,5.100585681294517,26607.481924,VRU,Car,0
882,15,19,2.36,2.93,0.0,0.0,15.473,39,236.594,0.3412968118440915,0.0718530475335255,5.470563334644387,55976.720836,VRU,VRU,0
883,9,7,10.21,2.1,0.0,-0.56,1.909,46,22.272,0.4761902494332145,0.3591953861711842,3.1472509211929003,496.041984,Car,VRU,1
884,7,9,3.43,2.97,-0.56,0.56,3.825,42,52.541,0.3367002233332581,0.1522620400779955,3.980447715541988,2760.556681,VRU,Car,0
885,8,12,0.39,2.03,0.0,0.56,3.937,43,54.31,0.492610594773106,0.1841281498043058,4.012953724006587,2949.5761,VRU,Car,0
886,7,8,10.74,2.0,-0.56,-0.56,5.661,41,81.551,0.499999750000125,0.0919669888540056,4.413416284163146,6650.565601,VRU,Car,0
887,8,5,3.2,2.8,0.0,0.0,2.3,45,28.439,0.3571427295918823,0.2285593646556009,3.3823203258924663,808.776721,VRU,Car,0
888,12,4,49.96,2.97,0.0,0.0,15.464,32,236.462,0.3367002233332581,0.0338320743551518,5.47000761067333,55914.27744399999,Car,Ped,0
889,14,13,18.66,1.27,0.0,0.0,2.871,35,37.473,0.7874009548023978,0.3602593771446274,3.6499566965674735,1404.225729,Car,VRU,0
890,4,6,55.32,2.67,0.0,-1.11,3.374,39,45.409,0.3745316949319494,0.1101103281263553,3.837493405940572,2061.977281,Ped,VRU,1
891,17,28,1.9,1.3,0.0,0.0,8.171,33,121.207,0.7692301775152481,0.1856328414560805,4.805716328239268,14691.136849,VRU,VRU,0
892,17,24,0.89,1.37,0.0,0.0,7.686,33,113.552,0.7299264745062229,0.1805340268728509,4.741028868371705,12894.056704000002,VRU,VRU,0
893,17,20,6.58,1.33,0.0,1.11,5.796,31,83.678,0.7518791339254632,0.2210855873576616,4.438855827659925,7002.007683999999,VRU,VRU,0
894,27,25,1.01,1.57,0.0,0.56,9.141,33,136.538,0.6369422694635226,0.1904231775005992,4.9239002425615945,18642.625444000005,Car,VRU,0
895,27,17,3.56,1.43,2.78,3.33,8.586,31,127.765,0.6993002102795733,0.1721911308089764,4.857989037612051,16323.895225,Car,VRU,0
896,15,4,75.91,2.93,0.0,0.0,13.313,31,202.47,0.3412968118440915,0.0469205312050154,5.315518573867812,40994.1009,VRU,Ped,0
897,19,6,88.57,1.03,0.56,1.11,0.5,34,0.0,0.9708728438127732,12500000.0,0.0,0.0,VRU,VRU,1
898,4,17,69.22,2.53,0.0,0.0,10.847,37,163.504,0.3952567607680787,0.0642186119959229,5.102934886019217,26733.558015999995,Ped,Car,0
899,15,13,2.89,2.23,0.0,0.0,3.383,43,45.562,0.4484302921837254,0.3072735984532374,3.840784757827089,2075.895844,Car,Car,0
900,15,13,3.21,2.17,0.0,0.0,3.609,44,49.135,0.4608292807238338,0.2849292706842521,3.9147193669758886,2414.248225,Car,Car,0
901,15,13,8.19,2.07,0.0,0.0,5.03,42,71.579,0.4830915540620512,0.1955880887468659,4.28467562378976,5123.553240999999,Car,Car,0
902,10,11,2.43,2.27,1.11,0.56,2.86,42,37.288,0.4405284402958412,0.2815919255097639,3.645136531166017,1390.3949439999997,Car,Car,0
903,8,17,86.92,2.73,0.56,1.11,6.458,44,94.143,0.366300232124457,0.1327767318571032,4.55538102298545,8862.904449,Car,VRU,0
904,13,16,74.35,1.97,0.0,0.0,2.978,44,39.151,0.5076139555259109,0.3703609008617685,3.692647346682856,1532.8008010000003,Car,VRU,0
905,8,8,86.42,2.57,0.0,-0.56,4.56,44,64.15,0.3891049069630712,0.1247077143459436,4.176692303570854,4115.222500000001,Car,VRU,0
906,12,9,31.24,2.37,0.0,0.0,3.49,42,47.254,0.4219407502359703,0.2222034066491005,3.876478725903255,2232.940516,Car,VRU,0
907,13,11,16.91,1.17,0.56,0.0,1.421,43,14.546,0.8547001241879282,0.8249690069456204,2.743803370808028,211.586116,Car,VRU,1
908,10,11,27.57,2.03,1.67,0.0,3.342,41,44.901,0.492610594773106,0.2338477932819359,3.826486903321552,2016.0998010000003,Car,VRU,0
909,7,3,0.71,2.23,1.11,0.56,8.175,34,121.273,0.4484302921837254,0.0412292922478268,4.806256249718353,14707.140528999998,Car,LCV,0
910,4,1,10.51,2.33,1.11,-5.0,9.024,35,134.695,0.4291843651569247,0.0185604512523816,4.9104097201782055,18142.743025,Car,LCV,0
911,15,10,1.11,2.4,-1.11,0.56,7.151,41,105.096,0.4166664930556278,0.1189388738016777,4.664344344626512,11045.169216,Car,LCV,0
912,16,9,1.49,2.4,-0.56,0.56,7.209,38,106.014,0.4166664930556278,0.1179089543087804,4.672959667024449,11238.968196,Car,LCV,0
913,15,10,1.01,2.43,-0.56,0.56,7.142,41,104.957,0.4115224643940475,0.1190963907209963,4.663033351432279,11015.971849,Car,LCV,0
914,17,11,1.02,2.43,0.56,0.56,7.068,40,103.778,0.4115224643940475,0.1349033500847641,4.651843826185763,10769.873284,Car,LCV,0
915,16,11,1.11,2.43,0.56,0.56,7.004,40,102.779,0.4115224643940475,0.1313497880758736,4.642263638125199,10563.522841,Car,LCV,0
916,17,13,0.13,2.53,0.0,0.56,7.251,40,106.678,0.3952567607680787,0.1406100588630265,4.679145292172664,11380.195684,Car,LCV,0
917,5,6,41.41,2.47,0.56,-0.56,0.646,39,2.312,0.4048581356849652,2.378891704631616,1.1975522365230131,5.345343999999999,VRU,VRU,1
918,5,11,81.44,2.33,0.0,0.0,1.433,43,14.749,0.4291843651569247,0.5424096181158303,2.756776871192444,217.533001,VRU,VRU,1
919,4,14,26.45,2.8,0.56,0.0,5.201,44,74.29,0.3571427295918823,0.1211468552813722,4.321347323862031,5519.004100000001,VRU,VRU,0
920,4,11,20.45,1.47,0.56,-1.11,1.107,45,9.593,0.6802716460737102,0.7818199956405718,2.360193405614359,92.025649,VRU,VRU,1
921,15,14,6.8,1.77,0.0,0.0,3.953,43,54.564,0.5649714322195298,0.2657429758495899,4.017535509535143,2977.230096,LCV,VRU,0
922,1,10,78.24,1.97,0.0,1.11,0.679,42,2.833,0.5076139555259109,1.9414041858792144,1.343647786398418,8.025889000000001,Ped,VRU,1
923,1,15,86.4,1.87,0.0,0.56,1.591,41,17.244,0.5347590723213517,0.4639294558148077,2.903836258849454,297.355536,Ped,VRU,0
924,1,10,81.66,2.87,0.0,0.56,0.844,40,5.444,0.3484319343442737,1.010286368426457,1.863149465314728,29.637136,Ped,LCV,0
925,9,9,6.48,1.57,0.0,-0.56,2.671,44,34.302,0.6369422694635226,0.2623753640494617,3.563939619558087,1176.627204,VRU,VRU,1
926,7,14,4.74,1.03,0.56,1.11,1.757,38,19.855,0.9708728438127732,0.5288340202047837,3.0375937276489084,394.221025,VRU,VRU,1
927,4,5,2.94,2.13,0.0,0.56,5.137,41,73.272,0.4694833476604002,0.061415000799555,4.307734030092027,5368.785984000001,Ped,VRU,1
928,14,13,7.08,1.43,0.56,0.56,2.258,40,27.777,0.6993002102795733,0.4860135908840554,3.359576456971055,771.561729,VRU,VRU,1
929,15,5,88.55,1.13,0.0,0.0,1.072,39,9.039,0.8849549690663993,1.106316948078665,2.3064775077093893,81.703521,VRU,Ped,1
930,11,6,83.9,2.1,0.56,0.56,3.448,42,46.587,0.4761902494332145,0.182454328837351,3.862559614692556,2170.348569,VRU,LCV,0
931,13,3,56.8,2.93,0.0,0.0,0.5,41,0.0,0.3412968118440915,8000000.0,0.0,0.0,Car,Ped,1
932,13,15,13.48,2.73,0.0,-0.56,8.205,42,121.758,0.366300232124457,0.1149821768180967,4.810214937667045,14825.010563999998,Car,VRU,0
933,14,4,30.82,2.87,0.56,0.56,0.541,41,0.644,0.3484319343442737,13.975133578985124,0.4971322966339881,0.414736,Car,Ped,0
934,13,10,6.33,2.83,0.0,-0.56,5.194,42,74.175,0.353356765598316,0.1550387575997471,4.319818728874592,5501.930625,Car,Car,0
935,11,10,37.0,2.93,0.0,0.56,4.04,43,55.931,0.3412968118440915,0.1877313084384096,4.041840008239952,3128.276761,Car,LCV,0
936,11,13,1.99,2.77,0.56,0.0,6.969,43,102.214,0.3610106999961371,0.1174007463028475,4.636804502761352,10447.701796,Car,LCV,0
937,12,10,2.48,2.23,0.0,0.0,6.892,43,100.997,0.4484302921837254,0.1089141250837735,4.624943401087031,10200.394009,Car,VRU,0
938,9,10,8.25,2.07,1.67,1.11,6.593,40,96.287,0.4830915540620512,0.0986633699392091,4.577665372865901,9271.186369,Car,VRU,0
939,12,13,0.52,2.93,0.0,0.0,11.505,38,173.904,0.3412968118440915,0.0718787372810358,5.164237251974587,30242.601216,Car,VRU,0
940,10,10,4.72,2.17,0.0,0.0,7.793,42,115.236,0.4608292807238338,0.0867784365408515,4.755622607107651,13279.335696,VRU,VRU,0
941,13,10,2.83,1.43,0.0,0.0,4.434,41,62.162,0.6993002102795733,0.1850004796338522,4.145702854497243,3864.114244,VRU,VRU,0
942,13,7,4.99,2.63,1.11,0.0,11.733,42,177.493,0.3802279923087481,0.0563402497206073,5.184549384764464,31503.765049,VRU,VRU,0
943,10,7,8.29,3.0,0.0,0.0,6.551,40,95.621,0.3333332222222592,0.0888926063428263,4.570796108896754,9143.375641,VRU,VRU,0
944,10,17,5.67,1.43,-1.67,-0.56,6.222,41,90.417,0.6993002102795733,0.1493082036640432,4.515431456788695,8175.233889,LCV,VRU,0
945,7,4,28.37,2.73,0.0,0.56,6.368,41,92.731,0.366300232124457,0.0593113407672586,4.540428977644189,8599.038360999999,VRU,Ped,0
946,19,7,25.81,2.7,0.0,0.0,2.301,44,28.461,0.3703702331962099,0.4567653822154744,3.383067354789685,810.028521,VRU,Car,1
947,7,15,25.44,2.83,0.0,1.11,3.594,49,48.898,0.353356765598316,0.2249580713943705,3.909980921793921,2391.0144040000005,Car,VRU,0
948,14,14,54.01,1.27,0.56,1.11,2.498,46,31.57,0.7874009548023978,0.4434589659974987,3.4833916192881422,996.6649,VRU,VRU,1
949,12,12,88.6,2.1,-3.33,0.0,7.028,47,103.161,0.4761902494332145,0.1163230279240892,4.645937779028613,10642.191921,VRU,VRU,0
950,18,3,89.13,2.17,0.0,0.0,2.237,42,27.442,0.4608292807238338,0.3826251591492909,3.3478669259505045,753.063364,VRU,Ped,0
951,12,11,39.96,1.57,0.56,0.56,4.169,42,57.983,0.6369422694635226,0.198333991026094,4.077249266793463,3362.028289,VRU,VRU,0
952,5,15,59.95,2.5,-0.56,0.0,9.367,40,140.115,0.399999840000064,0.0713699456063237,4.949575160791792,19632.213225000003,Ped,VRU,0
953,21,16,1.62,2.9,0.0,0.0,12.995,40,197.448,0.3448274673008733,0.0936955548109094,5.290527101072974,38985.712704000005,VRU,VRU,0
954,5,14,32.82,2.03,0.0,1.11,1.543,40,16.48,0.492610594773106,0.5764562757004686,2.8610573702273894,271.5904,Ped,VRU,1
955,5,14,33.29,2.67,0.0,0.0,3.85,37,52.938,0.3745316949319494,0.179455208367237,3.987835238789093,2802.431844,Ped,VRU,0
956,9,14,1.49,2.67,0.0,0.0,6.142,38,89.16,0.3745316949319494,0.1289816046547599,4.501585869731521,7949.505599999999,Car,LCV,0
957,7,10,30.08,2.5,0.0,0.0,6.108,38,88.608,0.399999840000064,0.0959281318173513,4.495444601709439,7851.377664000001,Car,LCV,0
958,9,12,2.79,1.93,0.0,0.0,4.834,38,68.481,0.518134446562463,0.1533271980063492,4.241053333900304,4689.647360999999,Car,VRU,0
959,14,10,9.1,2.53,0.0,0.0,2.279,44,28.107,0.3952567607680787,0.4269398930181132,3.3709786950781546,790.0034489999999,LCV,VRU,0
960,12,12,66.81,2.73,1.11,0.0,4.039,38,55.916,0.366300232124457,0.2146076218862647,4.041576496683445,3126.599056,LCV,VRU,0
961,17,26,2.25,2.83,0.56,0.0,16.444,38,251.936,0.353356765598316,0.0853391334095201,5.533136492299746,63471.748096,VRU,VRU,0
962,9,14,3.44,1.53,0.0,-0.56,2.712,45,34.946,0.6535943440559843,0.3290791412728455,3.582017812329843,1221.222916,LCV,VRU,0
963,9,14,3.46,1.53,0.0,-0.56,2.712,45,34.946,0.6535943440559843,0.3290791412728455,3.582017812329843,1221.222916,LCV,VRU,0
964,11,11,0.93,2.93,0.0,0.0,10.815,41,162.994,0.3412968118440915,0.0674871463520918,5.099829841789084,26567.044036,Car,Car,0
965,11,11,1.27,3.0,0.0,0.0,7.54,44,111.24,0.3333332222222592,0.0988852921711138,4.720639435794205,12374.3376,Car,Car,0
966,8,4,25.92,1.87,-1.11,0.0,1.889,39,21.953,0.5347590723213517,0.2733111523112489,3.1334486469178247,481.934209,VRU,Ped,1
967,8,2,71.68,2.8,0.0,0.0,2.18,41,26.551,0.3571427295918823,0.1883168171324312,3.316038832580833,704.9556009999999,Car,Ped,0
968,11,11,2.35,2.67,0.0,0.0,9.543,46,142.892,0.3745316949319494,0.0769812160444166,4.969063018185296,20418.123664,Car,Car,0
969,8,12,15.88,2.5,0.56,1.67,3.269,44,43.758,0.399999840000064,0.2285296350717666,3.801270199692963,1914.7625640000003,Car,VRU,0
970,9,15,27.84,1.97,0.0,1.11,3.299,50,44.232,0.5076139555259109,0.2712967925642794,3.811804800951234,1956.469824,Car,VRU,0
971,11,13,7.26,2.37,0.0,0.0,10.912,42,164.521,0.4219407502359703,0.0729390164602755,5.109098074985012,27067.159441,Car,VRU,0
972,7,10,1.97,2.5,1.67,1.67,8.142,42,120.758,0.399999840000064,0.0703887107240206,4.802035468222886,14582.494564,Car,VRU,0
973,0,8,65.11,2.73,-1.11,-1.11,1.012,46,8.09,0.366300232124457,0.4944375161387496,2.2071749081893874,65.4481,Ped,VRU,1
974,4,8,51.87,1.8,-0.56,-1.11,1.012,45,8.09,0.5555552469137517,0.7416562742081244,2.2071749081893874,65.4481,Ped,VRU,1
975,6,13,75.72,1.47,-0.56,0.56,1.208,48,11.188,0.6802716460737102,0.8491239855984997,2.5004518611234627,125.17134400000002,Ped,VRU,1
976,12,22,81.11,1.93,1.67,0.0,4.244,43,59.158,0.518134446562463,0.2873660318576349,4.096974434408117,3499.668964,Ped,VRU,0
977,5,15,11.21,1.2,0.0,0.56,1.905,49,22.202,0.8333326388894676,0.4504098526975113,3.144238481853215,492.92880400000007,Car,VRU,1
978,6,27,8.62,1.3,-0.56,0.0,4.31,46,60.21,0.7692301775152481,0.2740408524490806,4.114310574862978,3625.2441,VRU,VRU,1
979,13,23,5.62,1.8,1.11,-0.56,4.205,45,58.544,0.5555552469137517,0.3074610496812475,4.08671553505761,3427.399936,Car,VRU,0
980,16,22,2.89,1.13,0.0,0.0,7.699,44,113.752,0.8849549690663993,0.1670300287728565,4.742773277982668,12939.517504,Car,VRU,0
981,2,10,87.49,3.0,0.0,-0.56,1.953,42,22.96,0.3333332222222592,0.261324030430138,3.1763857732472487,527.1616,Ped,VRU,0
982,2,13,76.19,1.53,0.0,0.0,3.565,39,48.438,0.6535943440559843,0.1548371081622464,3.900719359256754,2346.239844,Ped,VRU,1
983,12,23,15.6,1.73,0.56,0.0,2.479,48,31.276,0.5780343479570244,0.5595344494329694,3.47432391998626,978.188176,VRU,VRU,1
984,8,17,0.59,1.8,1.11,1.67,7.043,45,103.392,0.5555552469137517,0.120899101275736,4.648153044159946,10689.905664,Car,VRU,0
985,10,2,6.01,1.6,0.0,0.0,7.823,50,115.71,0.6249996093752441,0.0518537719138037,4.759692225424263,13388.8041,Car,VRU,0
986,23,16,15.55,2.47,0.0,0.0,10.609,44,159.733,0.4048581356849652,0.1220787180978337,5.079744603248524,25514.631289,VRU,VRU,0
987,7,11,81.59,2.37,1.11,-5.0,0.5,39,0.0,0.4219407502359703,9000000.0,0.0,0.0,Car,VRU,1
988,9,4,12.04,2.43,0.56,-0.56,1.334,47,13.178,0.4115224643940475,0.49324628219409,2.651691467432826,173.65968400000003,VRU,Ped,1
989,6,10,36.3,2.17,0.0,0.56,1.64,35,18.017,0.4608292807238338,0.4440250627726556,2.945333315970139,324.612289,Ped,VRU,1
990,16,13,26.93,1.8,0.56,0.56,3.318,40,44.524,0.5555552469137517,0.3256670486553982,3.818239659419644,1982.386576,Car,VRU,1
991,17,18,0.38,2.13,0.0,0.0,13.272,41,201.825,0.4694833476604002,0.0867087819313326,5.312343538281128,40733.330625,Car,Car,0
992,17,18,0.44,2.13,0.0,0.0,13.321,42,202.585,0.4694833476604002,0.0863834929220648,5.316083608091981,41040.682225,Car,Car,0
993,17,18,0.45,2.13,0.0,0.0,13.338,41,202.854,0.4694833476604002,0.086268941769603,5.317404051344026,41149.74531600001,Car,Car,0
994,17,18,2.62,2.43,0.0,1.11,12.684,41,192.532,0.4115224643940475,0.0908939807881599,5.265442873473955,37068.571024,Car,Car,0
995,15,12,19.5,2.5,0.0,0.0,6.806,42,99.641,0.399999840000064,0.1354863948024769,4.61155972930976,9928.328881,VRU,Car,0
996,14,20,50.94,2.57,0.56,-1.11,15.155,44,231.572,0.3891049069630712,0.0734112929308755,5.4491998545066105,53625.591184,VRU,VRU,0
997,13,17,12.67,2.07,0.0,0.56,4.151,40,57.692,0.4830915540620512,0.2600013821673476,4.072303431345221,3328.366864,Car,VRU,0
998,11,14,12.66,2.13,0.0,-0.56,4.416,40,61.872,0.4694833476604002,0.2020299941487265,4.141100913563874,3828.144384,VRU,VRU,1
999,8,18,11.04,1.63,-0.56,0.0,3.358,35,45.168,0.6134965561370822,0.2878143754911801,3.832286917408665,2040.148224,VRU,VRU,1
1000,11,18,1.73,1.57,0.56,0.0,3.849,41,52.923,0.6369422694635226,0.2739829511935651,3.987557103038512,2800.843929,VRU,VRU,0
1001,13,12,1.5,2.57,0.0,0.0,9.855,37,147.824,0.3891049069630712,0.0845600167458598,5.002764399715686,21851.934976000004,LCV,LCV,0
1002,13,12,5.0,2.43,0.0,0.0,5.972,37,86.46,0.4115224643940475,0.1445755245827489,4.471181545984774,7475.331599999999,LCV,LCV,0
1003,13,11,0.75,3.0,0.0,0.0,4.383,36,61.351,0.3333332222222592,0.1955958306205957,4.132779710489812,3763.945201,LCV,LCV,0
1004,13,12,0.79,2.77,0.0,0.0,11.653,35,176.229,0.3610106999961371,0.0709304366992354,5.1774426816655295,31056.660441000004,LCV,LCV,0
1005,12,3,5.21,2.7,0.0,1.11,6.376,35,92.848,0.3703702331962099,0.0807771833450674,4.541676452203419,8620.751103999999,LCV,LCV,0
1006,10,11,3.63,2.93,0.0,0.0,5.191,36,74.12,0.3412968118440915,0.1416621675436836,4.319086834900007,5493.7744,LCV,Car,0
1007,10,13,37.01,3.0,0.0,1.11,7.963,35,117.934,0.3333332222222592,0.0975121669958437,4.778568717403201,13908.428356,LCV,VRU,0
1008,9,11,43.49,1.97,1.11,0.56,0.953,37,7.155,0.5076139555259109,1.397623843798205,2.0986312360729773,51.194025,Car,VRU,1
1009,8,17,13.94,2.77,0.56,0.0,3.195,39,42.585,0.3610106999961371,0.2935305789942332,3.774713054463539,1813.482225,Car,VRU,1
1010,9,4,1.41,2.83,0.0,-0.56,1.007,40,8.007,0.353356765598316,0.8117895826414909,2.198002052801605,64.112049,Car,Ped,0
1011,7,7,8.59,2.0,0.0,0.56,2.699,39,34.753,0.499999750000125,0.2014214542220397,3.576634181703175,1207.771009,Car,Ped,0
1012,9,16,0.36,1.8,0.0,0.0,7.749,41,114.547,0.5555552469137517,0.1091255108459801,4.749677373596678,13121.015209,Car,VRU,0
1013,9,16,0.38,1.8,0.0,0.0,7.802,41,115.388,0.5555552469137517,0.1083301547099338,4.756929437199406,13314.390544000002,Car,VRU,0
1014,9,16,0.29,1.8,0.0,0.0,7.499,39,110.591,0.5555552469137517,0.1130290881443418,4.714840401533924,12230.369281,Car,VRU,0
1015,9,16,1.86,2.4,0.0,0.0,7.881,41,116.63,0.4166664930556278,0.1071765402797175,4.76754410497235,13602.5569,Car,VRU,0
1016,9,10,49.18,2.1,0.0,0.56,3.76,42,51.521,0.4761902494332145,0.1843908273443678,3.961213089618905,2654.413441,Car,VRU,0
1017,9,5,61.48,1.6,0.56,0.56,3.626,40,49.393,0.6249996093752441,0.1417204838394006,3.9198522765424793,2439.668449,Car,Ped,1
1018,18,21,3.24,2.47,0.0,0.0,15.177,40,231.928,0.4048581356849652,0.0840778168911135,5.450729392935847,53790.597184,Car,VRU,0
1019,7,11,1.82,1.97,0.0,0.0,1.891,39,21.974,0.5076139555259109,0.4095749335771851,3.1343631417232123,482.856676,Ped,Car,0
1020,7,11,6.94,2.13,0.0,1.67,3.802,38,52.177,0.4694833476604002,0.1724897910479753,3.973625972038615,2722.439329,Ped,Car,0
1021,7,18,83.27,2.6,0.56,0.56,2.784,40,36.088,0.3846152366864473,0.3463755168927201,3.613293467157341,1302.343744,Car,Car,1
1022,11,19,4.64,2.63,0.0,0.0,16.266,44,249.13,0.3802279923087481,0.0602095289198028,5.521980782709098,62065.7569,Car,VRU,0
1023,16,17,0.04,2.47,0.0,0.0,9.525,40,142.614,0.4048581356849652,0.1156969153400303,4.967129144898198,20338.752996000003,Car,LCV,0
1024,16,15,3.46,2.27,0.0,1.11,5.195,45,74.186,0.4405284402958412,0.208934297455931,4.319965043411203,5503.562596000001,Car,LCV,0
1025,16,13,29.5,1.43,0.0,0.0,5.116,45,72.945,0.6993002102795733,0.198779899941327,4.3033215736187325,5320.973024999999,VRU,VRU,0
1026,17,13,0.44,2.73,0.0,0.0,12.292,39,186.336,0.366300232124457,0.0804997419688104,5.232903795999712,34721.104896000004,LCV,Car,0
1027,17,13,2.63,2.57,0.0,0.0,11.689,42,176.81,0.3891049069630712,0.0848368300161934,5.180715564467857,31261.7761,LCV,Car,0
1028,17,13,2.02,2.4,0.0,0.0,9.619,40,144.089,0.4166664930556278,0.1041023249234686,4.977347347230081,20761.639921,LCV,Car,0
1029,17,13,2.25,2.37,0.0,0.0,9.475,40,141.812,0.4219407502359703,0.1057738406779832,4.961529079988304,20110.643344000004,LCV,Car,0
1030,13,16,6.47,1.63,0.0,0.0,7.228,42,106.31,0.6134965561370822,0.1363935647032869,4.675721841939036,11301.8161,Car,VRU,0
1031,9,5,2.96,2.87,0.0,0.0,6.049,41,87.683,0.3484319343442737,0.0798330339993723,4.48506821367523,7688.308489000001,LCV,Ped,0
1032,9,0,63.28,2.37,0.0,0.0,8.376,41,124.45,0.4219407502359703,0.0361590997496255,4.831907272812432,15487.802500000002,VRU,Ped,0
1033,5,10,82.18,2.63,0.0,0.0,5.422,45,77.779,0.3802279923087481,0.0964270549065036,4.366646463885146,6049.572840999999,Ped,VRU,0
1034,16,3,0.7,2.73,-0.56,0.56,7.224,42,106.246,0.366300232124457,0.08941513008099,4.675125261075316,11288.212516,Car,LCV,0
1035,16,2,14.26,2.73,-0.56,0.56,6.917,43,101.392,0.366300232124457,0.0887643986826929,4.62880858455349,10280.337664,Car,LCV,0
1036,7,14,11.39,2.33,0.0,0.0,4.335,41,60.598,0.4291843651569247,0.1732730424556414,4.120629402479925,3672.117604,LCV,VRU,0
1037,4,5,37.58,2.63,0.0,0.0,1.832,43,21.042,0.3802279923087481,0.213857988125749,3.09294972426935,442.7657640000001,Car,Ped,0
1038,14,4,0.43,1.9,0.0,0.56,3.226,42,43.076,0.5263155124655198,0.2089330437149911,3.78591541662553,1855.541776,Car,Car,0
1039,15,2,1.4,1.87,0.0,0.56,3.305,43,44.32,0.5347590723213517,0.1917869992827843,3.8137484361598055,1964.2624,Car,Car,0
1040,10,9,36.06,2.2,0.0,0.0,2.889,43,37.743,0.4545452479339781,0.2517022957448455,3.6569500943197633,1424.534049,Car,VRU,0
1041,19,16,4.4,2.87,0.0,0.0,14.126,46,215.318,0.3484319343442737,0.081275136861409,5.376749547249728,46361.841124000006,VRU,VRU,0
1042,11,8,19.4,1.97,1.11,1.11,0.86,43,5.692,0.5076139555259109,1.669008842408847,1.9009127831245776,32.398864,Car,VRU,1
1043,12,13,1.92,2.67,0.0,-0.56,8.807,47,131.262,0.3745316949319494,0.095229387825651,4.88478480386211,17229.712644,VRU,VRU,0
1044,12,10,0.22,2.77,0.0,0.0,7.71,46,113.928,0.3610106999961371,0.0965522075648461,4.744305845332446,12979.589184,VRU,VRU,0
1045,12,13,2.97,2.63,0.0,0.0,9.427,47,141.056,0.3802279923087481,0.0886172861231192,4.956221346056534,19896.795136000004,VRU,VRU,0
1046,12,10,0.31,2.77,0.0,0.0,7.718,47,114.062,0.3610106999961371,0.0964387780642214,4.745471113519433,13010.139844,VRU,VRU,0
1047,11,10,5.02,2.5,0.0,0.0,7.227,43,106.304,0.399999840000064,0.0987733283905278,4.675665927599789,11300.540416,VRU,VRU,0
1048,12,11,0.72,2.87,0.0,0.56,8.138,46,120.698,0.3484319343442737,0.0952791256252868,4.801542566004706,14568.007203999998,VRU,VRU,0
1049,12,10,0.19,2.77,0.56,0.0,7.701,47,113.782,0.3610106999961371,0.0966760990606941,4.743034677166848,12946.343524,VRU,VRU,0
1050,12,12,7.36,1.57,0.0,0.56,4.762,48,67.354,0.6369422694635226,0.1781631354015628,4.224700083769227,4536.561316,VRU,VRU,0
1051,7,7,6.06,2.83,0.56,0.0,2.768,44,35.836,0.353356765598316,0.1953342952524195,3.60647562785912,1284.218896,VRU,Car,0
1052,2,2,6.95,2.6,0.0,0.56,6.831,44,100.043,0.3846152366864473,0.0199914034965824,4.615546168812862,10008.601849,VRU,Car,0
1053,12,10,7.57,1.2,0.0,0.0,2.902,44,37.962,0.8333326388894676,0.2897634400251978,3.6625868121590126,1441.1134440000003,Car,VRU,1
1054,12,14,2.42,1.3,0.0,0.0,3.816,42,52.401,0.7692301775152481,0.2480868638368187,3.977829472382569,2745.864801,Car,VRU,0
1055,12,14,3.42,1.37,0.0,0.0,3.929,42,54.19,0.7299264745062229,0.2398966554733963,4.01078177745141,2936.5561,Car,VRU,0
1056,4,9,3.63,2.67,0.0,0.0,3.318,48,44.522,0.3745316949319494,0.1459952350299799,3.8181957255839927,1982.208484,Car,Car,0
1057,6,3,49.02,2.3,-0.56,0.0,0.5,46,0.0,0.4347824196598175,4500000.0,0.0,0.0,Car,Ped,1
1058,7,11,16.21,2.67,0.56,-1.11,10.444,44,157.139,0.3745316949319494,0.057274132727877,5.063474393111974,24692.665321000004,VRU,VRU,1
1059,8,11,27.72,2.4,0.56,-0.56,8.354,41,124.1,0.4166664930556278,0.0765511677957198,4.829113417472866,15400.81,VRU,VRU,1
1060,12,10,4.94,2.47,0.0,0.0,6.762,47,98.952,0.4048581356849652,0.1111650081740135,4.604690070751214,9791.498304,VRU,VRU,0
1061,6,11,3.42,2.63,0.0,0.0,3.347,39,48.107,0.3802279923087481,0.1766894593990592,3.894001590830327,2314.283449,Car,LCV,0
1062,11,13,18.91,2.43,-1.11,-0.56,4.626,39,69.712,0.4115224643940475,0.1721367889009526,4.258615289758647,4859.762944,Car,Car,0
1063,8,9,27.54,2.13,-0.56,1.11,1.679,40,19.926,0.4694833476604002,0.4265783184493467,3.0409924049588555,397.045476,Car,VRU,1
1064,20,19,1.23,2.63,0.0,0.0,17.497,41,287.19,0.3802279923087481,0.0678992998784801,5.663619984837126,82478.0961,Car,VRU,0
1065,13,1,33.84,1.13,0.0,0.0,1.968,40,24.8,0.8849549690663993,0.2822580531347559,3.250374491927572,615.0400000000001,Car,Ped,1
1066,12,2,31.68,1.73,0.0,-1.11,1.262,38,12.868,0.5780343479570244,0.5439850369921482,2.629584027822777,165.58542400000002,Car,Ped,1
1067,11,14,0.07,1.67,0.0,0.0,5.207,43,79.525,0.5988020366454871,0.157183273722939,4.388567695217263,6324.225625000001,Car,VRU,0
1068,11,14,0.06,1.7,0.0,0.0,5.2,40,79.413,0.5882349480970894,0.157404956903719,4.387175854656541,6306.424569,Car,VRU,0
1069,11,14,0.03,1.7,0.0,0.0,5.263,40,80.477,0.5882349480970894,0.1553238794273658,4.400320771829523,6476.547529,Car,VRU,0
1070,11,14,1.16,1.7,0.0,0.0,4.95,43,75.186,0.5882349480970894,0.1662543536528828,4.333177718778601,5652.934596000001,Car,VRU,0
1071,11,14,0.06,1.7,0.0,0.0,5.2,40,79.413,0.5882349480970894,0.157404956903719,4.387175854656541,6306.424569,Car,VRU,0
1072,11,14,3.37,1.7,0.0,0.0,4.222,41,62.896,0.5882349480970894,0.1987407752680492,4.157256761615088,3955.906816,Car,VRU,0
1073,11,14,2.15,1.7,0.0,0.0,4.513,43,67.808,0.5882349480970894,0.1843440274843082,4.231320017249178,4597.9248640000005,Car,VRU,0
1074,14,7,3.7,2.53,0.0,0.0,7.807,41,123.471,0.3952567607680787,0.0850402111828671,4.824072757045046,15245.087841,VRU,Car,0
1075,5,9,40.2,2.33,0.0,1.11,1.591,45,18.432,0.4291843651569247,0.3797742849514819,2.9669211916998712,339.738624,VRU,VRU,1
1076,6,6,87.14,2.53,-0.56,0.56,1.946,46,24.436,0.3952567607680787,0.2455393580970961,3.2361654934051614,597.118096,VRU,Ped,1
1077,5,13,15.81,1.9,-0.56,0.56,1.581,46,18.266,0.5263155124655198,0.4927186853871299,2.958341884335432,333.6467559999999,VRU,VRU,1
1078,11,7,28.81,2.53,0.0,-0.56,5.936,48,91.848,0.3952567607680787,0.0979879790742533,4.5309637474482525,8436.055104,VRU,VRU,1
1079,11,4,17.71,2.7,0.0,0.0,2.517,45,34.078,0.3703702331962099,0.2200833317658509,3.5575741533359464,1161.3100840000002,VRU,Ped,1
1080,5,15,61.11,2.63,0.0,1.11,1.602,44,18.621,0.3802279923087481,0.5370280577290125,2.9766004212379644,346.741641,Ped,Car,0
1081,6,13,34.61,2.83,0.56,0.0,5.998,50,92.893,0.353356765598316,0.1022681999475934,4.542155836044581,8629.109449,Car,VRU,1
1082,11,10,20.31,2.07,0.0,0.0,3.176,44,45.207,0.4830915540620512,0.2322649095877871,3.8331313017619473,2043.672849,VRU,Car,0
1083,11,13,4.22,1.9,0.0,0.0,2.447,44,32.905,0.5263155124655198,0.3646862068170124,3.5235624961358054,1082.739025,Car,VRU,1
1084,12,14,3.91,2.23,0.0,-0.56,7.416,45,116.856,0.4484302921837254,0.1112480308135822,4.769463540262655,13655.324736,VRU,VRU,0
1085,5,3,35.08,2.67,0.0,0.0,6.164,44,95.696,0.3745316949319494,0.0417990298257081,4.571572036557156,9157.724416,Car,Ped,1
1086,10,3,59.04,2.23,0.56,0.0,7.262,45,114.261,0.4484302921837254,0.0568873013811597,4.74719912200767,13055.576120999998,Car,Ped,0
1087,12,17,12.04,2.67,0.0,0.56,13.995,44,228.015,0.3745316949319494,0.0635923072447325,5.433787503592471,51990.84022499999,Car,VRU,0
1088,12,12,1.97,1.6,0.0,0.0,2.225,47,29.145,0.6249996093752441,0.4117344171647137,3.406019071941369,849.431025,VRU,Car,1
1089,12,12,3.78,2.9,0.0,0.0,5.361,45,82.134,0.3448274673008733,0.1461027084264408,4.420453763791863,6745.993956,Car,VRU,0
1090,10,7,52.29,1.47,0.56,0.0,0.5,43,0.0,0.6802716460737102,8500000.0,0.0,0.0,Car,VRU,1
1091,4,11,38.83,2.3,0.0,1.11,10.847,47,174.833,0.4347824196598175,0.0428980796365784,5.169534680945718,30566.577889,Ped,VRU,1
1092,7,6,4.21,2.5,0.0,0.0,7.723,47,122.036,0.399999840000064,0.0532629711457031,4.812476995475954,14892.785296,Car,Car,0
1093,12,11,2.12,2.53,1.11,1.11,7.496,46,118.203,0.3952567607680787,0.0972902540773901,4.780827922099781,13971.949209,Car,Car,0
1094,4,11,66.01,1.67,-0.56,1.67,1.651,36,19.441,0.5988020366454871,0.3857826045068358,3.01754268781784,377.952481,Car,VRU,1
1095,7,7,39.16,2.2,1.11,0.0,1.173,39,11.365,0.4545452479339781,0.615926034674348,2.5148699009733795,129.163225,Car,VRU,1
1096,7,9,67.18,2.8,1.11,1.67,1.274,42,13.08,0.3571427295918823,0.6116207483470376,2.644755350729896,171.0864,Car,VRU,1
1097,7,17,29.05,2.8,0.56,1.67,2.678,50,36.792,0.3571427295918823,0.3261578515395235,3.632097440014952,1353.651264,Car,VRU,1
1098,13,6,8.61,2.43,0.0,0.56,3.325,49,47.734,0.4115224643940475,0.1990195625964813,3.886376938444561,2278.534756,Car,Ped,0
1099,9,1,24.68,1.77,0.0,-2.22,2.986,49,42.003,0.5649714322195298,0.1190391134195387,3.761269880701788,1764.252009,Car,Ped,0
1100,8,6,11.36,2.37,-1.11,0.0,1.551,47,17.758,0.4219407502359703,0.3941885125471048,2.9316203280867468,315.34656399999994,Car,VRU,1
1101,18,14,3.1,2.47,0.0,0.0,10.636,44,171.257,0.4048581356849652,0.0934268374815228,5.148987547674719,29328.960049,VRU,VRU,0
1102,18,14,3.93,2.4,0.0,0.0,10.017,46,160.808,0.4166664930556278,0.0994975368172134,5.086410447159815,25859.212864,VRU,VRU,0
1103,11,10,13.74,2.37,0.56,0.0,4.069,40,60.307,0.4219407502359703,0.174109138671976,4.11589402891862,3636.934249,VRU,LCV,0
1104,10,8,0.62,2.87,0.0,0.0,5.257,38,80.379,0.3484319343442737,0.1119695428909349,4.399117254466588,6460.783641000001,Car,LCV,0
1105,5,8,24.37,1.3,0.0,0.56,0.5,44,0.0,0.7692301775152481,6500000.0,0.0,0.0,Ped,VRU,1
1106,9,7,57.32,1.17,1.11,-2.22,0.773,38,4.607,0.8547001241879282,1.7364875761911056,1.7240158171415354,21.224449000000003,VRU,VRU,1
1107,9,18,63.32,1.87,0.0,1.11,2.944,38,41.298,0.5347590723213517,0.3268923355394369,3.744739803610558,1705.524804,LCV,VRU,0
1108,16,13,9.35,1.6,0.0,0.0,3.795,41,55.679,0.6249996093752441,0.2604213390969425,4.0374037717592905,3100.151041,LCV,VRU,0
1109,11,11,6.09,1.77,1.11,0.56,1.414,40,15.437,0.5649714322195298,0.7125736404370253,2.799534891224388,238.300969,LCV,VRU,1
1110,17,13,4.95,2.97,-0.56,0.0,7.201,38,113.217,0.3367002233332581,0.1324889360035247,4.738100147789349,12818.089089,VRU,VRU,0
1111,16,10,4.07,1.5,1.11,1.67,7.354,43,115.812,0.6666662222225186,0.1122508884031802,4.7605658048427895,13412.419344,VRU,VRU,0
1112,13,6,7.43,1.4,0.0,-3.33,5.944,44,91.993,0.7142852040819971,0.1032687258457847,4.532524221503212,8462.712049,VRU,VRU,0
1113,8,16,0.31,2.97,0.56,0.0,11.597,42,187.497,0.3367002233332581,0.06400102367504,5.239082091642056,35155.125009,VRU,VRU,0
1114,7,16,1.01,2.93,0.0,0.0,11.671,42,188.754,0.3412968118440915,0.0609258608510237,5.2457284964224575,35628.07251599999,VRU,VRU,0
1115,6,17,1.25,2.43,0.56,0.0,9.887,39,158.605,0.4115224643940475,0.0725071714478914,5.072702012845789,25155.546025,VRU,VRU,0
1116,9,10,58.39,2.57,0.0,-0.56,7.947,41,125.828,0.3891049069630712,0.0754998881369815,4.84283183781521,15832.685584,VRU,VRU,0
1117,14,14,0.27,2.23,0.0,0.0,9.283,39,148.411,0.4484302921837254,0.0943326296950183,5.006700897833032,22025.824921,Car,Car,0
1118,14,14,0.95,1.8,0.0,0.0,5.039,34,76.7,0.5555552469137517,0.1825293326919252,4.3528552573736015,5882.89,Car,Car,0
1119,14,14,1.64,1.83,0.0,0.0,4.472,36,67.121,0.5464477888263449,0.2085785341610146,4.22128553566325,4505.228641,Car,Car,0
1120,11,13,2.3,2.87,-0.56,0.56,5.561,35,85.507,0.3484319343442737,0.1403393857773119,4.460225335519086,7311.447049000001,Car,Car,0
1121,7,7,74.36,1.8,0.56,0.56,1.507,39,17.01,0.5555552469137517,0.4115226095518747,2.8909271591878647,289.34010000000006,Ped,Car,1
1122,4,8,56.33,3.0,0.0,0.56,5.45,38,83.637,0.3333332222222592,0.0717385837399884,4.438371523247423,6995.147769,Ped,VRU,0
1123,12,12,2.57,3.0,0.56,1.11,7.613,39,120.177,0.3333332222222592,0.0998527164111875,4.797252286649906,14442.511329,Car,VRU,0
1124,14,22,9.5,2.83,0.0,2.22,10.756,36,173.291,0.353356765598316,0.1038715218685822,5.160726316080961,30029.770681,Car,VRU,0
1125,13,9,29.87,2.5,0.0,-0.56,3.522,37,51.053,0.399999840000064,0.2154623584223775,3.952262430287644,2606.408809,VRU,VRU,1
1126,5,8,2.33,1.0,0.0,0.0,1.594,48,15.387,0.999999000001,0.4224344951950026,2.796488337564087,236.759769,Ped,VRU,1
1127,5,8,3.19,1.0,0.0,0.0,1.266,50,10.77,0.999999000001,0.6035282633678494,2.465553921272185,115.9929,Ped,VRU,1
1128,7,4,88.43,0.63,0.56,0.0,0.619,41,1.676,1.5872990677792571,3.281620953686782,0.984323142265982,2.808976,VRU,Ped,1
1129,15,17,1.83,1.0,0.0,0.0,2.836,44,32.85,0.999999000001,0.4870623900437629,3.521938999358284,1079.1225000000002,Car,VRU,1
1130,14,11,3.45,1.0,0.0,0.0,2.658,49,30.353,0.999999000001,0.4118208937561066,3.4453099562804765,921.304609,VRU,VRU,1
1131,12,16,0.45,0.93,0.0,0.0,2.201,48,23.921,1.075267661002515,0.5852597890865855,3.215710821525044,572.214241,Car,VRU,1
1132,12,16,1.04,0.93,0.0,0.0,2.102,48,22.538,1.075267661002515,0.6211731022640383,3.1586161364554703,507.961444,Car,VRU,1
1133,12,16,0.9,0.97,0.0,0.0,2.048,48,21.779,1.030926772240441,0.642821036649018,3.1258390588992064,474.324841,Car,VRU,1
1134,15,4,35.79,1.0,-1.11,0.0,1.649,42,16.16,0.999999000001,0.5878712507505414,2.8425810940598164,261.1456,VRU,Ped,1
1135,13,11,59.85,1.0,1.11,0.0,3.178,47,37.668,0.999999000001,0.3185727854260172,3.655012384602359,1418.878224,VRU,VRU,1
1136,14,15,0.35,0.9,-0.56,-1.11,2.012,46,21.268,1.1111098765445817,0.6817754052202649,3.103150670321261,452.327824,VRU,VRU,1
1137,2,9,16.43,0.93,0.56,0.0,0.909,43,5.757,1.075267661002515,0.9553585278168268,1.9105790045700373,33.143049,Ped,VRU,1
1138,15,17,0.86,1.0,0.0,0.0,3.068,35,36.116,0.999999000001,0.4430169331316609,3.614048143490933,1304.365456,VRU,VRU,0
1139,15,20,1.7,0.9,0.0,0.0,4.187,42,51.854,1.1111098765445817,0.3374860119279899,3.9675333953557135,2688.837316,VRU,VRU,0
1140,11,14,8.23,0.87,0.0,0.56,2.557,43,28.938,1.1494239661793493,0.4319579642007753,3.399128576493044,837.407844,VRU,VRU,1
1141,11,10,7.05,0.87,0.56,1.67,1.675,43,16.529,1.1494239661793493,0.635247102955587,2.86385665224041,273.207841,VRU,VRU,1
1142,18,14,11.05,0.67,0.0,0.0,1.12,43,8.723,1.4925350857685284,1.8342311321527995,2.2744942128275203,76.09072900000001,VRU,VRU,1
1143,26,28,1.57,0.6,0.0,0.0,4.994,39,63.207,1.6666638888935186,0.4271678702174147,4.162112239020025,3995.124849,VRU,VRU,1
1144,26,28,1.79,0.6,0.0,0.0,4.777,38,60.161,1.6666638888935186,0.4487957239940207,4.113509731483112,3619.345921,VRU,VRU,1
1145,26,28,2.22,0.57,0.0,0.0,4.461,39,55.711,1.7543828870475666,0.4846439574833703,4.037968195444792,3103.715521,VRU,VRU,1
1146,8,13,86.05,1.0,1.11,-0.56,1.025,39,7.383,0.999999000001,1.422185910580264,2.12620584565572,54.508689,VRU,VRU,1
1147,17,15,5.33,0.87,0.56,0.0,2.43,46,30.497,1.1494239661793493,0.5246417508396973,3.449892303200914,930.067009,VRU,VRU,1
1148,11,0,81.97,0.97,0.0,0.0,1.778,38,20.199,1.030926772240441,0.2722906939803606,3.0539540107541154,407.999601,VRU,Ped,1
1149,9,8,5.44,0.7,1.67,1.11,1.981,43,23.4,1.4285693877580177,0.3632478477244509,3.194583132299156,547.56,VRU,VRU,1
1150,19,24,5.18,0.53,0.0,0.0,2.626,41,33.595,1.8867888928511451,0.6399761678828347,3.5437091629507744,1128.6240249999998,VRU,VRU,1
1151,20,3,68.59,0.93,0.0,0.0,0.837,36,5.327,1.075267661002515,2.158813185880761,1.8448261901647471,28.376929,VRU,Ped,1
1152,5,17,87.74,0.93,0.0,0.56,0.5,43,0.0,1.075267661002515,11000000.0,0.0,0.0,Ped,VRU,1
1153,13,15,46.32,0.97,0.0,-2.22,3.928,41,54.161,1.030926772240441,0.2584885755711937,4.010256181839814,2933.4139210000003,VRU,VRU,1
1154,19,16,15.12,0.83,0.0,-1.11,0.901,39,6.341,1.204817825520692,2.7598166283209857,1.9934750731286444,40.208281,VRU,VRU,1
1155,16,15,4.08,0.83,-1.67,-1.11,0.919,39,6.625,1.204817825520692,2.3396222883589,2.031432322493475,43.890625,VRU,VRU,1
1156,19,18,10.95,0.83,1.11,0.56,1.335,41,13.194,1.204817825520692,1.402152387285707,2.6528193401027917,174.08163600000003,VRU,VRU,1
1157,17,22,3.06,0.93,1.67,1.67,2.585,36,32.951,1.075267661002515,0.5917877881767537,3.5249183086519142,1085.768401,VRU,VRU,1
1158,10,12,2.23,0.93,0.0,-0.56,1.746,43,19.688,1.075267661002515,0.558715940739743,3.0295538220295017,387.617344,VRU,VRU,1
1159,10,12,5.58,1.0,0.56,2.22,2.348,43,29.198,0.999999000001,0.3767381198459442,3.407775697022278,852.5232040000001,VRU,VRU,1
1160,18,3,76.31,0.93,-0.56,0.0,0.534,41,0.53,1.075267661002515,19.811283374937027,0.4252677354043441,0.2809,VRU,Ped,1
1161,10,6,60.92,0.87,0.0,-0.56,3.042,43,40.166,1.1494239661793493,0.1991734253056459,3.717612672936809,1613.3075559999995,VRU,Ped,1
1162,9,15,5.94,0.93,0.0,0.0,3.672,47,50.126,1.075267661002515,0.2393967154890333,3.934293174073874,2512.615876,LCV,VRU,1
1163,11,17,10.28,0.87,0.0,0.0,2.669,41,34.267,1.1494239661793493,0.4085563250778788,3.5629476825072626,1174.2272890000002,VRU,VRU,1
1164,13,14,2.61,0.83,0.0,0.0,3.126,47,41.496,1.204817825520692,0.3253325543345731,3.7494099538539687,1721.918016,VRU,VRU,1
1165,7,11,32.25,0.97,0.56,0.0,1.149,42,10.973,1.030926772240441,0.8201949494035405,2.4826541147347068,120.406729,Ped,VRU,1
1166,10,9,87.7,2.07,0.56,0.0,2.648,21,46.673,0.4830915540620512,0.2035438004082917,3.864365199898609,2178.368929,Car,Car,1
1167,9,13,83.98,2.47,0.56,2.22,3.082,21,56.115,0.4048581356849652,0.1960260145054617,4.045066779185911,3148.8932250000003,Car,Car,0
1168,10,16,0.19,2.17,0.0,0.0,11.375,23,236.314,0.4608292807238338,0.0550115521932194,5.469384158751608,55844.306596,Car,Car,0
1169,10,16,0.29,2.2,0.0,0.0,11.309,24,234.885,0.4545452479339781,0.055346233027455,5.46334439812657,55170.96322499999,Car,Car,0
1170,10,16,0.27,2.17,0.0,0.0,10.679,21,221.202,0.4608292807238338,0.0587698119421623,5.403586878065112,48930.324804,Car,Car,0
1171,10,16,3.69,2.07,0.0,0.0,8.747,21,179.205,0.4830915540620512,0.0725426183837358,5.194095091737134,32114.43202500001,Car,Car,0
1172,10,4,66.94,1.73,0.0,0.0,1.105,21,13.146,0.5780343479570244,0.5324813226470925,2.6494318986137984,172.81731600000003,Car,Ped,0
1173,14,16,0.72,2.2,0.0,0.0,9.804,20,202.185,0.4545452479339781,0.074189479564807,5.31411689408194,40878.774225,Car,Car,0
1174,14,16,1.96,1.83,0.0,0.0,6.772,20,136.29,0.5464477888263449,0.1100594312857918,4.922095476909513,18574.9641,Car,Car,0
1175,14,2,44.74,2.37,0.56,0.0,1.148,21,14.082,0.4219407502359703,0.5681010816573582,2.713501979780456,198.302724,Car,Ped,1
1176,13,15,39.28,3.0,0.56,0.56,5.021,22,98.245,0.3333332222222592,0.1425008891801019,4.597591540464541,9652.080025,Car,Car,0
1177,8,10,11.83,2.47,0.0,0.0,1.721,16,26.525,0.4048581356849652,0.3393025319772844,3.3150946826087435,703.575625,Car,Car,1
1178,8,3,79.3,1.93,0.0,0.0,0.876,21,8.162,0.518134446562463,0.6738543648793967,2.21506449546455,66.61824400000002,Car,Ped,1
1179,6,4,67.5,2.8,0.0,0.0,2.983,20,53.958,0.3571427295918823,0.0926646633925523,4.0065692571500655,2911.465764,Car,Ped,0
1180,6,9,87.68,2.73,0.0,0.0,3.407,20,63.162,0.366300232124457,0.1187422798717222,4.161411135142246,3989.438244,Car,Car,0
1181,6,13,80.42,2.1,0.0,0.0,3.791,21,71.512,0.4761902494332145,0.1328448353724572,4.283752065405541,5113.966144,Car,Car,0
1182,6,12,13.05,2.93,0.0,0.56,4.403,26,84.819,0.3412968118440915,0.1061082999551008,4.452240427199988,7194.262761000001,Car,Car,0
1183,6,15,2.78,1.23,0.0,0.0,1.681,27,25.654,0.8130074690996186,0.4092928818393668,3.2829392331575358,658.127716,Car,VRU,1
1184,6,13,22.45,1.53,1.11,0.56,1.472,28,21.132,0.6535943440559843,0.4495551557091067,3.0970245250358635,446.561424,Car,VRU,1
1185,9,15,1.87,2.5,0.56,2.22,2.835,25,50.733,0.399999840000064,0.2365324298477829,3.9460958757612814,2573.837289,Car,Car,0
1186,4,20,46.32,2.23,0.0,2.22,2.076,20,34.242,0.4484302921837254,0.3504468094606972,3.5622385531465386,1172.5145639999998,Ped,Car,0
1187,2,10,86.24,2.5,0.0,0.0,1.013,20,11.141,0.399999840000064,0.5385512486714614,2.496588154561838,124.121881,Ped,Car,1
1188,4,7,1.97,2.4,0.56,0.56,6.233,22,124.592,0.4166664930556278,0.0441440859433664,4.833038557738016,15523.166464,Car,Car,0
1189,3,15,66.47,1.77,0.0,0.0,0.836,25,7.307,0.5649714322195298,1.231695465759482,2.1170985328569345,53.39224900000001,Ped,Car,1
1190,15,1,89.93,2.4,0.0,0.0,5.962,24,118.701,0.4166664930556278,0.0673962302980073,4.784996966747912,14089.927401,Car,Ped,0
1191,3,16,47.92,1.6,0.0,0.0,4.319,22,82.985,0.6249996093752441,0.114478518834988,4.430638211468966,6886.510225,Ped,Car,1
1192,3,15,67.8,2.6,0.0,0.56,1.238,14,16.033,0.3846152366864473,0.5613421966355518,2.8351526388784403,257.057089,Ped,Car,0
1193,13,3,84.94,1.83,0.0,0.0,1.34,22,18.249,0.5464477888263449,0.4383801611934812,2.9574591113324984,333.02600099999995,Car,Ped,0
1194,12,4,71.29,2.07,0.0,0.0,1.886,20,30.117,0.4830915540620512,0.26563069808976,3.437754293635036,907.033689,Car,Ped,0
1195,11,18,1.47,2.9,0.0,0.0,7.957,19,162.056,0.3448274673008733,0.0894752425737075,5.094093700086338,26262.147136000003,Car,VRU,0
1196,3,18,85.13,1.23,0.0,0.0,0.604,20,2.269,0.8130074690996186,4.627587206880913,1.1844841277420737,5.148361,Ped,VRU,1
1197,3,3,83.8,1.73,0.0,0.56,0.759,23,5.618,0.5780343479570244,0.5339977689573212,1.8897932094994203,31.561924000000005,Ped,Car,1
1198,4,12,82.72,1.03,0.0,0.56,0.511,22,0.24,0.9708728438127732,33.333194445023146,0.2151113796169455,0.0576,Ped,Car,1
1199,4,20,81.54,2.1,0.0,0.0,8.06,21,164.277,0.4761902494332145,0.0730473525018879,5.10762285419014,26986.932729,Ped,Car,0
1200,7,13,89.24,2.43,0.0,0.56,3.604,23,67.442,0.4115224643940475,0.1482755530933906,4.225986671273816,4548.423363999999,Car,Car,1
1201,19,15,1.24,2.93,0.0,0.0,10.908,20,226.173,0.3412968118440915,0.0751637017894987,5.425711841757029,51154.225929,Car,LCV,0
1202,15,11,3.5,2.47,0.0,0.56,8.166,22,166.578,0.4048581356849652,0.0780415176191242,5.121448914515522,27748.230084000003,LCV,Car,0
1203,13,17,1.65,2.4,0.0,-0.56,5.83,23,115.829,0.4166664930556278,0.1295012464106463,4.760711327247077,13416.357240999998,Car,Car,0
1204,11,4,56.14,3.0,0.56,0.0,1.673,14,25.49,0.3333332222222592,0.2942330210187124,3.2767673032839784,649.7400999999999,Car,Ped,0
1205,15,2,88.42,2.9,1.11,0.0,1.481,17,21.319,0.3448274673008733,0.3987053614754274,3.105438333642048,454.499761,Car,Ped,0
1206,20,4,77.2,1.63,0.0,0.0,0.652,13,3.309,0.6134965561370822,3.626472158817721,1.460705858633701,10.949481,Car,Ped,1
1207,6,11,82.55,2.37,0.0,0.0,6.386,28,127.907,0.4219407502359703,0.0664545328523495,4.859091214133947,16360.200649,Car,Car,0
1208,2,5,58.31,1.6,0.0,0.0,0.944,13,9.649,0.6249996093752441,0.3627318517222664,2.3654659910332465,93.10320099999998,Ped,VRU,1
1209,10,9,59.36,2.27,0.0,0.0,4.049,15,77.131,0.4405284402958412,0.1231670777875681,4.358386905107596,5949.191161,Car,VRU,0
1210,12,5,51.79,2.33,0.56,0.56,4.598,17,89.057,0.4291843651569247,0.0954444895354156,4.500442803192682,7931.149249,Car,Ped,1
1211,6,4,60.05,1.23,0.56,0.0,0.637,13,2.978,0.8130074690996186,1.6789786168641312,1.3807791804317806,8.868484,VRU,Ped,1
1212,5,18,46.54,2.8,0.56,0.0,2.507,13,43.623,0.3571427295918823,0.2636223949837839,3.798249421168279,1902.966129,Ped,Car,0
1213,22,19,6.86,2.83,0.56,0.56,8.6,16,176.019,0.353356765598316,0.1164646991718808,5.176257071445575,30982.688361,Car,Car,0
1214,19,5,53.46,2.2,0.56,0.0,1.837,14,29.061,0.4545452479339781,0.412924523831784,3.4032286505712346,844.541721,Car,Ped,0
1215,2,8,8.67,2.43,0.56,1.67,6.058,16,120.777,0.4115224643940475,0.0413986103198571,4.802191503290032,14587.083729,LCV,Car,0
1216,4,12,3.03,2.4,0.0,0.0,7.097,12,143.359,0.4166664930556278,0.0558039602968494,4.972303252623967,20551.802881000003,LCV,Car,0
1217,4,7,89.18,1.03,0.0,1.11,0.922,23,9.177,0.9708728438127732,0.599324332644183,2.3201302722097945,84.21732899999999,Ped,VRU,1
1218,2,16,20.35,2.07,0.0,0.0,4.819,20,93.855,0.4830915540620512,0.0958925992659677,4.552349409804509,8808.761025000002,Car,Car,0
1219,11,23,87.77,2.7,0.0,0.0,14.817,26,311.125,0.3703702331962099,0.0546404176628672,5.743403748599937,96798.765625,Car,Car,0
1220,2,18,81.97,1.87,0.0,0.0,0.843,26,7.448,0.5347590723213517,1.3426421398171131,2.1339297269639057,55.47270400000001,Ped,Car,0
1221,4,0,40.35,2.9,0.56,0.0,1.293,19,16.347,0.3448274673008733,0.122346600455949,2.853419580779272,267.22440900000004,Car,Ped,0
1222,9,19,88.68,2.77,1.11,-0.56,3.776,21,67.529,0.3610106999961371,0.207318334236871,4.227257013341842,4560.165840999999,Car,VRU,0
1223,9,18,64.18,2.43,0.0,0.0,5.986,17,113.092,0.4115224643940475,0.1193718378013313,4.737005140474788,12789.800464,Car,Car,0
1224,9,9,1.89,2.53,0.0,0.0,7.473,19,143.75,0.3952567607680787,0.0626086952166351,4.975008116453105,20664.0625,Car,Car,0
1225,9,9,3.13,3.0,0.0,0.0,5.943,19,112.218,0.3333332222222592,0.080201036552059,4.729315163728944,12592.879524,Car,Car,0
1226,9,9,2.83,2.93,0.0,0.0,6.251,19,118.569,0.3412968118440915,0.0759051685018413,4.783893610594684,14058.607761,Car,Car,0
1227,9,9,3.04,2.93,0.0,0.0,6.159,19,116.67,0.3412968118440915,0.0771406524630097,4.7678840964758376,13611.8889,Car,Car,0
1228,16,4,80.35,1.6,1.11,0.0,1.04,17,11.125,0.6249996093752441,0.8988763236965103,2.495269436823547,123.765625,Car,Ped,1
1229,17,5,89.82,3.0,0.0,0.0,15.296,16,305.025,0.3333332222222592,0.0360626176999832,5.7236667979615765,93040.250625,Car,Ped,0
1230,14,12,78.42,2.7,0.56,0.56,4.675,16,86.071,0.3703702331962099,0.1510380947004438,4.466723877786631,7408.217041,Car,Car,0
1231,16,13,46.81,2.57,0.0,0.56,3.922,21,70.549,0.3891049069630712,0.2055309046828317,4.2703825296644,4977.161401000001,Car,Car,0
1232,12,12,13.74,2.63,0.56,0.0,5.722,15,107.663,0.3802279923087481,0.1114589031379498,4.6882513497980245,11591.321569,Car,Car,0
1233,6,5,40.59,2.97,0.0,1.11,1.229,38,15.022,0.3367002233332581,0.3661296521016075,2.7739627777929248,225.660484,Car,Car,0
1234,6,11,6.7,2.73,0.0,0.0,6.194,38,117.387,0.366300232124457,0.0724100618261812,4.773958919124444,13779.707769,Car,Car,0
1235,6,11,3.32,3.0,0.0,0.0,7.518,34,144.671,0.3333332222222592,0.058754000050086,4.981350654268762,20929.698241,Car,Car,0
1236,6,3,87.06,1.8,0.0,0.0,0.5,38,0.0,0.5555552469137517,4500000.0,0.0,0.0,Car,Ped,1
1237,6,3,72.8,2.3,0.0,0.0,1.361,39,17.749,0.4347824196598175,0.2535353961611699,2.9311404176608136,315.027001,Car,Ped,0
1238,15,12,2.75,2.63,0.0,0.0,13.571,16,269.457,0.3802279923087481,0.0501007580055416,5.600113120770429,72607.074849,Car,Car,0
1239,15,12,3.4,2.67,0.0,0.0,12.413,15,245.585,0.3745316949319494,0.0549707838224208,5.507706761629583,60311.992225,Car,Car,0
1240,8,4,58.3,2.73,2.22,0.0,0.572,17,1.479,0.366300232124457,4.0567923889165725,0.9078552530530536,2.187441,Car,Ped,1
1241,8,5,46.26,2.53,-0.56,0.0,2.22,15,35.449,0.3952567607680787,0.1833620078602497,3.595914023236076,1256.6316009999998,Car,Ped,1
1242,9,5,60.58,2.97,0.0,0.0,7.639,11,147.18,0.3367002233332581,0.0475608095695012,4.998427750988511,21661.9524,Car,Ped,0
1243,7,5,74.75,2.27,1.67,0.0,2.358,26,38.31,0.4405284402958412,0.1566170671726163,3.671478939433769,1467.6561000000002,Car,Ped,0
1244,8,11,81.52,2.97,0.0,0.56,3.997,18,72.091,0.3367002233332581,0.1317778900032196,4.291705240160916,5197.112280999999,Car,Car,0
1245,8,3,84.91,1.47,0.0,0.0,1.19,20,14.226,0.6802716460737102,0.3866160279336406,2.7230044928840207,202.37907600000003,Car,Ped,1
1246,12,3,82.59,2.47,0.0,0.0,2.151,15,34.042,0.4048581356849652,0.2203160736644124,3.556547342064896,1158.857764,Car,Ped,0
1247,8,19,0.34,1.43,0.0,0.0,3.655,13,65.043,0.6993002102795733,0.2075549988845071,4.190306045034083,4230.591849000001,Car,Car,0
1248,8,19,1.41,1.43,0.0,0.0,3.459,15,60.994,0.6993002102795733,0.2213332422642679,4.127037606168619,3720.268036,Car,Car,0
1249,8,19,0.81,1.43,0.0,0.0,3.57,15,63.298,0.6993002102795733,0.2132768774167133,4.1635285265607616,4006.636804,Car,Car,0
1250,3,19,1.63,1.63,0.0,0.0,5.551,18,104.133,0.6134965561370822,0.1056341399399408,4.655226215278757,10843.681689,Car,Car,0
1251,10,5,37.51,2.7,0.0,0.0,2.55,25,42.252,0.3703702331962099,0.1775063860289125,3.76704347508329,1785.2315040000003,Car,Car,0
1252,9,11,27.94,1.4,1.11,2.22,1.268,25,15.841,0.7142852040819971,0.6312732383515411,2.823816389473917,250.937281,Car,VRU,1
1253,10,11,0.62,2.07,0.0,0.0,6.268,17,118.913,0.4830915540620512,0.088299848727222,4.786766479842451,14140.301569,Car,Car,0
1254,10,11,1.26,2.07,0.0,0.0,5.36,18,100.198,0.4830915540620512,0.1047925097827051,4.617078993812227,10039.639204,Car,Car,0
1255,8,4,57.24,2.33,1.11,0.0,1.882,21,28.483,0.4291843651569247,0.2106519604447579,3.383813826051275,811.281289,Car,Ped,0
1256,19,5,83.04,2.03,0.0,0.0,9.402,14,183.518,0.492610594773106,0.0653886808629743,5.21774701969743,33678.856324,Car,Ped,0
1257,19,23,7.1,2.0,-0.56,0.0,6.078,14,114.99,0.499999750000125,0.1826245744619134,4.753503980493785,13222.700099999998,Car,VRU,0
1258,23,16,6.67,2.67,0.0,0.0,13.057,15,258.864,0.3745316949319494,0.0753291300631639,5.560158417239992,67010.57049599999,VRU,Car,0
1259,21,12,89.61,1.5,-0.56,1.11,4.091,13,74.037,0.6666662222225186,0.2228615391917346,4.317981325220762,5481.477369000001,VRU,Car,1
1260,2,12,75.24,1.67,0.56,1.11,0.5,16,0.0,0.5988020366454871,7000000.0,0.0,0.0,Ped,Car,1
1261,3,10,31.86,2.97,0.0,1.67,1.447,17,19.528,0.3367002233332581,0.3328553700913882,3.0217898078732803,381.342784,Ped,Car,0
1262,1,20,77.06,2.0,0.0,0.0,1.845,17,27.736,0.499999750000125,0.3785693546809433,3.358150692119789,769.285696,Ped,VRU,0
1263,16,3,86.58,2.87,0.0,0.0,2.037,21,31.682,0.3484319343442737,0.2998547976814975,3.4868244676295923,1003.749124,Car,Ped,0
1264,16,5,86.28,2.93,0.0,0.0,3.292,21,57.56,0.3412968118440915,0.1824183429044763,4.0700518696530565,3313.1536,Car,Ped,0
1265,2,22,83.89,2.13,0.0,0.0,1.986,10,30.643,0.4694833476604002,0.391606553157114,3.454516955092372,938.993449,Ped,Car,0
1266,20,3,86.07,1.53,0.0,0.0,0.971,17,9.717,0.6535943440559843,1.1834927257906014,2.37183126573086,94.420089,Car,Ped,1
1267,17,24,3.78,2.4,0.0,0.56,2.97,11,50.917,0.4166664930556278,0.4026160142464007,3.949646289524588,2592.5408890000003,Car,Car,0
1268,17,23,4.19,2.57,0.0,0.0,4.773,12,88.097,0.3891049069630712,0.227022484000335,4.4897256638762455,7761.0814089999985,Car,Car,0
1269,17,23,1.83,2.47,0.0,1.67,12.968,18,257.029,0.4048581356849652,0.0778122310019016,5.553071981705638,66063.906841,Car,Car,0
1270,14,21,58.17,1.7,1.67,0.0,2.374,11,38.632,0.5882349480970894,0.4529923262323378,3.679636872747004,1492.431424,Car,Car,1
1271,17,21,1.67,3.0,1.67,2.22,17.98,16,360.369,0.3333332222222592,0.0527237358021257,5.889899596947204,129865.81616100002,Car,Car,0
1272,21,17,1.55,2.17,0.0,0.0,9.738,10,190.452,0.4608292807238338,0.0997626693352515,5.254637124460538,36271.964304,Car,Car,0
1273,3,5,76.17,1.8,0.0,1.11,1.154,22,13.475,0.5555552469137517,0.2968459891023385,2.672423023459059,181.575625,Ped,VRU,1
1274,24,5,60.77,2.2,0.0,0.0,1.792,11,26.634,0.4545452479339781,0.5444168902749534,3.3190468986344777,709.369956,Car,Ped,0
1275,4,14,89.17,2.03,0.0,2.22,3.643,13,64.793,0.492610594773106,0.1389038917953499,4.186513449693478,4198.1328490000005,Ped,Car,0
1276,14,20,12.98,2.1,0.0,0.56,4.877,16,90.229,0.4761902494332145,0.1884094893170766,4.51337282899072,8141.272441,Car,Car,1
1277,9,14,75.43,2.37,1.11,0.56,5.432,18,101.682,0.4219407502359703,0.1130976956285508,4.6316368338031175,10339.229124,Car,Car,0
1278,1,8,86.79,2.2,0.56,-1.11,0.639,16,2.864,0.4545452479339781,1.571228501666026,1.3517029163502716,8.202496,Ped,Car,1
1279,14,21,8.75,2.73,-2.22,0.0,9.293,15,181.276,0.366300232124457,0.0965378754135248,5.205522021893327,32860.988176000006,Car,Car,0
1280,9,11,20.99,2.97,0.0,0.0,6.016,15,113.722,0.3367002233332581,0.0879337323654725,4.742511810451087,12932.693284,Car,Car,0
1281,9,2,60.82,2.83,0.0,0.0,2.465,19,40.51,0.353356765598316,0.1357689425877822,3.725934362064947,1641.0601,Car,Ped,0
1282,3,17,74.28,1.4,0.0,0.0,0.5,17,0.0,0.7142852040819971,10000000.0,0.0,0.0,Ped,Car,1
1283,3,13,79.58,2.33,0.0,0.56,4.81,16,88.85,0.4291843651569247,0.0900393912207159,4.498141613229568,7894.322499999999,Ped,Car,1
1284,13,1,78.6,2.1,0.0,0.0,0.812,21,6.424,0.4761902494332145,1.0896635912727908,2.0047179954839,41.267776000000005,Car,Ped,0
1285,15,16,4.26,2.37,0.0,0.0,7.589,24,146.15,0.4219407502359703,0.1060554217854572,4.991452474679482,21359.8225,Car,VRU,0
1286,0,6,74.65,1.37,0.0,0.0,0.9,21,8.239,0.7299264745062229,0.3641218152540581,2.223433654688608,67.88112100000001,Ped,VRU,1
1287,12,7,56.11,2.07,1.67,0.0,2.665,14,44.63,0.4830915540620512,0.2128612992861012,3.8205653949393112,1991.8369,Car,Car,0
1288,10,4,28.47,2.97,0.56,0.0,1.981,15,30.537,0.3367002233332581,0.2292301067809507,3.451161459699603,932.508369,Car,Ped,0
1289,9,4,65.61,2.57,1.11,0.0,1.987,17,30.662,0.3891049069630712,0.211988773987712,3.4551172236515857,940.158244,Car,Ped,1
1290,12,16,2.03,2.27,0.0,0.0,14.294,19,284.364,0.4405284402958412,0.0492326734423743,5.653765558333946,80862.88449599998,Car,VRU,0
1291,12,3,53.34,2.83,0.0,0.0,1.458,21,19.745,0.353356765598316,0.3798429789899731,3.0323052537848314,389.86502500000006,Car,Ped,0
1292,12,4,76.27,2.63,0.0,0.0,16.64,18,332.732,0.3802279923087481,0.0240433741748813,5.810338275675775,110710.58382400002,Car,Ped,0
1293,4,20,86.82,1.43,1.11,0.0,1.012,18,10.56,0.6993002102795733,1.1363635287534537,2.4475508632442318,111.5136,Ped,VRU,1
1294,12,4,20.09,2.97,0.0,0.0,1.789,20,26.576,0.3367002233332581,0.3010234685045353,3.316945829214564,706.283776,Car,Ped,0
1295,7,3,71.76,2.13,0.56,0.0,1.498,21,20.566,0.4694833476604002,0.2431197003248225,3.0711180004598804,422.96035599999993,Car,Ped,0
1296,4,2,73.33,2.1,0.0,0.0,10.651,19,209.276,0.4761902494332145,0.014335136306432,5.348420953514283,43796.444176000005,Ped,Car,0
1297,7,4,86.35,1.33,0.56,0.0,0.755,20,5.262,0.7518791339254632,1.0452297519517766,1.8344996229042136,27.688644,Car,Ped,1
1298,7,11,16.39,2.93,0.56,1.11,2.631,18,43.935,0.3412968118440915,0.2048480663514722,3.805217001110337,1930.284225,Car,Car,0
1299,9,20,54.75,2.83,1.67,0.0,2.009,19,31.102,0.353356765598316,0.4662079459131906,3.4689183334910263,967.334404,Car,VRU,0
1300,16,17,6.06,2.77,0.0,-0.56,4.922,18,91.152,0.3610106999961371,0.18101632239538,4.523439387624205,8308.687104,Car,Car,0
1301,15,16,2.85,1.93,0.0,0.0,9.888,18,193.545,0.518134446562463,0.0800847344024142,5.270663498766199,37459.667025,Car,Car,0
1302,16,16,6.79,1.9,0.0,0.0,10.212,18,200.21,0.5263155124655198,0.0799160877083258,5.304349138779756,40084.04410000001,Car,Car,0
1303,6,10,2.0,2.77,0.56,0.0,2.303,18,37.177,0.3610106999961371,0.2151868032604351,3.642233240040165,1382.129329,Car,Car,0
1304,18,20,1.76,1.37,0.0,0.0,2.021,17,31.365,0.7299264745062229,0.6057707442763991,3.477077591997473,983.763225,Car,VRU,1
1305,3,18,76.09,1.57,0.0,0.0,1.168,18,13.777,0.6369422694635226,0.7621397428946983,2.693071917921497,189.805729,Ped,Car,1
1306,4,19,38.17,2.87,0.0,1.11,1.295,19,16.395,0.3484319343442737,0.7014333210470679,2.856182808603905,268.796025,Ped,Car,0
1307,24,21,0.23,1.67,0.0,0.0,8.601,19,167.007,0.5988020366454871,0.1347248909643015,5.124005645201894,27891.338049,Car,VRU,0
1308,16,13,1.27,2.47,0.0,0.0,9.557,20,186.712,0.4048581356849652,0.0776597107970579,5.234908873354986,34861.370943999995,Car,Car,0
1309,16,13,1.53,2.4,0.0,0.0,9.284,20,181.078,0.4166664930556278,0.0800759889104364,5.204435166694863,32789.242084,Car,Car,0
1310,5,12,17.14,2.63,0.0,0.0,5.85,19,110.285,0.3802279923087481,0.0770730373389578,4.712094478309599,12162.781225,Car,Car,0
1311,16,4,85.75,2.93,0.0,0.0,14.753,20,293.824,0.3412968118440915,0.0340339794093267,5.686378568127663,86332.54297600001,Car,Ped,0
1312,4,13,64.02,2.33,0.0,0.0,1.542,16,21.479,0.4291843651569247,0.3957353510063154,3.112581540050283,461.347441,Ped,Car,0
1313,4,18,77.44,2.37,0.0,0.0,1.985,18,30.606,0.4219407502359703,0.359406640547388,3.453346975986912,936.727236,Ped,Car,0
1314,18,3,57.15,2.6,0.56,0.0,13.588,19,269.82,0.3846152366864473,0.0389148319660705,5.601454393554678,72802.8324,Car,Ped,0
1315,12,3,79.25,2.7,0.0,0.0,1.635,21,23.408,0.3703702331962099,0.3204032672418289,3.1949109474143684,547.934464,Car,Ped,0
1316,12,4,56.16,1.77,0.0,0.0,0.97,13,9.682,0.5649714322195298,0.8262754775588228,2.3685600819175785,93.741124,Car,Ped,1
1317,12,2,75.38,2.63,0.56,0.0,3.154,19,54.717,0.3802279923087481,0.1279309880305757,4.020285306830416,2993.950089,Car,Ped,0
1318,5,12,53.01,2.97,0.0,0.0,15.264,10,304.372,0.3367002233332581,0.0279263531864745,5.721530705542747,92642.314384,Ped,Car,0
1319,15,2,75.68,1.77,2.22,0.0,0.769,17,5.544,0.5649714322195298,1.5331887566398348,1.8785485993004456,30.735935999999995,VRU,Ped,1
1320,4,24,77.89,2.43,0.0,0.0,0.86,18,7.424,0.4115224643940475,1.8857756080582424,2.1310847748316744,55.115776,Ped,Car,0
1321,13,13,30.27,2.97,0.0,0.56,7.575,12,145.857,0.3367002233332581,0.0891283922668888,4.989459324196679,21274.264449,Car,Car,0
1322,13,4,57.49,2.33,0.0,0.0,1.913,13,29.132,0.4291843651569247,0.2917753572780668,3.4055877299634485,848.6734240000001,Car,Ped,0
1323,5,22,52.17,2.5,0.0,0.0,1.063,14,11.614,0.399999840000064,1.1623901186163148,2.53480730824146,134.88499600000003,Ped,Car,0
1324,13,11,4.91,2.3,-0.56,0.56,3.472,18,61.261,0.4347824196598175,0.1958831851278434,4.131335226561314,3752.910121,Car,VRU,0
1325,4,9,63.88,2.6,0.0,0.0,1.544,18,21.515,0.3846152366864473,0.3021147895833237,3.114181753753535,462.895225,Ped,Car,0
1326,19,5,65.68,1.63,0.0,0.0,0.59,20,1.858,0.6134965561370822,6.458554112726527,1.0501220795076758,3.452164,Car,Ped,0
1327,14,4,4.49,2.27,0.56,1.11,9.525,17,186.06,0.4405284402958412,0.0483714928067747,5.231429421006405,34618.3236,VRU,VRU,0
1328,15,9,15.24,2.9,0.0,0.0,9.594,20,187.486,0.3448274673008733,0.0640047786821161,5.239023733572842,35151.00019599999,VRU,VRU,0
1329,6,3,66.32,2.67,0.0,-0.56,1.393,13,18.41,0.3745316949319494,0.2444323604327886,2.9657883971809187,338.92810000000003,Car,Ped,0
1330,6,3,50.79,2.53,0.56,0.0,0.937,14,9.012,0.3952567607680787,0.4993341656309181,2.303784373569528,81.21614400000001,Car,Ped,0
1331,6,7,19.6,2.87,0.0,1.11,3.019,13,51.924,0.3484319343442737,0.1251829572994577,3.968856922180165,2696.101776,Car,Car,0
1332,6,2,78.46,2.87,0.0,0.0,7.483,15,143.95,0.3484319343442737,0.0277874259966139,4.976388855367665,20721.6025,Car,Ped,1
1333,6,14,40.66,2.33,0.0,0.0,2.948,13,50.474,0.4291843651569247,0.1981218013606649,3.9410768258188833,2547.6246759999995,Car,Car,1
1334,3,12,78.16,2.8,0.0,1.11,11.086,15,218.245,0.3571427295918823,0.0343650482972574,5.39018982597515,47630.880025,Ped,Car,0
1335,2,17,48.77,2.97,0.0,1.11,1.1,13,12.366,0.3367002233332581,0.7682354222678779,2.5927141690888784,152.917956,Ped,Car,1
1336,4,21,42.81,2.9,0.0,0.56,2.01,18,31.133,0.3448274673008733,0.4015032151895668,3.4698835394506022,969.263689,Ped,Car,0
1337,4,16,89.42,1.57,0.0,0.0,1.482,14,20.241,0.6369422694635226,0.4940467124130867,3.055933276244748,409.698081,Ped,Car,0
1338,4,5,87.06,2.23,0.0,0.56,2.224,13,35.541,0.4484302921837254,0.12661432917998,3.59843491784413,1263.1626809999998,Ped,Car,0
1339,15,6,83.75,1.63,-1.11,0.56,0.688,10,3.878,0.6134965561370822,2.707580529246898,1.5847352997937283,15.038884,Car,Ped,1
1340,1,13,88.66,1.97,0.0,0.0,6.155,17,116.577,0.5076139555259109,0.0600461492400203,4.767093438105317,13590.196929,Ped,Car,0
1341,2,22,79.87,2.2,0.0,0.0,1.412,23,18.801,0.4545452479339781,0.6382638881834005,2.9857324414756574,353.47760099999994,Ped,Car,0
1342,11,13,1.97,1.8,0.0,0.0,3.773,19,67.481,0.5555552469137517,0.1778278303844366,4.226556334530605,4553.685360999999,Car,Car,1
1343,21,23,1.48,1.87,0.0,0.0,7.334,19,140.892,0.5347590723213517,0.1561479703876162,4.955066204845917,19850.555664,Car,Car,0
1344,10,11,23.94,2.13,1.67,0.56,2.574,24,42.753,0.4694833476604002,0.2455967944799945,3.7785601818812817,1827.819009,Car,VRU,0
1345,13,5,88.45,1.33,0.0,0.0,0.909,26,8.433,0.7518791339254632,1.067235732570173,2.244214179667716,71.115489,Car,Ped,1
1346,13,5,58.91,2.5,0.0,0.0,1.343,24,17.387,0.399999840000064,0.517628083186974,2.9116438931717044,302.307769,Car,Ped,0
1347,22,9,86.8,2.8,0.56,0.0,3.305,19,57.832,0.3571427295918823,0.2680177018256726,4.074685924558916,3344.5402240000003,Car,Car,0
1348,9,12,1.28,2.73,0.0,0.0,11.045,17,217.393,0.366300232124457,0.048299623040762,5.386296192075045,47259.716449,Car,Car,0
1349,9,12,2.45,2.93,0.0,0.0,9.031,17,175.873,0.3412968118440915,0.0597021711138027,5.175431960913078,30931.312129,Car,Car,0
1350,3,20,76.38,1.6,0.0,0.0,0.573,19,1.499,0.6249996093752441,7.671776069528973,0.9158906518528154,2.2470010000000005,Ped,Car,0
1351,5,4,75.54,1.3,0.0,1.11,0.924,20,8.733,0.7692301775152481,0.5152867840047196,2.2755221734443567,76.26528900000001,Ped,Car,1
1352,16,15,1.08,2.8,0.0,0.0,8.461,19,164.129,0.3571427295918823,0.094437911067283,5.106726986621763,26938.328641,Car,Car,0
1353,16,15,6.58,2.8,0.0,0.0,6.796,19,129.801,0.3571427295918823,0.1194135629200579,4.873677084253813,16848.299600999995,Car,Car,0
1354,12,13,6.61,2.3,0.0,0.56,4.313,20,78.611,0.4347824196598175,0.1590108234342417,4.377152274257621,6179.689321000001,Car,Car,1
1355,12,13,0.12,2.33,0.0,0.0,3.7,20,65.976,0.4291843651569247,0.189462832098599,4.20433434626359,4352.832576,Car,Car,0
1356,8,4,57.63,2.37,1.11,0.0,0.5,16,0.0,0.4219407502359703,6000000.0,0.0,0.0,Car,Ped,1
1357,21,17,2.01,2.57,0.56,0.0,8.694,24,168.929,0.3891049069630712,0.1124732869283942,5.135380702752615,28537.007041,Car,Car,0
1358,18,17,3.63,2.4,0.0,0.0,7.596,20,146.288,0.4166664930556278,0.1196270362597955,4.992389853754906,21400.178944000003,Car,Car,0
1359,16,17,5.43,2.77,-1.11,0.0,7.415,18,142.559,0.3610106999961371,0.1157415518084333,4.966746100526531,20323.068481,Car,Car,0
1360,17,4,69.06,2.83,0.0,0.0,11.797,22,232.891,0.353356765598316,0.0450854689743894,5.454855194867793,54238.217881,Car,Ped,0
1361,13,16,37.84,2.77,0.0,0.0,9.195,21,179.244,0.3610106999961371,0.0808953154309471,5.194311488509783,32128.411536,Car,Car,0
1362,12,6,41.04,2.97,0.0,0.0,3.041,20,52.378,0.3367002233332581,0.1718278633810404,3.977398676058279,2743.454884,Car,Ped,0
1363,10,3,48.91,2.67,0.0,0.56,8.72,21,169.454,0.3745316949319494,0.0383584923438898,5.138465465601021,28714.658116,Car,Ped,0
1364,13,6,52.53,2.3,0.0,0.0,9.976,17,195.356,0.4347824196598175,0.048629169062485,5.279929338234759,38163.966736,Car,VRU,0
1365,13,11,6.26,1.93,0.0,0.0,4.203,18,76.333,0.518134446562463,0.1572059246039599,4.348120772644083,5826.726889,Car,LCV,0
1366,16,6,52.06,2.47,0.56,0.0,7.337,23,140.953,0.4048581356849652,0.0780401972427674,4.95549601689784,19867.748209,Car,VRU,0
1367,10,16,82.56,3.0,0.56,1.67,4.034,22,72.865,0.3333332222222592,0.1784121295764478,4.302239102773571,5309.308224999999,Car,Car,0
1368,10,4,81.13,3.0,0.0,0.0,2.835,25,48.143,0.3333332222222592,0.145400158997151,3.894734415290604,2317.748449,Car,Ped,0
1369,12,0,85.61,2.33,0.0,0.0,3.035,20,52.271,0.4291843651569247,0.114786399441633,3.9753920930448072,2732.257441,Car,Ped,0
1370,17,12,0.73,2.13,0.0,0.0,9.616,23,187.924,0.4694833476604002,0.077158851040001,5.241344817787045,35315.429776000004,Car,Car,0
1371,15,17,4.45,2.57,0.56,0.56,6.796,15,129.788,0.3891049069630712,0.1232779600326843,4.873577691695175,16844.924944000002,Car,Car,0
1372,12,20,1.58,1.77,0.0,0.0,6.486,23,123.409,0.5649714322195298,0.1296501865370419,4.823574524955023,15229.781281,Car,VRU,0
1373,10,21,3.93,2.43,0.56,0.0,6.735,19,128.541,0.4115224643940475,0.1205840928529878,4.863997433348257,16522.788680999998,Car,VRU,0
1374,10,24,4.87,1.03,0.0,0.0,3.657,25,65.077,0.9708728438127732,0.2612290016253207,4.190820728666395,4235.015929,Car,VRU,1
1375,10,23,0.64,1.67,0.0,-0.56,7.618,26,146.739,0.5988020366454871,0.1124445436288611,4.99544720343006,21532.334121,Car,VRU,0
1376,10,24,0.25,1.83,0.0,0.56,7.519,26,144.709,0.5464477888263449,0.1174771429732971,4.981611482055263,20940.694681,Car,VRU,0
1377,10,24,6.43,1.63,0.0,0.0,7.116,25,136.384,0.6134965561370822,0.1246480516435355,4.922779924681561,18600.595455999995,Car,VRU,0
1378,13,10,83.83,2.87,0.0,1.11,3.522,23,62.306,0.3484319343442737,0.1845729113637063,4.14798011138801,3882.037636,Car,Car,0
1379,13,4,55.93,2.97,0.0,0.0,14.219,22,282.83,0.3367002233332581,0.0300533888553074,5.648375467384462,79992.80889999999,Car,Ped,0
1380,6,20,78.87,2.7,0.0,0.56,14.194,20,282.308,0.3703702331962099,0.0460489959687681,5.646534645054077,79697.806864,Ped,VRU,0
1381,20,3,81.88,2.87,0.0,0.56,15.066,23,300.289,0.3484319343442737,0.0382964409675464,5.70806993700648,90173.483521,VRU,Ped,0
1382,24,6,20.25,2.77,0.0,0.0,11.952,20,236.084,0.3610106999961371,0.0635367070045547,5.468414508719269,55735.655056,VRU,Car,0
1383,9,11,7.46,2.57,1.11,0.0,3.174,25,55.125,0.3891049069630712,0.1814058924008001,4.027581346062418,3038.765625,Car,Car,0
1384,5,8,0.56,3.0,-0.56,0.0,3.112,23,53.851,0.3333332222222592,0.1207034201648359,4.004620418095612,2899.930201,Car,Car,0
1385,6,10,40.29,1.3,0.0,0.56,1.389,23,18.324,0.7692301775152481,0.4365858744495811,2.9613478466921603,335.76897600000007,Car,VRU,1
1386,12,13,0.78,2.5,0.0,0.0,8.134,25,157.387,0.399999840000064,0.0794220610379379,5.06504140530527,24770.667769,Car,Car,0
1387,12,13,7.21,2.8,0.0,0.0,5.891,27,111.139,0.3571427295918823,0.112471768573842,4.719739173231118,12351.877321,Car,Car,0
1388,21,4,78.4,1.4,0.0,0.0,0.894,26,8.132,0.7142852040819971,1.5371370465891483,2.211784728667549,66.129424,VRU,Ped,1
1389,6,15,0.88,2.93,0.56,0.0,4.463,22,81.7,0.3412968118440915,0.1285189702751656,4.415219602029645,6674.89,Car,Car,0
1390,15,4,69.02,1.9,0.0,0.0,1.4,25,18.561,0.5263155124655198,0.5118258438755539,2.973537788044222,344.510721,Car,Ped,0
1391,15,4,83.47,2.03,0.0,0.0,14.98,23,298.503,0.492610594773106,0.0318254756842461,5.702124434199828,89104.041009,Car,Ped,0
1392,6,4,44.55,2.93,0.56,0.0,1.555,23,21.745,0.3412968118440915,0.2299379061881855,3.1243453410219675,472.845025,Car,Ped,0
1393,14,3,62.2,3.0,0.0,0.56,9.831,24,192.359,0.3333332222222592,0.0441882103556984,5.264548564681399,37001.984881,Car,Ped,0
1394,1,12,4.67,2.73,0.0,0.56,4.67,25,85.966,0.366300232124457,0.0756112873041518,4.465517237672865,7390.153155999999,Car,Car,0
1395,2,13,88.74,2.77,0.56,0.0,2.487,21,40.959,0.3610106999961371,0.1831099347369336,3.736692951022941,1677.6396810000003,Ped,Car,0
1396,13,13,1.51,2.53,0.0,0.0,7.487,25,144.048,0.3952567607680787,0.0902476945861956,4.977064722123508,20749.826304,Car,Car,0
1397,13,13,0.1,2.93,0.0,0.0,9.573,21,187.036,0.3412968118440915,0.0695053354995544,5.236633433859904,34982.465296,Car,Car,0
1398,13,13,3.81,2.5,0.0,0.0,6.244,20,118.423,0.399999840000064,0.1097759716459136,4.782671812223507,14024.006929,Car,Car,0
1399,12,12,4.09,2.67,0.0,0.0,3.815,19,68.35,0.3745316949319494,0.1755669323252826,4.239166146760841,4671.722499999999,Car,Car,0
1400,13,13,0.25,2.6,0.0,0.0,9.241,20,180.198,0.3846152366864473,0.0721428646702912,5.199590356020371,32471.319204000003,Car,Car,0
1401,10,2,16.77,1.6,0.56,-1.11,4.528,23,83.041,0.6249996093752441,0.0722534642856725,4.431304775001674,6895.807680999999,VRU,Car,1
1402,10,4,75.57,2.47,0.0,0.0,2.105,26,33.086,0.4048581356849652,0.2115698418796517,3.528886742803045,1094.683396,Car,Ped,0
1403,10,19,35.82,1.87,0.0,0.56,5.253,24,97.976,0.5347590723213517,0.1479954259410934,4.59487739650266,9599.296576,Car,VRU,0
1404,6,10,36.11,2.83,0.0,1.11,0.761,31,5.388,0.353356765598316,1.4847807192314924,1.854421230352766,29.030544,Car,Car,0
1405,6,4,58.21,2.73,0.0,0.0,1.018,28,10.675,0.366300232124457,0.4683840310647277,2.457449803554961,113.955625,Car,Ped,0
1406,12,12,63.88,2.73,0.0,0.56,5.617,20,105.492,0.366300232124457,0.1137527005483572,4.668069864957137,11128.562064000002,VRU,Car,0
1407,16,16,3.63,2.0,0.0,0.0,5.666,27,106.507,0.499999750000125,0.1502248664385921,4.677555961726815,11343.741049,Car,Car,0
1408,16,14,0.89,1.53,0.0,0.0,3.937,24,70.851,0.6535943440559843,0.2117118994550267,4.274594530312663,5019.864201,Car,Car,0
1409,16,14,0.95,1.53,0.0,0.0,4.171,25,75.673,0.6535943440559843,0.1982212916334585,4.339549625538828,5726.402929,Car,Car,0
1410,16,14,1.02,1.57,0.0,0.0,4.342,24,79.207,0.6369422694635226,0.1893771991190526,4.384610792859146,6273.748848999999,Car,Car,0
1411,16,14,1.01,1.57,0.0,0.0,4.342,24,79.207,0.6369422694635226,0.1893771991190526,4.384610792859146,6273.748848999999,Car,Car,0
1412,16,14,1.03,1.57,0.0,0.0,4.342,24,79.207,0.6369422694635226,0.1893771991190526,4.384610792859146,6273.748848999999,Car,Car,0
1413,16,14,1.02,1.53,0.0,0.0,4.216,25,76.597,0.6535943440559843,0.1958301213385626,4.351528766648049,5867.100408999999,Car,Car,0
1414,15,14,3.49,1.83,0.56,0.0,2.663,27,44.584,0.5464477888263449,0.3252287743309534,3.819556777755552,1987.7330560000005,Car,Car,0
1415,4,22,89.8,2.53,0.0,0.56,2.707,25,45.503,0.3952567607680787,0.2856954423731305,3.839516826641267,2070.523009,Ped,VRU,0
1416,4,11,66.62,2.6,0.0,-0.56,1.576,23,22.179,0.3846152366864473,0.338157701512345,3.14324669634254,491.9080409999999,Ped,Car,0
1417,1,12,60.3,2.57,0.0,0.0,0.909,21,8.431,0.3891049069630712,0.7709642069785072,2.244002135561748,71.08176099999999,Ped,Car,1
1418,14,15,0.29,2.27,0.0,0.0,3.492,23,61.685,0.4405284402958412,0.2350652470606266,4.1381221845679885,3805.039225,Car,Car,0
1419,14,15,1.65,1.97,0.0,0.0,3.222,27,56.125,0.5076139555259109,0.2583518884926167,4.045241849214369,3150.015625,Car,Car,0
1420,15,15,0.79,2.53,0.0,0.0,6.735,22,128.54,0.3952567607680787,0.1166951912502319,4.863989713754771,16522.5316,Car,Car,0
1421,15,15,3.05,2.27,0.0,0.0,5.623,27,105.623,0.4405284402958412,0.1420145220073798,4.669299248308842,11156.218129,Car,Car,0
1422,13,14,3.61,2.87,-1.11,0.0,9.688,19,189.414,0.3484319343442737,0.0712724504457302,5.249200649065875,35877.663396,Car,Car,0
1423,15,15,3.0,2.9,0.0,0.0,10.654,19,209.332,0.3448274673008733,0.0716565070239786,5.348687234708796,43819.886224,Car,Car,0
1424,17,1,64.56,2.97,0.56,0.0,2.304,24,37.194,0.3367002233332581,0.2419745055123271,3.6426784352132224,1383.3936360000002,VRU,Ped,0
1425,17,3,80.57,1.4,1.11,0.0,1.41,24,18.759,0.7142852040819971,0.5330774277372233,2.98360908375168,351.900081,VRU,Ped,1
1426,15,2,87.09,1.73,0.0,0.0,1.05,25,11.34,0.5780343479570244,0.7495590167937376,2.5128460184772416,128.5956,Car,Ped,0
1427,15,17,1.41,2.73,0.0,0.0,7.386,24,141.962,0.366300232124457,0.1127062163627857,4.962578860680567,20153.209444,Car,Car,0
1428,15,5,51.14,2.2,0.0,0.0,0.994,25,10.183,0.4545452479339781,0.9820287752107656,2.414394768046052,103.693489,Car,Ped,1
1429,13,12,3.78,2.87,0.56,1.67,13.735,26,272.844,0.3484319343442737,0.0458137248910962,5.61255860118507,74443.848336,Car,Car,0
1430,12,9,3.57,2.87,0.0,0.0,14.031,27,278.949,0.3484319343442737,0.037641289132991,5.634607443722082,77812.544601,Car,Car,0
1431,14,3,79.22,1.97,0.56,0.0,0.935,23,8.959,0.5076139555259109,0.9487664975146226,2.2984766649495025,80.26368099999999,Car,Ped,1
1432,14,5,85.42,2.5,1.11,0.0,9.696,23,189.576,0.399999840000064,0.0501118282371617,5.250051065138545,35939.059775999995,Car,VRU,0
1433,14,5,69.69,2.63,0.0,0.0,12.272,24,242.684,0.3802279923087481,0.0391455553759392,5.495872303982581,58895.523856,Car,Ped,0
1434,11,3,77.21,2.73,0.56,0.0,1.671,25,24.144,0.366300232124457,0.2899270920341661,3.2246192994952665,582.932736,Car,Ped,0
1435,13,5,62.76,2.13,0.56,0.0,1.639,24,23.476,0.4694833476604002,0.3833702341382589,3.197693045600294,551.122576,Car,Ped,0
1436,8,4,28.11,2.97,0.56,0.0,1.881,24,28.463,0.3367002233332581,0.2107999785405621,3.383135238843747,810.142369,Car,Ped,0
1437,8,4,62.19,2.27,0.0,0.0,1.822,25,27.262,0.4405284402958412,0.2200865593101548,3.3415181461605545,743.216644,Car,Ped,0
1438,3,22,88.07,2.7,0.0,0.0,2.574,18,42.761,0.3703702331962099,0.2923224365117177,3.778743009772186,1828.503121,Ped,Car,0
1439,4,12,30.79,2.17,0.0,0.0,0.952,21,9.323,0.4608292807238338,0.8580927965147703,2.334374415483453,86.91832900000001,Ped,Car,1
1440,1,15,56.45,1.83,0.0,0.0,7.208,17,138.292,0.5464477888263449,0.0578486097688325,4.936572449129415,19124.677264,Ped,Car,0
1441,5,14,75.51,2.67,0.0,0.0,7.419,22,142.641,0.3745316949319494,0.0666007664934993,4.967317131182716,20346.454881,Ped,Car,0
1442,10,3,73.11,2.4,0.0,0.0,1.537,20,21.368,0.4166664930556278,0.3041931718367104,3.1076313660514,456.591424,Car,Ped,0
1443,10,4,79.63,2.27,0.0,0.0,1.75,22,25.764,0.4405284402958412,0.2716969309231124,3.2870577009205704,663.783696,Car,Ped,0
1444,2,11,1.61,2.5,0.0,0.0,4.122,14,74.666,0.399999840000064,0.0870543475336251,4.326328918201792,5575.011556,Car,Car,0
1445,4,12,0.2,2.3,0.0,0.56,3.297,17,57.663,0.4347824196598175,0.1387371427303965,4.071809204416836,3325.0215689999995,Car,Car,0
1446,8,19,89.23,2.3,0.0,0.56,2.582,21,42.931,0.4347824196598175,0.3144580765773433,3.78262022121597,1843.070761,Car,Car,0
1447,14,12,26.7,2.5,1.11,0.0,7.159,21,137.269,0.399999840000064,0.0947045575133165,4.929201063147572,18842.778361,Car,Car,0
1448,10,3,82.06,2.23,0.0,0.56,2.92,18,49.893,0.4484302921837254,0.1302787940136132,3.9297253895411512,2489.3114490000003,Car,Car,0
1449,9,11,17.48,2.87,0.56,0.0,3.0,35,51.546,0.3484319343442737,0.1940014706475484,3.961688976442966,2656.990116,Car,Car,0
1450,12,7,38.84,2.73,0.56,0.0,3.148,31,54.592,0.366300232124457,0.1740181679729966,4.018039306012026,2980.286464,Car,Car,0
1451,15,3,83.77,2.0,1.67,0.0,1.147,31,13.338,0.499999750000125,0.6747637820689922,2.6629133554306805,177.90224399999997,Car,Ped,0
1452,3,5,75.46,2.07,0.0,1.11,1.191,20,14.238,0.4830915540620512,0.2809383143040937,2.7237923080508177,202.720644,Ped,Car,0
1453,3,19,61.55,1.6,0.0,0.0,0.5,17,0.0,0.6249996093752441,11000000.0,0.0,0.0,Ped,Car,1
1454,12,1,66.83,2.53,0.0,0.56,13.126,22,260.288,0.3952567607680787,0.0249723382369823,5.565623247246989,67749.842944,Car,Ped,0
1455,9,13,22.84,2.73,1.11,1.11,2.908,21,49.646,0.366300232124457,0.2215687019786347,3.924860254229638,2464.725316,Car,Car,0
1456,19,26,4.29,2.97,0.0,0.0,14.042,20,279.178,0.3367002233332581,0.0805937427713009,5.635425115474234,77940.355684,Car,VRU,0
1457,9,5,17.99,2.17,0.0,0.0,3.553,37,62.937,0.4608292807238338,0.1112223316773546,4.157898223544415,3961.065969,Car,Car,0
1458,5,9,8.25,2.83,1.11,-1.11,3.746,21,66.922,0.353356765598316,0.1045993827949047,4.218359987977093,4478.554083999999,Car,Car,0
1459,10,3,59.28,1.57,1.11,0.0,0.912,37,8.487,0.6369422694635226,0.765877133748423,2.24992244041074,72.029169,Car,Ped,1
1460,15,9,12.66,2.6,1.11,-0.56,2.786,22,47.13,0.3846152366864473,0.2546148895689605,3.873905683315018,2221.2369000000003,Car,Car,0
1461,16,16,7.88,1.7,0.0,0.0,6.533,31,124.37,0.5882349480970894,0.1286483868404889,4.831269365127934,15467.896900000002,Car,VRU,0
1462,16,19,4.86,3.0,0.0,0.0,15.584,31,310.958,0.3333332222222592,0.0562776964854491,5.742868563363403,96694.87776400002,Car,Car,0
1463,12,7,73.61,1.9,0.0,0.56,2.221,32,35.481,0.5263155124655198,0.2677489285040182,3.5967915771111225,1258.9013610000002,Car,VRU,0
1464,16,19,3.14,1.47,0.0,0.0,6.326,32,120.112,0.6802716460737102,0.1456973479277895,4.796715737309578,14426.892543999998,VRU,Car,0
1465,19,17,1.12,2.37,0.0,0.0,12.438,32,246.102,0.4219407502359703,0.0731404049006493,5.509801206850923,60566.194404,Car,Car,0
1466,8,8,56.86,1.7,0.0,1.67,5.588,28,104.885,0.5882349480970894,0.0762740136695045,4.662353599515545,11000.863225,Car,VRU,1
1467,14,5,42.67,2.17,0.0,1.11,3.638,31,64.687,0.4608292807238338,0.1468610362690952,4.184901036809912,4184.407969,Car,VRU,0
1468,11,1,81.69,2.7,-1.11,0.0,2.197,32,34.986,0.3703702331962099,0.1714971653948103,3.583129973930327,1224.0201959999995,Car,Ped,0
1469,5,3,86.86,2.3,0.0,0.0,0.5,29,0.0,0.4347824196598175,4000000.0,0.0,0.0,Car,Ped,1
1470,5,3,54.8,2.77,0.0,0.0,1.934,29,29.567,0.3610106999961371,0.1352859561238557,3.419920995660258,874.207489,Car,Ped,0
1471,4,21,54.9,3.0,0.0,0.0,2.084,33,32.663,0.3333332222222592,0.3826960051833572,3.5163993113508387,1066.8715689999997,Car,Car,0
1472,8,3,48.04,2.67,1.67,0.0,1.338,32,17.269,0.3745316949319494,0.318489760930583,2.905205634354433,298.218361,Car,Ped,1
1473,4,13,5.95,2.6,0.56,-0.56,4.289,36,78.117,0.3846152366864473,0.1088111408680422,4.3709277695076185,6102.265689000001,Car,Car,0
1474,9,15,1.34,1.8,0.0,0.0,5.292,30,98.794,0.5555552469137517,0.1214648650579502,4.603108061269643,9760.254436,Car,Car,0
1475,9,3,81.41,2.93,0.0,0.56,2.109,32,33.18,0.3412968118440915,0.1808318209514219,3.5316406776874447,1100.9124,Car,Ped,0
1476,14,19,1.32,2.37,0.0,0.0,9.625,39,188.114,0.4219407502359703,0.0877127694498401,5.242350007826132,35386.876996,Car,Car,0
1477,14,16,1.31,2.4,0.0,-1.67,9.531,38,186.175,0.4166664930556278,0.0805693563552068,5.232044008116749,34661.130625000005,Car,Car,0
1478,14,19,0.95,2.4,0.0,0.0,9.602,39,187.635,0.4166664930556278,0.0879366851177196,5.239813930924637,35206.893225,Car,Car,0
1479,7,9,2.23,2.43,0.0,0.0,7.763,29,149.732,0.4115224643940475,0.0534287924195977,5.015503425493116,22419.671824,Car,Car,0
1480,7,9,8.45,2.93,0.0,0.0,3.821,28,68.46,0.3412968118440915,0.1168565568674181,4.240751047315928,4686.771599999999,Car,Car,0
1481,7,9,0.99,2.77,0.0,0.0,9.874,29,193.241,0.3610106999961371,0.0413990817611217,5.269099656128063,37342.08408100001,Car,Car,0
1482,7,9,3.3,2.87,0.0,0.0,5.596,24,105.051,0.3484319343442737,0.0761534866288423,4.663920110480614,11035.712601,Car,Car,0
1483,11,8,31.75,2.07,0.56,0.0,2.577,37,42.822,0.4830915540620512,0.2218485773236052,3.7801359743854888,1833.7236840000005,VRU,Car,1
1484,11,6,5.79,2.33,0.0,0.56,3.198,36,55.63,0.4291843651569247,0.1527952516125247,4.036538880125714,3094.6969000000004,Car,Car,0
1485,11,6,6.16,2.33,0.0,0.56,3.211,35,55.88,0.4291843651569247,0.1521116651375865,4.040943785494986,3122.5744000000004,Car,Car,0
1486,3,17,33.98,2.17,0.56,0.56,1.555,38,21.757,0.4608292807238338,0.4596221694341053,3.124872790377082,473.36704900000007,Ped,VRU,1
1487,7,11,4.15,2.5,0.0,0.0,3.663,28,65.197,0.399999840000064,0.138043159377837,4.192635144695562,4250.648809,Car,Car,0
1488,3,16,43.19,1.37,0.0,0.56,5.798,37,109.23,0.7299264745062229,0.0869724426716795,4.702569091975224,11931.1929,Ped,VRU,0
1489,10,11,3.39,3.0,0.0,0.0,7.546,26,145.254,0.3333332222222592,0.0722871654323656,4.9853448361653,21098.724516,Car,Car,0
1490,6,9,3.4,2.83,0.0,0.0,5.052,29,93.843,0.353356765598316,0.0799207177954592,4.552222892919607,8806.508649000001,Car,Car,0
1491,5,4,50.95,2.27,0.0,0.0,1.555,33,21.74,0.4405284402958412,0.2069917108099489,3.12412548832239,472.6275999999999,Car,Ped,0
1492,7,9,0.13,2.63,0.0,0.0,9.745,33,190.59,0.3802279923087481,0.041974919765072,5.255357672107901,36324.5481,Car,Car,0
1493,7,9,5.01,2.77,0.0,0.0,7.818,35,150.873,0.3610106999961371,0.053024729056725,5.023044645283824,22762.662129,Car,Car,0
1494,7,11,1.23,2.43,0.0,0.0,8.395,33,162.752,0.4115224643940475,0.0552988592748546,5.0983530881812325,26488.213504000003,Car,Car,0
1495,4,2,49.16,2.4,0.56,0.56,2.064,25,32.249,0.4166664930556278,0.0930261374608162,3.504024691461625,1039.9980010000002,Car,Ped,0
1496,7,5,77.97,2.63,0.0,0.0,1.796,29,26.727,0.3802279923087481,0.2244920782544962,3.322406667695093,714.332529,Car,Ped,0
1497,9,7,60.42,2.33,0.0,0.0,4.011,27,72.379,0.4291843651569247,0.1105292956447409,4.295637791142809,5238.719641000001,Car,VRU,0
1498,1,11,42.3,2.33,-1.11,0.0,8.294,37,160.669,0.4291843651569247,0.0373438557696639,5.08555103515491,25814.527561000003,Ped,Car,0
1499,9,5,60.85,2.67,0.56,0.0,2.98,29,51.123,0.3745316949319494,0.1369246691914663,3.953606310078289,2613.561129,Car,Ped,0
1500,11,1,65.18,1.77,0.0,0.0,0.735,33,4.838,0.5649714322195298,1.2401816370025551,1.764388272431923,23.406244,Car,Ped,1
1501,10,4,36.93,2.4,0.56,0.0,2.402,31,39.218,0.4166664930556278,0.178489464570109,3.694314656603876,1538.0515240000002,Car,Ped,0
1502,4,24,13.63,2.1,-0.56,1.11,1.226,38,14.971,0.4761902494332145,0.9351412106645376,2.7707745776741723,224.130841,Ped,VRU,0
1503,5,24,20.13,2.9,0.0,1.11,1.828,35,27.368,0.3448274673008733,0.5298158239617136,3.345261749331852,749.0074239999999,Ped,VRU,0
1504,3,5,89.15,2.03,0.0,0.56,0.561,31,1.264,0.492610594773106,3.164554458422106,0.8171331603409365,1.597696,Car,Ped,1
1505,5,14,84.51,1.8,0.0,0.0,2.332,35,37.764,0.5555552469137517,0.2515623278370318,3.657491980872304,1426.1196960000002,Ped,VRU,1
1506,5,2,23.4,2.93,0.0,0.0,0.505,30,0.098,0.3412968118440915,35.71392128651748,0.0934903430873389,0.009604,Car,Ped,1
1507,6,5,34.98,2.67,0.56,0.0,1.707,30,24.881,0.3745316949319494,0.2210521996281419,3.253509108762552,619.064161,Car,Ped,0
1508,6,5,88.47,2.87,0.0,0.56,1.484,31,20.294,0.3484319343442737,0.2710160505067482,3.058425342892414,411.846436,Car,Ped,0
1509,5,4,67.72,1.6,0.0,0.0,0.5,29,0.0,0.6249996093752441,4500000.0,0.0,0.0,Car,Ped,1
1510,4,5,69.7,3.0,0.0,0.0,1.804,32,26.872,0.3333332222222592,0.1674605475044452,3.327622600670092,722.104384,Ped,Car,0
1511,4,7,13.93,2.63,0.56,0.56,3.117,31,53.955,0.3802279923087481,0.1019367972952127,4.006514668520864,2911.142025,Car,Car,1
1512,4,25,56.42,1.43,0.0,1.11,0.873,34,7.686,0.6993002102795733,1.886546723061837,2.16171253411263,59.074596,Ped,VRU,1
1513,7,14,18.6,2.8,0.0,0.0,7.604,18,146.456,0.3571427295918823,0.0716938870944591,4.993529826193317,21449.359936,Car,Car,0
1514,25,6,36.27,2.57,0.0,0.0,3.919,32,70.478,0.3891049069630712,0.2199267825431087,4.269389710045279,4967.148483999999,VRU,Ped,0
1515,4,8,60.12,1.77,1.67,2.78,1.081,27,11.988,0.5649714322195298,0.5005004587503789,2.5640258542406,143.712144,LCV,VRU,0
1516,4,2,41.74,1.7,0.0,-2.22,0.939,29,9.059,0.5882349480970894,0.3311623433974674,2.308467756152201,82.06548099999999,Ped,Car,1
1517,15,0,48.72,2.43,0.0,0.0,12.698,34,251.473,0.4115224643940475,0.0298242752509244,5.531304312304851,63238.66972900001,Car,Ped,0
1518,12,5,81.14,1.83,1.67,0.0,5.145,33,95.756,0.5464477888263449,0.0887672825852449,4.572192345490885,9169.211536,Car,Ped,1
1519,4,17,78.53,2.77,0.0,0.56,9.942,33,194.642,0.3610106999961371,0.0539451914080969,5.276286458477214,37885.508164,Ped,Car,0
1520,1,5,87.51,2.2,0.0,0.0,2.739,27,46.163,0.4545452479339781,0.0649871094818987,3.8536096868774874,2131.022569,VRU,Ped,0
1521,17,18,13.02,2.67,0.0,0.0,16.305,27,325.819,0.3745316949319494,0.0537108024586939,5.789406500830695,106158.020761,VRU,VRU,0
1522,17,4,74.33,1.8,0.0,0.0,12.825,27,254.093,0.5555552469137517,0.041323452274075,5.5416281845517545,64563.252649,VRU,Ped,0
1523,9,12,16.48,2.57,0.0,0.0,3.235,30,56.382,0.3891049069630712,0.1862296444569252,4.049730665296082,3178.929924,LCV,Car,0
1524,8,8,57.78,2.6,1.11,0.0,3.8,24,68.03,0.3846152366864473,0.1175951768690992,4.234541192715384,4628.0809,LCV,Car,0
1525,2,10,58.64,2.4,0.0,0.0,1.823,30,27.27,0.4166664930556278,0.22002199413194,3.341801171705499,743.6528999999999,Ped,Car,0
1526,7,10,4.03,2.7,0.0,0.0,5.95,29,112.351,0.3703702331962099,0.0756557567297509,4.730489199146647,12622.747201,Car,Car,0
1527,15,4,83.27,2.97,-1.11,0.0,9.864,29,193.039,0.3367002233332581,0.0492128531063005,5.268059169787154,37264.055521,Car,Ped,0
1528,12,11,30.44,2.47,0.0,0.0,4.76,30,87.823,0.4048581356849652,0.1309451950975804,4.486645625470091,7712.8793289999985,Car,VRU,0
1529,7,10,52.22,1.8,0.0,0.0,2.402,32,39.202,0.5555552469137517,0.2168256666285989,3.693916745631205,1536.7968039999998,Car,Car,0
1530,7,4,73.62,1.83,0.0,0.0,2.085,31,32.666,0.5464477888263449,0.168370777922893,3.51648842599689,1067.0675559999995,Car,Ped,0
1531,7,5,45.89,2.23,0.0,0.0,1.902,31,28.893,0.4484302921837254,0.2076627484974648,3.397624339275373,834.8054490000001,Car,Ped,0
1532,7,1,61.39,1.47,0.0,0.0,5.154,31,95.953,0.6802716460737102,0.0416870755298211,4.574226324995368,9206.978209,Car,Ped,0
1533,13,9,49.87,2.3,0.0,0.0,0.5,29,0.0,0.4347824196598175,11000000.0,0.0,0.0,Car,VRU,1
1534,13,12,1.27,2.63,0.0,0.0,7.943,25,153.45,0.3802279923087481,0.0814597583482583,5.039870419364591,23546.9025,Car,Car,0
1535,5,12,68.12,2.2,0.0,0.0,1.302,30,16.526,0.4545452479339781,0.5143410072406507,2.863685492633659,273.108676,Car,Car,0
1536,3,10,79.43,1.87,0.0,0.0,0.761,23,5.377,0.5347590723213517,1.208852295173462,1.8526977673331344,28.912129,Ped,Car,1
1537,15,17,0.03,2.7,0.0,-0.56,5.798,30,109.219,0.3703702331962099,0.1464946561816656,4.702469295650368,11928.789961,Car,Car,0
1538,12,13,0.91,2.53,1.11,0.56,8.251,33,159.793,0.3952567607680787,0.0782262046633694,5.080117823458997,25533.802849000003,Car,Car,0
1539,15,17,0.12,2.73,0.0,0.0,5.62,28,105.541,0.366300232124457,0.1515998507537369,4.668529887590852,11138.902681,Car,Car,0
1540,9,8,7.77,2.3,0.0,0.0,1.876,25,28.372,0.4347824196598175,0.299591135641085,3.380041839589364,804.970384,Car,Ped,1
1541,7,15,64.3,2.33,0.0,0.0,2.347,25,38.084,0.4291843651569247,0.2888351988017225,3.6657131760820967,1450.3910560000002,Car,VRU,0
1542,4,10,65.55,2.17,0.0,0.0,1.329,26,17.096,0.4608292807238338,0.409452479559401,2.8956909193737648,292.273216,Ped,Car,0
1543,4,12,85.34,2.13,0.0,0.0,1.731,32,25.386,0.4694833476604002,0.3151343135927553,3.2728335664615846,644.448996,Ped,Car,0
1544,4,18,78.69,1.37,0.0,1.67,2.117,29,33.335,0.7299264745062229,0.329983490925949,3.53616524207264,1111.222225,Ped,VRU,0
1545,4,17,83.38,1.73,0.0,0.0,1.6,31,22.668,0.5780343479570244,0.4632080261510488,3.164123924814448,513.838224,Ped,Car,0
1546,10,5,74.27,2.5,0.0,0.0,6.327,29,120.134,0.399999840000064,0.0624302856607597,4.796897370856142,14432.177956,Car,Ped,0
1547,7,13,23.46,2.8,-1.11,-0.56,4.196,30,76.19,0.3571427295918823,0.1312508185949492,4.346269914961763,5804.9161,Car,VRU,0
1548,11,12,2.0,2.43,0.0,0.0,4.111,30,74.449,0.4115224643940475,0.1544681573363221,4.323456931315555,5542.653601,Car,Car,0
1549,11,12,0.6,2.4,0.0,0.0,4.53,29,83.072,0.4166664930556278,0.1384341277634566,4.431673574563296,6900.957184000001,Car,Car,0
1550,11,10,3.03,2.23,0.0,0.0,6.977,24,133.535,0.4484302921837254,0.0786310699170174,4.901824388238076,17831.596224999998,Car,Car,0
1551,8,3,79.59,2.27,-0.56,0.0,1.157,30,13.554,0.4405284402958412,0.4057842403877645,2.6778658699248945,183.710916,Car,Ped,1
1552,12,11,0.12,2.6,0.0,0.0,5.475,26,102.555,0.3846152366864473,0.1121349508835751,4.640102872528114,10517.528025,Car,Car,0
1553,9,10,17.31,2.97,0.56,0.56,2.234,23,35.743,0.3367002233332581,0.2657863003724841,3.603947731325476,1277.562049,Car,Car,0
1554,4,3,57.31,2.17,0.0,1.11,0.808,26,6.359,0.4608292807238338,0.5504009198929203,1.995924053944462,40.436881,Ped,Car,0
1555,8,8,1.42,2.0,0.0,0.0,3.435,19,60.497,0.499999750000125,0.1322379600271425,4.1189883931348605,3659.887009,Car,Car,0
1556,8,8,5.38,2.63,0.0,0.0,2.67,15,44.743,0.3802279923087481,0.1787989142704129,3.823038774550519,2001.936049,Car,Car,1
1557,8,8,2.19,1.77,0.0,0.0,5.076,27,94.346,0.5649714322195298,0.0847942670087309,4.557512380458554,8901.167716,Car,Car,0
1558,8,8,10.97,2.5,0.0,0.0,2.336,16,37.847,0.399999840000064,0.2113773823188791,3.659630853754813,1432.3954090000002,Car,Car,0
1559,17,12,1.09,1.87,0.0,0.0,4.749,28,87.595,0.5347590723213517,0.1655345605852553,4.484075422610033,7672.884024999999,Car,Car,0
1560,9,11,53.45,1.9,2.22,0.0,3.196,25,55.577,0.5263155124655198,0.1799305435714316,4.035602542198338,3088.802929,VRU,Car,0
1561,12,3,67.16,2.27,0.0,0.0,1.779,27,26.362,0.4405284402958412,0.2845004064752141,3.3091551894979223,694.9550439999999,Car,Ped,0
1562,12,11,6.4,2.6,0.0,0.56,4.43,21,81.015,0.3846152366864473,0.1419490200339564,4.406902157364449,6563.430225,Car,Car,0
1563,12,10,13.08,2.63,0.56,0.56,3.872,22,69.512,0.3802279923087481,0.1582460559580208,4.255782908099631,4831.918144,Car,Car,0
1564,3,4,54.48,2.5,0.56,0.0,2.246,24,35.999,0.399999840000064,0.0972249202137581,3.610890885251961,1295.9280010000002,Car,Ped,0
1565,2,21,79.01,2.23,0.0,0.56,1.073,19,11.822,0.4484302921837254,0.9727625636303028,2.551162445565065,139.759684,Ped,VRU,1
1566,3,13,87.41,2.27,0.0,0.0,1.462,23,19.827,0.4405284402958412,0.4034901697942114,3.0362502218568794,393.1099290000001,Ped,Car,0
1567,8,13,26.25,2.87,0.0,-0.56,4.398,19,80.355,0.3484319343442737,0.1306701495778713,4.398822294591282,6456.926025000001,Car,Car,0
1568,14,7,73.49,2.33,0.0,0.0,3.319,20,58.115,0.4291843651569247,0.1806762422666051,4.079484699315077,3377.3532250000003,Car,VRU,0
1569,6,23,41.2,2.17,0.0,1.11,2.2,17,35.05,0.4608292807238338,0.4136947100229755,3.584906863730958,1228.5024999999998,Ped,Car,0
1570,13,8,7.38,2.53,0.0,0.0,4.442,26,81.267,0.3952567607680787,0.1292037342438661,4.409970055218771,6604.325288999999,Car,Car,0
1571,3,18,81.13,2.17,0.0,-0.56,1.242,28,15.293,0.4608292807238338,0.6865885904277389,2.7907355677208177,233.875849,Ped,Car,0
1572,4,22,77.9,1.8,0.0,0.0,2.155,26,34.115,0.5555552469137517,0.3810640369027103,3.558628389610984,1163.833225,Ped,VRU,0
1573,3,22,76.93,1.6,0.0,0.0,0.5,20,0.0,0.6249996093752441,12500000.0,0.0,0.0,Ped,Car,1
1574,16,20,19.3,2.6,0.0,0.0,6.369,22,120.994,0.3846152366864473,0.1487677062600814,4.803971863195995,14639.548036,Car,Car,0
1575,10,15,59.14,1.87,1.67,0.0,4.036,23,72.893,0.5347590723213517,0.1714842279576334,4.302618100869582,5313.389449,Car,Car,1
1576,6,17,84.94,2.53,0.56,0.0,3.953,27,71.177,0.3952567607680787,0.1615690439106868,4.27912143559112,5066.165329000001,Car,Car,0
1577,3,25,74.04,2.7,0.0,1.11,1.474,25,20.085,0.3703702331962099,0.6970375555370896,3.0485618871985234,403.407225,Ped,Car,0
1578,13,3,84.55,2.27,0.0,0.0,1.159,27,13.577,0.4405284402958412,0.5892317456557601,2.6794449440918755,184.334929,Car,Ped,1
1579,11,15,85.93,3.0,0.0,0.0,5.084,20,94.495,0.3333332222222592,0.1375734151270076,4.559073890095118,8929.305025000001,Car,Car,0
1580,3,8,21.58,2.97,0.0,-0.56,1.338,25,17.283,0.3367002233332581,0.3182317700496574,2.905971666346368,298.70208900000006,Car,Car,1
1581,11,3,87.15,2.77,0.0,0.0,2.295,23,37.001,0.3610106999961371,0.1891840709931064,3.637612475169605,1369.0740009999995,Car,Ped,0
1582,20,15,0.2,2.4,0.0,0.0,11.449,28,225.712,0.4166664930556278,0.0775324303646574,5.423680489504709,50945.906944,Car,Car,0
1583,14,4,64.23,1.73,-0.56,0.0,0.535,26,0.712,0.5780343479570244,12.64043168478696,0.5376622777195503,0.506944,Car,Ped,1
1584,2,20,78.44,1.87,0.0,0.0,2.217,27,35.401,0.5347590723213517,0.3107256769377792,3.5945962467928045,1253.2308010000002,Ped,VRU,0
1585,20,3,79.03,2.3,0.0,0.0,2.59,28,43.095,0.4347824196598175,0.2668522968592111,3.786346397340144,1857.179025,VRU,Ped,0
1586,22,5,68.05,1.4,0.0,1.11,1.184,24,14.104,0.7142852040819971,0.9571752015615996,2.7149596094031447,198.922816,VRU,Ped,1
1587,20,3,81.35,2.5,0.0,0.0,2.877,28,49.005,0.399999840000064,0.234669926850935,3.9121230004284793,2401.490025,VRU,Ped,0
1588,3,17,83.37,2.67,0.0,0.0,2.286,25,36.819,0.3745316949319494,0.2715988953638367,3.632811621844252,1355.6387610000002,Ped,Car,0
1589,5,20,70.67,2.83,0.56,0.0,3.112,26,53.84,0.353356765598316,0.2321693864753085,4.004419854694114,2898.7456,Ped,Car,0
1590,3,27,86.48,1.9,0.0,0.0,0.883,25,7.887,0.5263155124655198,1.901863585410982,2.184589534756338,62.20476899999999,Ped,Car,0
1591,3,17,85.49,2.47,0.0,0.0,1.681,26,24.348,0.4048581356849652,0.4107113351933902,3.2326998314612707,592.8251039999999,Ped,Car,0
1592,22,9,88.2,2.7,0.0,0.56,2.433,26,39.841,0.3703702331962099,0.3890464499122399,3.7096864787949295,1587.3052810000002,Car,Car,1
1593,4,23,89.51,1.0,0.56,0.56,1.122,16,12.831,0.999999000001,1.0521392680119035,2.62691244964257,164.634561,Ped,VRU,1
1594,17,20,3.29,0.8,0.0,0.0,1.592,18,22.508,1.249998437501953,0.8219299439341592,3.157340788750404,506.610064,Car,VRU,1
1595,5,20,88.41,0.73,0.0,0.0,0.664,16,3.382,1.3698611371765244,3.696036754572219,1.4775052411732748,11.437924,Ped,VRU,1
1596,22,4,56.72,1.0,0.0,1.11,0.789,25,5.963,0.999999000001,2.180110316936053,1.9406104159604096,35.557369,VRU,Ped,1
1597,4,23,81.1,0.93,1.11,-1.11,0.792,11,7.236,1.075267661002515,1.8656713839591783,2.108514789165543,52.359696,Ped,VRU,1
1598,14,3,65.39,2.17,0.56,0.0,0.715,13,5.321,0.4608292807238338,1.5974437892419115,1.8438774234901616,28.313041,Car,Ped,1
1599,14,5,76.5,1.73,0.0,0.0,0.684,14,4.555,0.5780343479570244,2.085619739710266,1.7146984230915934,20.748025,Car,Ped,0
1600,7,3,33.67,2.8,0.0,0.0,1.572,25,26.535,0.3571427295918823,0.1884303678752452,3.3154579227144447,704.106225,Car,Ped,0
1601,14,22,83.13,2.2,0.0,-0.56,9.498,13,222.713,0.4545452479339781,0.0808215053417559,5.410363980352484,49601.080369,Car,VRU,0
1602,24,23,1.33,2.7,0.0,0.0,12.89,13,306.673,0.3703702331962099,0.0766288519803541,5.729037530671628,94048.328929,Car,Car,0
1603,6,12,12.22,1.77,0.0,0.0,2.115,12,39.969,0.5649714322195298,0.2251745046117114,3.712815683157407,1597.5209610000002,Car,VRU,1
1604,23,3,89.01,2.73,0.0,0.0,1.31,13,20.039,0.366300232124457,0.6487349344410931,3.046377858222883,401.5615210000001,Car,Ped,0
1605,12,3,74.6,2.5,1.11,0.0,1.472,21,24.068,0.399999840000064,0.3116170719786824,3.2215921323624293,579.268624,Car,Ped,0
1606,7,5,89.21,1.87,0.56,0.0,0.921,20,10.414,0.5347590723213517,0.5761474384340851,2.4348406721145164,108.451396,Car,Ped,1
1607,16,3,87.72,2.6,1.67,0.0,1.964,22,36.235,0.3846152366864473,0.2621774455035892,3.617249179162609,1312.975225,Car,Ped,0
1608,4,12,31.98,2.37,0.0,0.56,1.306,15,19.962,0.4219407502359703,0.4007614266726066,3.0427112747479854,398.481444,Ped,Car,1
1609,5,18,64.7,1.93,0.0,3.33,2.506,12,49.659,0.518134446562463,0.2315793666489586,3.925116904939304,2466.016281,Ped,VRU,0
1610,4,16,86.85,2.03,0.0,0.0,1.06,25,13.858,0.492610594773106,0.7216047971132344,2.6985384407296147,192.044164,Ped,Car,0
1611,4,11,60.84,1.93,0.0,0.0,0.5,27,0.0,0.518134446562463,7500000.0,0.0,0.0,Ped,Car,0
1612,2,22,74.2,2.8,0.56,0.0,1.491,16,24.538,0.3571427295918823,0.4890373914321708,3.2401675390024893,602.113444,Ped,Car,0
1613,3,9,27.7,2.3,0.0,0.56,1.239,12,18.28,0.4347824196598175,0.3282275531604183,2.9590682891824,334.15840000000003,Ped,Car,0
1614,3,29,73.18,1.5,0.0,0.0,1.363,26,21.373,0.6666662222225186,0.7486080218683374,3.10785487469094,456.805129,Ped,VRU,1
1615,3,4,88.29,2.1,0.0,0.56,1.85,33,33.422,0.4761902494332145,0.1047214378337191,3.538695894847789,1117.0300839999998,Ped,Car,0
1616,3,13,89.24,2.63,0.0,1.11,5.015,32,111.762,0.3802279923087481,0.0715806797338927,4.725279402874711,12490.744644,Ped,Car,0
1617,4,29,56.33,2.43,0.0,0.0,25.282,30,613.412,0.4115224643940475,0.02689872381548,6.42066571289273,376274.281744,Ped,VRU,0
1618,1,12,12.24,1.4,0.0,0.0,2.497,20,49.439,0.7142852040819971,0.1314751485370831,3.920764685364901,2444.214721,Car,Car,1
1619,8,6,38.42,2.2,0.0,0.0,2.495,15,49.389,0.4545452479339781,0.1417319617377966,3.9197728972882055,2439.273321,Car,Ped,0
1620,2,7,79.85,2.1,0.0,0.56,0.5,32,0.0,0.4761902494332145,4500000.0,0.0,0.0,Ped,Car,1
1621,16,29,1.54,2.83,0.0,0.0,9.359,24,219.281,0.353356765598316,0.1026080686306243,5.394904004060751,48084.156961,Car,VRU,0
1622,29,27,3.4,2.7,0.0,0.0,19.753,31,476.541,0.3703702331962099,0.0587567490336471,6.168650020109039,227091.324681,VRU,Car,0
1623,29,27,0.46,2.07,0.0,0.0,12.643,27,300.555,0.4830915540620512,0.0931609852001763,5.708952420757709,90333.308025,VRU,Car,0
1624,29,27,0.55,2.0,0.0,0.0,10.718,24,252.912,0.499999750000125,0.1107104443019293,5.536987750295638,63964.479744,VRU,Car,0
1625,23,15,6.97,1.73,-2.78,0.56,10.857,24,256.361,0.5780343479570244,0.0741142370558929,5.550479768530931,65720.962321,VRU,Car,0
1626,3,11,79.64,1.8,0.0,0.0,1.523,30,25.311,0.5555552469137517,0.2765595876670385,3.2699871026917413,640.646721,Ped,Car,1
1627,27,25,3.39,2.0,0.0,0.0,12.192,30,289.403,0.499999750000125,0.0898401188313869,5.671269613475793,83754.096409,Car,VRU,0
1628,27,25,2.52,1.63,0.0,0.0,8.752,27,204.254,0.6134965561370822,0.1272924881407831,5.324248236571386,41719.696516,Car,VRU,0
1629,3,3,55.9,2.43,0.0,0.0,1.613,29,27.546,0.4115224643940475,0.1089087305268013,3.3515168212075768,758.782116,Ped,Car,0
1630,24,11,6.96,1.5,0.0,0.0,7.234,25,166.686,0.6666662222225186,0.1049878207828622,5.122093182935249,27784.222596000003,VRU,Car,0
1631,16,11,0.09,2.8,0.0,0.0,3.706,31,79.357,0.3571427295918823,0.1701173157992702,4.386479207243904,6297.533449,Car,Car,0
1632,16,11,1.84,2.4,0.0,0.0,8.584,31,200.103,0.4166664930556278,0.0674652550563197,5.303817214618603,40041.210609,Car,Car,0
1633,18,5,3.16,2.6,0.0,0.56,5.789,29,130.918,0.3846152366864473,0.0878412434665879,4.882180517432962,17139.522724000002,Car,Car,0
1634,18,2,1.31,2.23,0.0,0.0,5.245,32,117.444,0.4484302921837254,0.0851469629342753,4.774440275037315,13793.093136,Car,Car,0
1635,11,4,77.35,2.23,0.0,0.0,1.782,30,31.743,0.4484302921837254,0.2362725565865684,3.4886891987774984,1007.618049,Car,Ped,0
1636,9,3,76.6,2.77,-1.11,0.0,1.156,30,16.231,0.3610106999961371,0.3696629677984739,2.8467100871609627,263.44536100000005,Car,Ped,1
1637,11,4,80.93,1.67,0.0,0.0,0.825,32,8.041,0.5988020366454871,0.9327196949733,2.2017697877552296,64.65768100000001,Car,Ped,1
1638,11,4,86.23,2.23,0.0,0.0,1.407,32,22.46,0.4484302921837254,0.3339269664324591,3.155296843225329,504.4516,Car,Ped,0
1639,16,15,4.2,1.67,0.0,0.0,4.197,29,91.512,0.5988020366454871,0.169376691916069,4.527338365833936,8374.446144,Car,Car,0
1640,15,9,5.78,2.8,0.0,0.56,6.9,28,158.405,0.3571427295918823,0.0757551840172015,5.071448133492768,25092.144025,Car,Car,0
1641,15,2,1.47,2.27,0.0,0.0,6.682,32,153.01,0.4405284402958412,0.0555519243477424,5.037017535370374,23412.0601,Car,Car,0
1642,10,8,9.52,2.97,1.67,-0.56,3.117,15,64.764,0.3367002233332581,0.1389660901277548,4.18607257614863,4194.375695999999,Car,Car,0
1643,8,3,84.93,2.73,2.22,0.0,0.869,15,9.126,0.366300232124457,0.6026736135575703,2.3151063735477173,83.28387599999999,Car,Ped,1
1644,3,5,81.35,2.5,0.56,0.56,1.257,33,18.746,0.399999840000064,0.2133788427729199,2.9829509391892577,351.4125159999999,Car,Ped,0
1645,16,6,68.7,1.9,0.0,0.0,2.097,21,39.521,0.5263155124655198,0.2783330310889645,3.701820358246737,1561.909441,Car,Ped,0
1646,16,13,10.54,2.7,0.0,0.0,4.159,19,90.562,0.3703702331962099,0.1601113031943717,4.517016338445624,8201.475843999999,Car,Car,0
1647,9,13,11.64,2.0,0.0,0.0,2.461,19,48.535,0.499999750000125,0.226640563992159,3.9026794904249935,2355.6462249999995,Car,Car,0
1648,9,15,15.28,2.47,0.0,0.0,0.995,18,12.261,0.4048581356849652,0.9787129125917208,2.584827396695462,150.33212099999997,Car,Car,1
1649,9,0,74.71,2.9,0.0,0.0,1.444,18,23.368,0.3448274673008733,0.192571029075187,3.193270796152806,546.0634239999999,Car,Ped,0
1650,7,23,71.78,2.97,0.0,0.0,16.306,16,391.226,0.3367002233332581,0.0383410099575667,5.971838204272784,153057.783076,VRU,Car,0
1651,3,23,76.42,2.23,0.0,0.0,1.369,11,21.514,0.4484302921837254,0.6042576645785226,3.114137337932612,462.852196,Ped,Car,0
1652,16,14,5.28,3.0,0.0,0.0,10.029,16,235.857,0.3333332222222592,0.0635978577544959,5.467456583503436,55628.524449,Car,VRU,0
1653,13,13,8.3,1.67,0.56,0.0,2.091,11,39.382,0.5988020366454871,0.3301000373241573,3.6983841411281824,1550.9419239999995,Car,VRU,0
1654,13,14,15.79,2.23,-0.56,2.22,3.014,9,62.223,0.4484302921837254,0.2169615702077757,4.146668158999149,3871.701729,Car,VRU,0
1655,9,4,88.82,2.03,1.67,0.0,2.302,16,44.613,0.492610594773106,0.1456974391837034,3.8201927636098567,1990.319769,VRU,Car,0
1656,27,19,1.0,2.43,0.0,0.0,7.694,16,178.059,0.4115224643940475,0.1291706674238838,5.18771536047021,31705.007481,LCV,Car,0
1657,2,20,82.87,1.63,0.0,0.0,0.555,14,1.351,0.6134965561370822,8.142110923678073,0.8548407695579324,1.825201,Ped,Car,0
1658,2,20,89.72,1.37,0.0,0.0,0.5,14,0.0,0.7299264745062229,11000000.0,0.0,0.0,Ped,Car,1
1659,19,19,1.97,2.0,0.0,0.0,6.833,14,156.766,0.499999750000125,0.1211997491726538,5.061112922585471,24575.578756,Car,LCV,0
1660,19,17,0.64,1.53,0.0,0.0,6.256,15,142.482,0.6535943440559843,0.1263317462814127,4.966209591791911,20301.120324,Car,Car,0
1661,19,8,1.89,2.83,2.78,1.67,7.446,16,171.921,0.353356765598316,0.0785244380935171,5.15283484280376,29556.830241,LCV,Car,0
1662,9,4,74.74,1.7,0.0,0.0,0.804,9,7.513,0.5882349480970894,0.8651669286347758,2.14159440690192,56.445169,Car,Ped,0
1663,9,4,78.93,2.7,0.0,0.0,1.646,9,28.368,0.3703702331962099,0.2291314076025307,3.379905646194533,804.7434239999999,Car,Ped,0
1664,4,8,77.1,1.87,0.0,0.0,1.414,13,22.628,0.5347590723213517,0.2651581993477904,3.1624324494449887,512.026384,Ped,Car,0
1665,7,5,72.55,2.53,1.11,0.0,10.298,12,242.524,0.3952567607680787,0.0247398194622395,5.495215500294004,58817.890576,Car,Ped,0
1666,18,18,0.62,2.27,0.0,-1.11,4.243,13,92.652,0.4405284402958412,0.1942753508367293,4.539585784775246,8584.393104,Car,Car,0
1667,18,20,0.49,2.23,0.0,0.0,5.92,13,134.148,0.4484302921837254,0.1416346114617094,4.906370474240781,17995.685903999998,Car,Car,0
1668,18,20,0.35,2.23,0.0,0.0,6.278,13,143.026,0.4484302921837254,0.132842978669312,4.969993838833363,20456.436676000005,Car,Car,0
1669,18,20,0.2,2.4,0.0,0.0,10.12,11,238.107,0.4166664930556278,0.0797960577396042,5.476911150489099,56694.943449,Car,Car,0
1670,18,20,0.28,2.3,0.0,0.0,9.039,10,211.348,0.4347824196598175,0.0898991232947597,5.358226438301929,44667.977104000005,Car,Car,0
1671,23,22,2.05,1.73,0.0,0.0,6.656,8,152.374,0.5780343479570244,0.1476629861547049,5.03287938304242,23217.835876,Car,Car,0
1672,23,22,5.18,1.47,0.0,0.0,8.251,8,191.846,0.6802716460737102,0.1172815689809453,5.261891942930184,36804.887716000005,Car,Car,0
1673,22,5,72.3,2.07,0.0,-0.56,8.935,6,208.793,0.4830915540620512,0.0646573397352529,5.346121330295941,43594.516849,Car,Ped,0
1674,18,4,44.97,2.67,0.56,0.0,1.108,11,15.056,0.3745316949319494,0.7306056900501003,2.776082611494037,226.683136,LCV,Ped,0
1675,15,4,88.39,1.7,1.11,0.0,1.139,8,15.828,0.5882349480970894,0.600202135443383,2.8230441657282745,250.525584,Car,Ped,0
1676,4,15,16.04,2.7,0.0,1.11,2.266,10,43.714,0.3703702331962099,0.2173216768696144,3.8002866516880673,1910.913796,Ped,Car,0
1677,6,6,57.44,1.9,0.0,-0.56,0.5,9,0.0,0.5263155124655198,6000000.0,0.0,0.0,Ped,Car,1
1678,1,13,71.34,2.83,0.0,0.0,1.468,17,23.957,0.353356765598316,0.2921901618654188,3.2171543439698604,573.937849,Ped,Car,0
1679,14,22,0.85,2.93,0.0,0.0,16.669,9,400.201,0.3412968118440915,0.0449773987446872,5.994462548607107,160160.84040100002,Car,Car,0
1680,4,5,77.67,2.2,0.56,1.67,0.725,20,5.564,0.4545452479339781,0.8087705232260023,1.8816001732278445,30.958096,Ped,Car,1
1681,10,11,70.04,2.43,0.56,1.11,2.353,21,45.868,0.4115224643940475,0.2289177590276934,3.847335139805909,2103.8734240000003,Car,Car,0
1682,13,22,17.87,2.67,0.0,0.0,6.768,20,155.142,0.3745316949319494,0.1127998858284675,5.050765849627658,24069.040164,Car,Car,0
1683,9,16,10.35,2.23,3.33,0.0,4.502,18,99.045,0.4484302921837254,0.1262052589610252,4.605620084768456,9809.912025,Car,Car,0
1684,4,6,86.6,2.67,0.0,-1.11,1.897,19,34.585,0.3745316949319494,0.1445713417790562,3.5719242007512344,1196.122225,Ped,Car,1
1685,16,22,7.74,2.97,0.0,0.0,11.21,22,265.081,0.3367002233332581,0.0716762043613982,5.583800773705746,70267.93656100001,Car,Car,0
1686,4,17,0.98,2.77,0.56,0.0,5.261,22,117.851,0.3610106999961371,0.089095552103117,4.777870607737992,13888.858201,Car,Car,0
1687,10,3,88.99,1.67,0.0,0.0,0.687,10,4.633,0.5988020366454871,1.402978328733363,1.728642159912577,21.464689,Car,Ped,1
1688,3,6,84.55,2.4,0.0,1.11,1.522,13,25.308,0.4166664930556278,0.1778093813098869,3.2698730754391048,640.494864,Ped,Car,0
1689,11,7,29.38,2.2,0.0,0.0,2.345,15,45.658,0.4545452479339781,0.1971176968522997,3.842844402408447,2084.6529640000003,Car,VRU,1
1690,11,12,21.94,2.93,0.0,0.0,5.942,11,134.69,0.3412968118440915,0.0853812451898341,4.910372872157861,18141.3961,Car,Car,0
1691,10,4,89.0,2.63,1.11,0.0,1.858,12,33.604,0.3802279923087481,0.2083085284993296,3.543969282318128,1129.228816,Car,Ped,0
1692,11,15,71.03,2.13,0.0,0.56,2.69,8,54.212,0.4694833476604002,0.2397993020032593,4.011180320961332,2938.9409440000004,Car,Car,0
1693,4,14,65.97,2.87,0.0,0.0,2.047,13,38.279,0.3484319343442737,0.2351158537287846,3.670690024913726,1465.2818410000002,Ped,Car,0
1694,12,23,15.44,2.73,0.0,0.0,11.247,8,265.997,0.366300232124457,0.0657902154317897,5.58723742238207,70754.404009,Car,Car,0
1695,9,10,0.91,2.63,0.0,0.0,5.909,18,133.874,0.3802279923087481,0.0709622475539518,4.904341009278339,17922.247875999998,LCV,Car,0
1696,18,17,3.13,2.23,0.0,0.0,7.168,16,165.035,0.4484302921837254,0.1060381124849994,5.112198609505697,27236.551225,Car,Car,0
1697,4,17,89.01,2.03,0.0,0.0,1.097,12,14.767,0.492610594773106,0.7110448492554446,2.7579191482553447,218.064289,Ped,Car,0
1698,8,9,26.45,2.13,0.0,0.56,0.967,14,11.551,0.4694833476604002,0.7358669607941338,2.529800343678309,133.425601,Car,Car,1
1699,10,5,70.01,1.7,0.0,0.0,1.292,17,19.594,0.5882349480970894,0.3827702162513924,3.024999771234559,383.924836,Car,Ped,0
1700,16,19,7.86,1.33,0.0,0.0,2.273,13,43.884,0.7518791339254632,0.3987785890352158,3.80408138380262,1925.805456,Car,VRU,0
1701,14,7,5.26,2.5,0.56,0.56,3.563,14,75.81,0.399999840000064,0.1385041532976632,4.341334840010591,5747.1561,Car,Car,0
1702,5,13,83.36,1.77,0.0,-0.56,1.819,15,32.657,0.5649714322195298,0.2755917483053634,3.516221058230937,1066.479649,Ped,Car,0
1703,6,5,24.8,2.73,0.56,0.0,1.635,32,28.09,0.366300232124457,0.1957992098327088,3.3703944725071104,789.0481,Car,Ped,1
1704,3,11,80.73,2.97,0.0,0.0,7.076,18,162.76,0.3367002233332581,0.0430081098365193,5.098401941353034,26490.8176,Ped,LCV,0
1705,17,16,3.2,1.97,0.0,0.0,6.642,17,152.019,0.5076139555259109,0.1085390634819393,5.0305620966889,23109.776361,Car,Car,0
1706,16,14,4.19,2.77,0.0,0.0,3.127,19,65.014,0.3610106999961371,0.2307195337816542,4.189866840744023,4226.820196,Car,Car,0
1707,13,7,20.03,2.27,0.0,0.0,1.254,15,18.651,0.4405284402958412,0.5361642519884053,2.9781282276056302,347.859801,Car,Car,0
1708,10,26,71.94,3.0,0.56,0.0,5.484,14,123.362,0.3333332222222592,0.145912030074804,4.823196667402822,15218.183044,Car,Car,0
1709,2,17,68.82,2.5,0.0,0.56,0.682,13,4.495,0.399999840000064,2.1134589291526296,1.7038385878555846,20.205025000000003,Ped,Car,0
1710,7,21,22.89,2.77,0.0,0.0,5.989,14,135.873,0.3610106999961371,0.1030373944563129,4.919053488591865,18461.472129,Car,Car,0
1711,19,21,0.26,1.73,0.0,0.56,4.446,14,97.674,0.5780343479570244,0.2047627802202963,4.591821487218359,9540.210276000002,Car,Car,0
1712,13,16,0.12,1.77,0.56,0.56,2.488,16,49.2,0.5649714322195298,0.2947154411643203,3.9160150266976834,2420.6400000000003,Car,Car,1
1713,12,15,0.45,1.83,0.56,0.56,2.327,16,45.215,0.5464477888263449,0.2985734756480487,3.833304420716741,2044.3962250000004,Car,Car,1
1714,13,15,0.27,1.8,0.56,0.56,2.382,16,46.577,0.5555552469137517,0.3005775318166148,3.862349451184573,2169.416929,Car,Car,1
1715,12,12,3.95,2.1,-1.11,0.56,1.848,15,33.365,0.4761902494332145,0.3596583138121291,3.5370386045735684,1113.2232250000002,Car,Car,1
1716,11,14,1.32,1.93,0.0,0.56,2.075,17,38.977,0.518134446562463,0.3207019442055073,3.6883042887380393,1519.2065289999998,Car,Car,1
1717,23,21,1.96,2.8,1.67,-0.56,20.089,14,484.864,0.3571427295918823,0.0453735479528825,6.185928749348318,235093.098496,Car,Car,0
1718,20,22,3.94,2.8,0.0,0.0,20.783,14,502.046,0.3571427295918823,0.0418288363181285,6.2206816172105714,252050.186116,Car,Car,0
1719,15,3,69.04,2.53,0.56,0.0,0.82,14,7.909,0.3952567607680787,1.1379439704205374,2.1870620017385067,62.552281,Car,Ped,0
1720,11,4,61.97,2.77,0.0,0.0,1.828,11,32.866,0.3610106999961371,0.2281993480131641,3.522411561243149,1080.173956,Car,Ped,0
1721,11,5,86.53,1.3,0.0,0.0,1.0,14,12.37,0.7692301775152481,0.6467258975969364,2.5930133911138515,153.0169,Car,Ped,1
1722,4,26,89.26,2.83,0.0,0.0,1.685,13,29.319,0.353356765598316,0.5116136119371871,3.411774578699925,859.603761,Ped,Car,0
1723,5,22,81.62,2.2,0.56,0.56,2.806,14,57.088,0.4545452479339781,0.2364770137948953,4.061959102077946,3259.039744,Car,Car,0
1724,7,14,32.27,2.63,0.0,-1.67,6.392,19,145.836,0.3802279923087481,0.0719986829589492,4.989316317723689,21268.138896000004,Car,Car,0
1725,13,13,6.59,2.27,1.11,0.0,7.265,11,167.458,0.4405284402958412,0.0776314056203262,5.126686460562201,28042.181764,Car,Car,0
1726,8,16,33.05,1.93,0.0,0.0,2.582,19,51.525,0.518134446562463,0.2328966475905551,3.961289246731064,2654.825625,Ped,Car,0
1727,4,14,17.35,1.53,0.0,0.56,0.896,20,9.814,0.6535943440559843,0.9170571716876736,2.3808415909598133,96.314596,Ped,VRU,1
1728,11,5,44.39,2.53,0.0,0.0,1.695,22,29.59,0.3952567607680787,0.2703615995146468,3.420673158162812,875.5681,Car,Ped,0
1729,4,14,22.31,2.13,-0.56,0.56,1.78,20,31.69,0.4694833476604002,0.284001253265975,3.487069220736119,1004.2561,Ped,VRU,0
1730,4,20,77.93,1.8,0.0,0.0,1.74,23,30.684,0.5555552469137517,0.3910832879975463,3.4558118216020333,941.507856,Ped,VRU,0
1731,15,14,3.4,2.17,0.56,0.0,4.205,20,91.711,0.4608292807238338,0.1581053509600228,4.5294871278836615,8410.907521,Car,VRU,0
1732,14,13,6.95,2.17,0.0,0.56,3.782,20,81.24,0.4608292807238338,0.1661742963297107,4.409641801706855,6599.937599999999,Car,VRU,0
1733,14,4,22.87,2.03,0.0,0.0,1.449,21,23.491,0.492610594773106,0.3831254359914249,3.198305703123491,551.827081,VRU,Ped,0
1734,4,20,58.37,1.77,0.0,0.0,1.274,20,19.157,0.5649714322195298,0.6264028487548755,3.0035516226061225,366.990649,Ped,VRU,0
1735,20,3,80.22,2.03,0.0,0.0,1.457,20,23.691,0.492610594773106,0.4854163823639195,3.2064388047645176,561.263481,VRU,Ped,0
1736,20,3,87.07,1.87,0.0,0.0,1.417,20,22.704,0.5347590723213517,0.5065186528136604,3.165643810271264,515.471616,VRU,Ped,0
1737,3,15,79.11,1.53,0.0,0.56,1.421,25,22.796,0.6535943440559843,0.3948060890153496,3.1695174993256594,519.657616,Ped,VRU,1
1738,3,12,37.59,2.93,0.0,0.0,2.31,26,44.801,0.3412968118440915,0.1674069737861437,3.824305924942915,2007.129601,Ped,VRU,0
1739,3,25,80.02,2.47,0.0,0.0,2.07,25,38.852,0.4048581356849652,0.3603418006707042,3.6851725921826097,1509.477904,Ped,Car,0
1740,6,16,74.89,2.23,1.11,1.11,6.952,21,159.69,0.4484302921837254,0.0688834612757,5.079477043053662,25500.8961,Ped,VRU,0
1741,20,2,0.13,2.43,0.0,0.56,8.747,22,204.12,0.4115224643940475,0.0538898684406728,5.323595173732305,41664.9744,VRU,Car,0
1742,20,2,0.87,2.4,0.0,0.56,8.789,22,205.171,0.4166664930556278,0.0536138145565707,5.328705921536916,42095.139241,VRU,Car,0
1743,17,3,63.53,2.37,1.11,0.0,2.893,27,59.226,0.4219407502359703,0.1688447612730091,4.098104152763249,3507.719076,VRU,Ped,0
1744,17,4,74.4,1.6,1.11,0.0,1.833,27,32.989,0.6249996093752441,0.3182879045048985,3.526036942857466,1088.274121,VRU,Ped,0
1745,15,12,43.75,1.3,0.56,0.0,3.237,28,67.749,0.7692301775152481,0.1992649308585377,4.230462190986349,4589.927000999999,VRU,VRU,0
1746,14,21,88.56,2.03,0.56,-0.56,5.792,30,130.993,0.492610594773106,0.1335949238997891,4.882748890877184,17159.166049,VRU,VRU,0
1747,1,16,85.17,2.27,0.0,-0.56,2.891,30,59.172,0.4405284402958412,0.1436490207589904,4.097207127835578,3501.325584,Ped,VRU,0
1748,6,12,48.03,1.4,0.56,0.0,0.657,25,3.891,0.7142852040819971,2.313029474934599,1.58739678155722,15.139881,Ped,Car,1
1749,6,7,75.41,2.37,0.0,0.56,1.034,32,13.219,0.4219407502359703,0.4917164315215651,2.654579098414237,174.74196099999998,Ped,Car,1
1750,12,16,0.12,2.8,0.0,0.0,5.424,28,121.867,0.3571427295918823,0.1148793347265516,4.81110246953192,14851.565689,Car,Car,0
1751,14,4,78.4,2.03,0.0,0.0,8.23,31,191.333,0.492610594773106,0.0470384092287351,5.259228244736235,36608.316889,Car,Ped,0
1752,16,4,84.16,1.4,0.0,0.0,0.5,30,0.0,0.7142852040819971,10000000.0,0.0,0.0,Car,Ped,1
1753,16,14,1.43,2.97,0.0,0.0,9.213,27,215.66,0.3367002233332581,0.0695539271559217,5.378329304517421,46509.2356,Car,Car,0
1754,16,21,1.68,2.73,0.0,0.0,10.723,32,253.032,0.366300232124457,0.0731132818255664,5.537460243335156,64025.19302400001,Car,Car,0
1755,14,15,43.94,1.97,0.56,0.56,2.893,24,59.236,0.5076139555259109,0.2447835734218452,4.098270180224573,3508.903696,Car,Car,0
1756,16,4,72.76,2.4,0.0,0.0,0.861,30,8.932,0.4166664930556278,1.119569959743623,2.29576186764592,79.780624,Car,Ped,0
1757,16,4,81.59,2.53,0.0,-1.11,10.189,28,239.821,0.3952567607680787,0.0416977660767915,5.484053918934482,57514.112041,Car,Ped,0
1758,12,4,83.95,2.57,0.0,0.56,1.338,26,20.746,0.3891049069630712,0.3856164857988776,3.0794298325755576,430.396516,Car,Ped,0
1759,12,4,64.18,1.57,0.0,0.0,0.566,26,1.638,0.6369422694635226,4.884001902318741,0.9700210542951228,2.683044,Car,Ped,0
1760,13,4,86.65,2.93,0.0,0.0,1.867,25,33.829,0.3412968118440915,0.251263701224875,3.5504503730843204,1144.401241,Car,Ped,0
1761,6,3,77.41,2.87,0.0,0.0,2.297,28,44.479,0.3484319343442737,0.1011713370091203,3.8172506809537072,1978.381441,Car,Ped,0
1762,12,17,11.19,0.97,0.0,0.0,1.363,18,20.152,1.030926772240441,0.7195315244376972,3.051734463669276,406.103104,Car,VRU,1
1763,17,17,7.89,0.9,0.0,-0.56,1.214,17,16.663,1.1111098765445817,1.02022438815193,2.8714720561733063,277.655569,Car,VRU,1
1764,13,15,3.25,3.0,0.0,0.0,9.422,12,208.246,0.3333332222222592,0.0672281817310864,5.343510593296791,43366.396516,Car,Car,0
1765,12,2,62.43,1.83,0.0,0.0,0.602,15,2.379,0.5464477888263449,2.9424115416513064,1.217579807732153,5.659641,Car,Ped,1
1766,8,12,52.85,2.43,0.56,0.0,1.524,15,23.893,0.4115224643940475,0.4185326071011339,3.214586639449771,570.875449,Car,VRU,1
1767,9,2,70.52,2.97,0.0,0.0,6.082,9,130.274,0.3367002233332581,0.0422187079369735,4.877286741898261,16971.315076,Car,Ped,0
1768,12,4,42.28,2.17,0.0,0.0,1.62,11,26.135,0.4608292807238338,0.3061029153968656,3.300824407515368,683.0382250000001,VRU,Ped,1
1769,2,23,44.34,1.4,0.0,3.89,0.508,14,0.183,0.7142852040819971,68.30563767411107,0.1680535849962497,0.033489,Ped,VRU,1
1770,3,25,82.85,2.6,0.0,1.11,2.02,14,35.475,0.3846152366864473,0.3946441044497786,3.596627094408849,1258.475625,Ped,Car,0
1771,14,16,16.61,3.0,2.22,0.0,8.001,11,175.067,0.3333332222222592,0.0856814814574906,5.170864604415394,30648.454489000003,Car,Car,0
1772,14,6,54.03,1.77,1.67,0.0,2.131,11,38.069,0.5649714322195298,0.2626809145845461,3.665329313653676,1449.2487610000005,Car,Car,0
1773,5,25,70.33,2.03,0.0,1.11,2.111,12,37.612,0.492610594773106,0.3988088801763033,3.653563108986369,1414.6625440000005,Ped,Car,0
1774,4,5,66.74,2.2,0.0,1.11,1.863,11,31.809,0.4545452479339781,0.1414693910066524,3.4907028679958825,1011.812481,Ped,Car,0
1775,4,11,25.08,2.37,0.0,0.0,1.886,20,32.36,0.4219407502359703,0.2317676071765263,3.507357577490546,1047.1696,Ped,Car,0
1776,3,17,84.24,1.87,0.0,0.56,1.361,14,20.092,0.5347590723213517,0.4977105067832716,3.0488938216682238,403.688464,Ped,Car,1
1777,3,14,85.19,2.27,0.0,0.56,5.328,14,112.683,0.4405284402958412,0.075432850781104,4.73341387330693,12697.458489000002,Ped,Car,1
1778,3,6,83.91,2.6,0.0,1.11,1.913,13,32.99,0.3846152366864473,0.1364049670686581,3.5260663637080247,1088.3401,Ped,Car,0
1779,5,16,49.99,2.63,0.0,0.0,11.846,14,264.815,0.3802279923087481,0.0396503217731234,5.5828005780954175,70126.984225,Ped,Car,0
1780,18,4,66.85,2.63,0.0,0.56,2.702,13,51.403,0.3802279923087481,0.2139952879404842,3.9589638415965656,2642.268409,Car,Ped,0
1781,18,1,66.71,1.53,0.0,0.0,5.563,13,118.167,0.6535943440559843,0.0803946949622593,4.780525870664838,13963.439889,Car,Ped,0
1782,17,1,82.75,2.43,0.0,0.56,1.868,14,31.923,0.4115224643940475,0.2819283813573793,3.4941715016689323,1019.077929,Car,Ped,0
1783,3,13,84.31,2.6,0.0,0.56,10.188,19,226.111,0.3846152366864473,0.0353808526105282,5.4254388847504655,51126.18432099999,Ped,VRU,0
1784,15,14,12.92,1.53,0.0,0.0,3.015,15,58.704,0.6535943440559843,0.2470019036692235,4.089399019829086,3446.159616,Car,VRU,0
1785,12,16,31.48,1.77,0.0,0.0,2.449,12,45.488,0.5649714322195298,0.3077734719536257,3.839194214772805,2069.158144,VRU,Car,0
1786,14,2,12.72,1.63,0.0,-2.78,4.065,13,83.207,0.6134965561370822,0.096145755812062,4.43327805318465,6923.404848999999,VRU,Car,0
1787,3,17,81.42,1.9,0.0,0.0,1.139,17,14.92,0.5263155124655198,0.6702412419409356,2.767576180416237,222.6064,Ped,Car,1
1788,4,17,79.87,1.7,0.0,0.0,1.129,20,14.67,0.5882349480970894,0.7157463724780933,2.751748056367929,215.2089,Ped,Car,1
1789,15,17,7.91,1.77,0.0,0.0,1.948,17,33.786,0.5649714322195298,0.4735689198612171,3.5492150069859614,1141.4937960000002,Car,Car,1
1790,17,17,67.55,1.67,0.0,0.0,3.866,17,78.571,0.5988020366454871,0.2163648137816139,4.376649704861057,6173.402040999999,Car,Car,0
1791,17,22,7.21,2.7,0.0,0.0,8.894,18,195.909,0.3703702331962099,0.0995360085573607,5.282741693081942,38380.336281,Car,Car,0
1792,9,6,30.21,2.3,0.0,0.56,0.982,18,11.246,0.4347824196598175,0.6669037287120996,2.5051993530557626,126.472516,VRU,Car,1
1793,2,18,68.19,2.0,0.0,0.0,0.906,12,9.473,0.499999750000125,1.0556316841938471,2.348800516791009,89.73772900000002,Ped,Car,0
1794,15,11,83.79,2.03,0.56,1.11,4.602,20,95.735,0.492610594773106,0.1357915063896014,4.571975281130451,9165.190225,Car,Car,1
1795,11,20,57.64,1.23,0.0,0.56,3.453,17,68.927,0.8130074690996186,0.2248755897561827,4.2474518407526425,4750.931329000001,Car,VRU,1
1796,7,3,78.34,2.37,0.0,0.0,0.676,16,4.109,0.4219407502359703,1.2168407844145086,1.6310036903486609,16.883881,Car,Ped,0
1797,16,5,62.46,2.43,0.0,0.0,9.029,18,199.068,0.4115224643940475,0.052745795141631,5.298657308761134,39628.06862400001,Car,Ped,0
1798,16,5,41.55,2.87,0.0,0.56,1.647,18,26.777,0.3484319343442737,0.3921275575259529,3.32420834013402,717.007729,Car,Ped,0
1799,16,4,46.54,2.93,1.11,0.0,15.806,20,357.245,0.3412968118440915,0.0279919942112779,5.8812171098767605,127623.990025,Car,Ped,0
1800,22,5,46.12,2.4,0.0,0.0,1.326,20,19.275,0.4166664930556278,0.7003890687217085,3.0093886000014765,371.52562499999993,Car,Ped,1
1801,3,17,69.58,2.07,0.0,0.56,7.866,12,171.922,0.4830915540620512,0.0581659121103412,5.152840625774645,29557.174084,Ped,Car,0
1802,3,20,67.69,2.2,0.0,0.0,0.5,22,0.0,0.4545452479339781,11500000.0,0.0,0.0,Ped,Car,0
1803,4,24,45.27,2.17,0.0,0.0,1.542,20,24.317,0.4608292807238338,0.5757288902525438,3.2314761068439397,591.316489,Ped,VRU,1
1804,21,18,32.75,1.17,0.56,-0.56,2.443,18,45.347,0.8547001241879282,0.4300174117357838,3.8361565649980234,2056.350409,VRU,Car,1
1805,21,18,29.6,1.37,0.0,0.56,2.759,18,52.725,0.7299264745062229,0.3698435207236886,3.983878442528574,2779.9256250000003,VRU,Car,0
1806,20,19,1.5,2.5,0.0,0.0,12.725,16,285.332,0.399999840000064,0.0683414406083389,5.657151976727889,81414.350224,Car,Car,0
1807,20,19,1.55,2.5,0.0,0.0,12.474,15,279.461,0.399999840000064,0.0697771779612283,5.636434677862996,78098.450521,Car,Car,0
1808,21,19,4.41,2.73,0.0,0.0,12.252,13,274.296,0.366300232124457,0.0729139321283798,5.617846882438937,75238.29561599999,Car,Car,0
1809,21,22,1.37,1.83,0.0,0.0,6.405,13,137.832,0.5464477888263449,0.1559869975333232,4.933264569051134,18997.660224,Car,Car,0
1810,16,15,3.41,2.03,-2.22,0.0,8.534,18,187.511,0.492610594773106,0.0826618167325553,5.239156360623119,35160.375121,Car,Car,0
1811,21,22,1.56,1.77,0.0,0.0,6.39,12,137.476,0.5649714322195298,0.1563909325526569,4.930697025413223,18899.650576,Car,Car,0
1812,14,14,9.67,1.93,0.0,0.0,8.991,17,198.177,0.518134446562463,0.0706439189681753,5.294193876636876,39274.123329,Car,Car,0
1813,22,18,3.72,2.6,0.0,0.0,8.838,12,194.61,0.3846152366864473,0.1027696413197181,5.276122881038268,37873.05210000001,Car,Car,0
1814,4,18,75.02,1.93,0.0,0.56,0.703,10,4.747,0.518134446562463,2.317252513744994,1.7486779795256044,22.534009,Ped,Car,1
1815,4,21,81.69,1.17,0.0,0.0,0.551,11,1.2,0.8547001241879282,10.416657986118349,0.7884573603642702,1.44,Ped,Car,1
1816,29,4,69.16,1.2,0.56,0.0,1.163,10,15.471,0.8333326388894676,1.0665114687795574,2.8016012588005386,239.351841,VRU,Ped,1
1817,10,16,50.03,2.93,0.0,0.0,2.72,10,51.805,0.3412968118440915,0.2509410240142646,3.966605883198438,2683.758025,Car,Car,0
1818,16,15,44.78,1.8,0.0,-0.56,4.273,15,88.066,0.5555552469137517,0.1760043583675384,4.489377667936428,7755.620356,VRU,Car,1
1819,16,4,84.46,1.43,0.0,0.0,0.51,21,0.241,0.6993002102795733,41.49360376098024,0.2159175062224701,0.0580809999999999,Car,Ped,1
1820,16,5,66.01,1.6,0.0,0.0,1.385,21,20.655,0.6249996093752441,0.5083514641321004,3.07523637466659,426.62902500000007,Car,Ped,0
1821,16,21,1.69,2.4,0.0,0.0,6.459,22,139.081,0.4166664930556278,0.1330160112954608,4.942220826729956,19343.524561,Car,Car,0
1822,16,16,0.82,1.93,0.0,0.0,5.836,12,124.549,0.518134446562463,0.1284634952632016,4.832696120617672,15512.453401000002,Car,Car,0
1823,15,16,2.06,2.3,0.0,0.0,5.657,11,120.359,0.4347824196598175,0.1287813945880125,4.798753095059064,14486.288881,Car,Car,0
1824,20,16,4.75,2.57,0.0,0.0,7.803,14,170.449,0.3891049069630712,0.1056034350122122,5.144285846287662,29052.861601000004,Car,Car,0
1825,21,16,0.86,2.77,0.0,0.0,11.591,21,258.856,0.3610106999961371,0.0714683064272479,5.560127631432247,67006.428736,Car,Car,0
1826,16,15,3.81,2.9,0.0,0.0,7.782,12,169.956,0.3448274673008733,0.0912000747770006,5.141406213451257,28885.041936,Car,Car,0
1827,15,14,9.27,2.17,0.0,0.56,6.834,19,147.843,0.4608292807238338,0.0980770134664677,5.0028920591473724,21857.552649,Car,VRU,0
1828,16,17,2.2,2.7,0.0,0.0,6.207,17,133.209,0.3703702331962099,0.1238655036531653,4.899398286372344,17744.637681,Car,Car,0
1829,3,17,84.76,2.27,0.0,0.0,1.046,16,12.755,0.4405284402958412,0.7840062105835978,2.621402394376538,162.69002500000002,Ped,Car,1
1830,4,3,59.44,2.8,0.0,0.56,2.368,19,43.592,0.3571427295918823,0.0802899596189677,3.797554470739593,1900.262464,Ped,Car,0
1831,4,13,80.26,2.73,0.0,-0.56,2.423,19,44.872,0.366300232124457,0.189427701251834,3.825854909141014,2013.496384,Ped,Car,1
1832,17,15,0.54,2.63,0.0,-0.56,7.022,18,152.215,0.3802279923087481,0.105114475543708,5.031842163740654,23169.406225,Car,Car,0
1833,17,17,2.35,2.03,0.0,0.0,5.459,15,115.744,0.492610594773106,0.1468758627066987,4.7599835033654445,13396.673536,Car,Car,0
1834,12,7,16.16,2.73,-1.11,0.0,7.508,19,163.56,0.366300232124457,0.0580826604421456,5.103275245344702,26751.8736,Car,VRU,0
1835,17,13,86.62,2.33,0.0,1.11,3.888,19,79.067,0.4291843651569247,0.189712519891832,4.382863784166443,6251.590488999999,Car,Car,0
1836,4,13,78.7,2.4,0.0,-0.56,2.037,19,35.879,0.4166664930556278,0.2369073765459635,3.6076422833533135,1287.3026409999998,Ped,Car,1
1837,3,11,56.47,1.53,0.0,1.11,0.5,15,0.0,0.6535943440559843,7000000.0,0.0,0.0,Ped,Car,1
1838,3,7,36.68,2.07,0.0,1.11,1.137,12,14.864,0.4830915540620512,0.3363831851195381,2.764052391217495,220.938496,Ped,Car,1
1839,3,18,85.17,1.7,0.0,1.11,1.145,12,15.048,0.5882349480970894,0.6977670987661418,2.77558423121958,226.442304,Ped,Car,1
1840,10,5,64.76,2.07,0.56,0.0,1.185,17,15.978,0.4830915540620512,0.4693953893231075,2.8319183883157764,255.296484,Car,Ped,0
1841,13,17,3.56,2.43,0.56,0.0,10.382,16,230.636,0.4115224643940475,0.0650375480625854,5.445167174033738,53192.964496,Car,Car,0
1842,10,2,54.25,2.0,0.0,0.0,1.717,20,28.402,0.499999750000125,0.2112527212431264,3.3810626992417747,806.6736040000001,Car,Ped,0
1843,10,19,32.53,2.73,0.0,0.56,3.832,20,77.779,0.366300232124457,0.186425639485907,4.366646463885146,6049.572840999999,Car,Car,0
1844,10,14,24.36,2.13,0.0,2.22,1.983,19,34.609,0.4694833476604002,0.3467306091845876,3.5725984148959413,1197.782881,Car,Car,1
1845,10,5,64.2,1.67,0.0,0.0,3.101,16,60.705,0.5988020366454871,0.1235483053529642,4.122364964905147,3685.097025,Car,Ped,0
1846,3,25,82.07,1.57,0.0,0.0,0.5,18,0.0,0.6369422694635226,14000000.0,0.0,0.0,Ped,Car,1
1847,3,30,76.35,2.7,0.56,0.0,2.575,19,48.427,0.3703702331962099,0.3407190133454681,3.900496833589523,2345.174329,Ped,VRU,0
1848,3,19,70.64,2.17,0.0,0.0,1.543,20,24.342,0.4608292807238338,0.451893827463075,3.2324630983767166,592.532964,Ped,Car,0
1849,4,30,85.88,1.27,0.56,1.11,1.211,19,16.59,0.7874009548023978,1.0247136211745858,2.867330558749466,275.2281,Ped,VRU,1
1850,4,30,74.97,1.53,0.56,0.56,1.202,19,16.387,0.6535943440559843,1.0374076379198365,2.8557228005456525,268.533769,Ped,VRU,0
1851,3,17,68.94,2.8,0.0,0.0,0.957,22,10.655,0.3571427295918823,0.9385264252908097,2.4557352724877206,113.529025,Ped,Car,1
1852,3,25,69.97,2.5,0.0,0.0,0.5,19,0.0,0.399999840000064,14000000.0,0.0,0.0,Ped,Car,0
1853,3,30,55.41,2.03,0.0,0.0,1.451,18,22.201,0.492610594773106,0.7432097318494783,3.144195381191613,492.884401,Ped,VRU,0
1854,3,19,56.42,2.23,0.0,0.0,1.922,20,33.19,0.4484302921837254,0.3314251180649257,3.5319332036512097,1101.5760999999998,Ped,Car,0
1855,22,22,0.45,1.97,0.0,0.0,6.211,14,133.3,0.5076139555259109,0.1650412590769598,4.900076103529192,17768.890000000003,Car,Car,0
1856,23,25,2.44,1.87,0.0,0.0,7.707,19,168.221,0.5347590723213517,0.1426694637252812,5.13120555294586,28298.304841,Car,Car,0
1857,23,24,2.06,2.27,3.33,3.89,7.828,14,171.036,0.4405284402958412,0.1373979738920579,5.147703757238358,29253.313296,Car,Car,0
1858,22,25,3.51,1.93,0.0,0.0,7.485,18,163.021,0.518134446562463,0.1441532063712454,5.099994468407141,26575.846440999994,Car,Car,0
1859,3,6,76.4,1.1,0.0,2.78,0.88,22,8.879,0.9090900826453794,0.5068137733062538,2.2904112920623367,78.83664099999999,Ped,VRU,1
1860,25,10,86.77,1.97,1.11,1.11,2.285,18,41.66,0.5076139555259109,0.4200672006704945,3.753261713043204,1735.5555999999997,VRU,Car,1
1861,6,13,12.41,3.0,0.0,0.56,3.081,17,60.252,0.3333332222222592,0.1576711120349347,4.1149965019529615,3630.303504,Car,LCV,0
1862,16,14,2.07,2.47,0.0,0.0,3.546,19,71.097,0.4048581356849652,0.2109793632504977,4.278012434548669,5054.783408999999,Car,Car,0
1863,15,14,2.72,2.73,0.56,0.0,5.873,19,125.413,0.366300232124457,0.1156179972122667,4.83955432452552,15728.420569,Car,Car,0
1864,16,14,2.29,2.73,0.0,0.0,5.055,21,106.304,0.366300232124457,0.1411047548436112,4.675665927599789,11300.540416,Car,Car,0
1865,20,16,0.74,2.4,-1.11,-1.11,3.896,20,79.251,0.4166664930556278,0.2271264687243508,4.385159222991677,6280.721001000001,Car,Car,0
1866,22,18,1.54,2.23,0.56,2.22,5.133,20,108.135,0.4484302921837254,0.1849539909839183,4.692585647991041,11693.178225,Car,Car,0
1867,22,18,1.55,2.23,0.56,2.22,5.133,20,108.135,0.4484302921837254,0.1849539909839183,4.692585647991041,11693.178225,Car,Car,0
1868,22,17,1.54,2.2,0.56,2.22,5.242,20,110.671,0.4545452479339781,0.1761979183688778,4.7155570483741736,12248.070241,Car,Car,0
1869,22,18,1.35,2.3,0.0,0.56,4.62,20,96.151,0.4347824196598175,0.2080061548189186,4.576266469131255,9245.014801,Car,Car,0
1870,22,17,1.51,2.2,0.56,2.22,5.318,20,112.444,0.4545452479339781,0.1734196562429328,4.731309323093054,12643.653136,Car,Car,0
1871,14,5,58.16,2.87,0.56,0.0,2.574,19,48.415,0.3484319343442737,0.1962201756434953,3.900254021828147,2344.012225,Car,Ped,0
1872,14,13,80.9,2.13,0.0,0.56,3.925,22,79.935,0.4694833476604002,0.1688872187541475,4.393646363385924,6389.604225,Car,Car,0
1873,19,5,89.17,2.27,0.0,0.0,3.06,21,59.743,0.4405284402958412,0.2008603484783096,4.106651849244145,3569.2260490000003,Car,Ped,0
1874,19,5,84.74,2.07,0.0,0.0,11.17,21,249.04,0.4830915540620512,0.0481850303237029,5.521620905063611,62020.9216,Car,Ped,0
1875,19,16,19.97,2.53,0.0,0.56,4.932,23,103.445,0.3952567607680787,0.1691720221453717,4.648660617062619,10700.868024999998,Car,Car,0
1876,3,7,89.13,2.67,0.0,-0.56,1.085,14,13.642,0.3745316949319494,0.3665151468615198,2.683894111224451,186.104164,Ped,Car,1
1877,3,7,88.84,1.9,0.0,0.56,1.436,14,21.856,0.5263155124655198,0.2287701213044417,3.129213664928472,477.6847360000001,Ped,Car,0
1878,4,16,43.16,2.13,0.0,0.56,1.12,15,14.475,0.4694833476604002,0.6908462389743532,2.73922581857066,209.525625,Ped,Car,1
1879,10,17,8.07,2.2,0.56,1.11,4.254,13,87.62,0.4545452479339781,0.1540744104762108,4.484357565771344,7677.264400000001,Car,Car,0
1880,12,5,68.34,2.0,1.11,0.0,1.371,14,20.322,0.499999750000125,0.4182658981268626,3.059739403528283,412.983684,Car,Ped,0
1881,17,3,81.52,2.6,-0.56,0.0,0.968,16,10.926,0.3846152366864473,0.9152479484488424,2.478720890700914,119.377476,Car,Ped,1
1882,14,4,75.04,2.03,0.0,0.0,6.81,15,147.285,0.492610594773106,0.061106018527983,4.999136097703235,21692.871225,Car,Ped,0
1883,10,3,49.5,2.83,1.67,0.0,0.769,14,6.268,0.353356765598316,1.0370132359583224,1.9834811505339247,39.287824,Car,Ped,1
1884,3,13,83.68,3.0,1.11,-1.11,2.686,15,51.029,0.3333332222222592,0.1567735962536284,3.951801255436559,2603.9588410000006,Ped,VRU,0
1885,17,4,55.7,2.5,-0.56,0.0,6.572,15,141.724,0.399999840000064,0.0740876628228976,4.960912695344782,20085.692176,VRU,Ped,0
1886,17,6,6.76,2.33,0.0,0.56,4.666,16,97.239,0.4291843651569247,0.1182653038568341,4.58740328519393,9455.423121000002,Car,Car,0
1887,17,2,0.78,2.03,0.0,0.0,6.561,15,141.469,0.492610594773106,0.0671525205723337,4.959124432182958,20013.477961,Car,Car,0
1888,17,1,2.84,2.0,1.67,0.0,7.813,16,170.686,0.499999750000125,0.0527284015518062,5.145667227013541,29133.710596,Car,Car,0
1889,6,18,7.4,2.23,0.56,0.0,6.8,14,147.041,0.4484302921837254,0.081609890563789,4.997489262426241,21621.055681,Car,Car,0
1890,10,4,68.01,2.9,0.0,0.0,7.658,14,167.074,0.3448274673008733,0.0418976020093036,5.124404358612575,27913.721476,Car,Ped,0
1891,9,11,38.17,2.9,1.11,0.56,1.474,13,22.723,0.3448274673008733,0.4400827161870036,3.166445041680228,516.3347289999999,Car,Car,0
1892,4,7,84.77,2.07,0.0,0.56,1.434,15,21.796,0.4830915540620512,0.2523398672995106,3.126585081972753,475.065616,Ped,Car,0
1893,18,4,51.76,2.27,0.0,0.0,1.124,14,14.555,0.4405284402958412,0.7557539844895923,2.7443821303496003,211.848025,Car,Ped,1
1894,15,11,1.07,2.1,0.0,0.56,2.875,14,55.423,0.4761902494332145,0.2345596551150306,4.032876876794053,3071.7089290000004,HCV,Car,1
1895,13,23,65.9,1.9,1.67,0.0,2.134,13,38.146,0.5263155124655198,0.4718712192137781,3.667298246080332,1455.117316,HCV,VRU,0
1896,13,20,34.64,2.1,0.0,-0.56,3.422,12,68.209,0.4761902494332145,0.241903557567131,4.2371309119703096,4652.467681,Car,Car,0
1897,16,3,67.36,1.37,0.0,0.0,0.507,14,0.156,0.7299264745062229,60.89704553175941,0.1449657702501857,0.024336,Car,Ped,1
1898,4,22,75.93,2.57,0.0,0.0,14.641,15,330.053,0.3891049069630712,0.0393876133851605,5.80227848340501,108934.982809,Ped,Car,0
1899,19,23,1.75,2.97,0.56,0.0,12.334,13,276.212,0.3367002233332581,0.0760285574992087,5.624782556422051,76293.068944,Car,Car,0
1900,18,23,71.95,2.03,0.56,0.0,6.501,15,140.07,0.492610594773106,0.1463553926868323,4.949256221086411,19619.6049,Car,VRU,0
1901,4,24,74.94,2.4,0.0,0.0,7.508,14,163.575,0.4166664930556278,0.0855876504014204,5.10336639335394,26756.780625,Car,VRU,0
1902,0,5,3.31,2.43,0.0,0.0,9.255,15,204.349,0.4115224643940475,0.0122339722130572,5.324710970656111,41758.513801,Car,Car,0
1903,10,17,57.16,2.83,0.0,0.0,2.614,16,49.344,0.353356765598316,0.2735894886188901,3.918879446224632,2434.830336,Car,Car,0
1904,24,16,87.37,1.67,0.0,1.11,3.882,16,78.933,0.5988020366454871,0.2533794451828836,4.3811887837748245,6230.4184890000015,VRU,Car,0
1905,23,3,68.68,2.8,1.11,0.0,18.068,13,410.027,0.3571427295918823,0.0317052290905105,6.018658905769173,168122.14072899998,Car,Ped,0
1906,4,6,32.92,1.87,0.0,0.0,1.504,19,23.423,0.5347590723213517,0.2134653881456095,3.19552531125995,548.6369289999999,Car,Ped,0
1907,6,4,80.17,1.77,0.0,0.0,0.799,19,6.984,0.5649714322195298,0.7159220051658068,2.0774395390091627,48.776256,Car,Ped,1
1908,22,17,8.24,2.83,0.0,0.0,10.092,9,223.883,0.353356765598316,0.0870990647476625,5.415580266957533,50123.597689,Car,Car,0
1909,11,9,2.09,2.83,0.56,0.0,3.169,19,62.291,0.353356765598316,0.1605368325996238,4.147743138946796,3880.168681,Car,Car,0
1910,9,11,53.46,2.73,0.0,0.56,2.261,16,41.102,0.366300232124457,0.2432971572357268,3.7400952454982064,1689.3744039999997,Car,Car,0
1911,9,6,40.5,2.63,0.0,0.0,2.112,16,37.62,0.3802279923087481,0.1993620361679416,3.653770277000368,1415.2643999999998,Car,Ped,0
1912,17,18,1.87,2.83,0.56,0.56,8.138,18,178.26,0.353356765598316,0.0981712100405519,5.188837265929216,31776.6276,Car,Car,0
1913,22,15,70.86,2.73,1.11,-0.56,7.076,18,153.494,0.366300232124457,0.1205258829626833,5.040155260632248,23560.408036,Car,VRU,0
1914,22,2,84.09,2.17,0.0,0.0,1.328,18,19.327,0.4608292807238338,0.6208930190462555,3.011950051576825,373.5329290000001,Car,Ped,1
1915,18,6,83.49,1.27,1.11,0.56,1.296,18,18.584,0.7874009548023978,0.6457167108417611,2.974712906329916,345.365056,VRU,Ped,1
1916,18,14,76.96,3.0,0.0,0.56,7.553,17,164.614,0.3333332222222592,0.0971970786373147,5.109659779440567,27097.768996000003,VRU,Car,0
1917,11,1,73.09,2.9,1.11,-0.56,7.735,20,168.868,0.3448274673008733,0.0355307101669309,5.1350216648526015,28516.401424,Car,Ped,0
1918,20,5,75.36,2.97,0.56,0.0,15.689,13,354.504,0.3367002233332581,0.0352605329269612,5.873536500938083,125673.08601600002,Car,Ped,0
1919,5,20,42.94,2.9,0.0,0.0,3.075,16,60.106,0.3448274673008733,0.2079659234025567,4.1126100610289456,3612.731236,Ped,VRU,0
1920,10,4,66.39,2.07,0.0,0.0,0.975,13,11.083,0.4830915540620512,0.6315978858072827,2.491799506045171,122.832889,Car,Ped,1
1921,11,3,85.83,2.53,0.0,0.0,1.06,8,13.073,0.3952567607680787,0.5354547131144562,2.6442580680144308,170.903329,Car,Ped,0
1922,6,18,89.66,2.77,0.56,0.0,3.865,10,78.539,0.3610106999961371,0.1527903315194956,4.376247467409842,6168.374521000001,Ped,Car,0
1923,4,19,45.41,2.9,0.0,0.0,13.088,14,293.807,0.3448274673008733,0.0391413409512321,5.68632090494508,86322.553249,Ped,Car,0
1924,17,17,19.67,2.9,0.0,0.0,9.625,8,212.968,0.3448274673008733,0.0798241985658681,5.365826471130441,45355.36902399999,Car,Car,0
1925,17,17,0.61,2.17,0.0,-0.56,4.844,11,101.379,0.4608292807238338,0.1676875865052171,4.628681613449014,10277.701641,Car,Car,0
1926,17,16,2.13,2.73,0.0,0.0,5.987,15,128.077,0.366300232124457,0.1288287504483338,4.8604091255129935,16403.717929,Car,Car,0
1927,0,19,84.0,2.33,0.0,0.0,7.942,7,173.7,0.4291843651569247,0.0546919973823143,5.163070217140011,30171.689999999995,Ped,Car,0
1928,14,13,0.94,1.67,0.0,0.0,7.205,9,156.49,0.5988020366454871,0.0862674925792862,5.05936196418649,24489.120100000004,Car,Car,0
1929,14,13,1.71,1.73,0.0,0.0,6.357,8,136.708,0.5780343479570244,0.098750621040827,4.925135501360025,18689.077264,Car,Car,0
1930,3,23,69.61,2.03,0.0,0.0,1.472,8,22.681,0.492610594773106,0.5731669426759427,3.1646730388538846,514.427761,Ped,Car,0
1931,22,10,84.01,2.7,0.56,0.0,4.719,8,98.472,0.3703702331962099,0.1624827345592378,4.5998761975269815,9696.734783999998,Car,Car,0
1932,13,4,82.82,2.67,0.0,0.0,2.199,8,39.655,0.3745316949319494,0.2143487526327385,3.705121829659801,1572.519025,Car,Ped,0
1933,12,6,58.28,3.0,0.56,-0.56,1.733,5,28.781,0.3333332222222592,0.3127062884296484,3.3938706062756943,828.3459609999999,Car,VRU,0
1934,22,1,53.67,2.17,0.0,0.0,1.838,5,31.23,0.4608292807238338,0.3682356590382433,3.4728976958273465,975.3129,VRU,Ped,1
1935,10,11,6.82,2.53,3.89,-5.0,8.686,5,191.053,0.3952567607680787,0.0549585714175722,5.2577713756019575,36501.248809,Car,Car,0
1936,13,15,2.15,2.6,-1.11,-0.56,5.266,10,111.228,0.3846152366864473,0.1258675861665445,4.720532516322286,12371.667983999998,Car,Car,0
1937,18,18,4.38,2.67,0.0,0.0,5.894,8,125.898,0.3745316949319494,0.142972881674269,4.8433836141548525,15850.306404,Car,Car,0
1938,18,19,2.48,1.37,0.0,0.0,6.994,13,151.577,0.7299264745062229,0.122050178311682,5.027669386652035,22975.586929,Car,VRU,0
1939,18,18,8.37,1.47,0.0,0.0,3.299,10,65.322,0.6802716460737102,0.2755580007415878,4.1945216671877725,4266.963684,Car,VRU,0
1940,10,3,39.34,2.67,0.56,0.0,2.989,17,58.1,0.3745316949319494,0.1118760738059195,4.079230924412053,3375.61,Car,Ped,1
1941,10,1,74.45,2.63,1.67,0.0,1.992,17,34.826,0.3802279923087481,0.1579279803041411,3.5786738867929104,1212.850276,Car,Ped,0
1942,13,3,69.12,2.3,0.0,0.0,0.734,14,5.472,0.4347824196598175,1.4619880369173908,1.8674851797561909,29.942784000000003,Car,Ped,1
1943,3,13,68.93,2.6,0.0,0.0,1.991,15,34.806,0.3846152366864473,0.2298454223454168,3.578115477129081,1211.457636,Ped,Car,0
1944,13,8,6.3,2.9,-0.56,-0.56,3.753,19,75.918,0.3448274673008733,0.1383071190191111,4.342739919342504,5763.542724000001,Car,Car,0
1945,14,14,3.36,2.23,0.0,0.0,4.274,15,88.096,0.4484302921837254,0.1589175426929992,4.489714440090799,7760.905216000001,Car,Car,0
1946,9,12,72.28,2.77,1.11,0.0,2.553,17,47.917,0.3610106999961371,0.2191289058344866,3.89012498432693,2296.038889,Car,Car,0
1947,14,12,1.47,2.53,0.0,0.0,6.039,16,129.285,0.3952567607680787,0.1005530409517497,4.869724358547849,16714.611225,Car,Car,0
1948,5,12,64.14,2.73,0.0,0.56,1.504,16,23.438,0.366300232124457,0.362658914469711,3.1961392978943306,549.339844,Ped,Car,0
1949,12,16,1.4,2.93,0.0,0.0,8.175,14,179.145,0.3412968118440915,0.0781489850224735,5.193762082160031,32092.931025000005,Car,Car,0
1950,4,3,88.53,2.8,0.0,0.56,1.68,13,27.53,0.3571427295918823,0.1271340309795121,3.3509561652254085,757.9009000000001,Ped,Car,0
1951,16,7,0.45,2.67,0.0,0.56,6.85,15,148.199,0.3745316949319494,0.0775983638378237,5.0052809853343305,21962.943601000003,Car,Car,0
1952,9,9,9.22,2.13,0.0,0.0,2.792,16,53.501,0.4694833476604002,0.1682211516005093,3.9982190501247175,2862.357001,Car,Car,1
1953,18,5,36.61,2.43,0.56,0.56,10.291,17,228.519,0.4115224643940475,0.0503240428571626,5.435985814744831,52220.933361,Car,Ped,0
1954,8,5,70.19,2.03,0.0,0.56,1.107,18,14.173,0.492610594773106,0.4586184676061196,2.719517532543104,200.873929,Car,Ped,1
1955,4,26,86.76,1.93,0.0,0.0,1.796,14,30.259,0.518134446562463,0.4957202651865472,3.4423073347183712,915.607081,Ped,Car,0
1956,5,4,1.28,2.67,0.56,1.11,4.512,13,93.649,0.3745316949319494,0.0480517672580404,4.55017531235916,8770.135201000001,Car,Car,0
1957,15,17,9.91,2.17,1.11,1.11,4.018,17,82.11,0.4608292807238338,0.1948605505436542,4.420165031564935,6742.0521,Car,Car,0
1958,4,3,49.45,2.73,1.11,0.0,1.464,15,22.507,0.366300232124457,0.1555071686361057,3.157298249135381,506.565049,Car,Ped,0
1959,3,10,87.41,2.23,0.0,0.56,1.109,18,14.225,0.4484302921837254,0.45694197139248,2.722938813595961,202.350625,Ped,Car,0
1960,11,5,81.19,1.57,0.0,0.0,0.902,17,9.388,0.6369422694635226,0.8521515922292723,2.340651293800502,88.13454399999999,Car,Ped,1
1961,8,9,2.29,1.83,0.0,0.0,3.844,16,78.039,0.5464477888263449,0.1089198976291354,4.369941401537715,6090.085521,Car,Car,0
1962,8,9,0.03,2.13,0.0,0.0,3.322,19,65.858,0.4694833476604002,0.1290655633474207,4.202570967292972,4337.276164000001,Car,Car,0
1963,8,9,0.38,2.37,0.0,0.0,3.124,21,61.254,0.4219407502359703,0.1387664456400162,4.131222790308535,3752.052516,Car,Car,0
1964,8,9,0.56,2.73,0.0,0.0,2.579,21,48.531,0.366300232124457,0.1751457794987579,3.902598736180305,2355.257961,Car,Car,0
1965,8,7,1.11,2.97,0.0,-1.11,2.357,21,43.353,0.3367002233332581,0.1729984044241827,3.792180350210808,1879.482609,Car,Car,0
1966,0,1,10.54,2.93,-1.67,-4.44,9.592,16,212.206,0.3412968118440915,0.0023562010388198,5.3622588344848126,45031.38643599999,Car,Car,0
1967,7,16,7.44,2.0,0.0,0.0,3.528,15,70.683,0.499999750000125,0.1626982419719276,4.272253620469448,4996.086489000001,Car,Car,0
1968,6,16,7.31,2.3,0.56,0.0,3.466,22,69.22,0.4347824196598175,0.1589136064878127,4.251633170740286,4791.4084,Car,VRU,1
1969,25,13,31.1,1.67,0.0,0.56,2.9,22,56.019,0.5988020366454871,0.3391706324787906,4.04338454562467,3138.128361,VRU,Car,0
1970,14,15,3.66,2.6,0.0,0.0,8.598,18,189.009,0.3846152366864473,0.0767159231744735,5.247071439459691,35724.40208099999,Car,Car,0
1971,6,5,68.01,2.37,0.0,0.0,4.5,20,93.367,0.4219407502359703,0.0589073220848123,4.5471914357642405,8717.396689000001,Ped,Car,0
1972,7,4,73.76,3.0,0.0,0.0,1.294,18,18.521,0.3333332222222592,0.2969601912985156,2.9714908091809566,343.027441,Car,Ped,0
1973,21,21,1.87,2.67,0.0,0.0,13.877,24,312.21,0.3745316949319494,0.0672624193098798,5.746873892087149,97475.0841,Car,Car,0
1974,11,16,0.85,1.67,0.0,0.0,5.282,20,111.613,0.5988020366454871,0.1209536512686367,4.723957161972142,12457.461769,Car,Car,0
1975,11,16,3.51,1.73,0.0,0.0,4.606,22,95.84,0.5780343479570244,0.1408597648073897,4.573060132069858,9185.305600000002,Car,Car,0
1976,11,9,14.06,2.97,0.0,0.0,4.263,22,87.834,0.3367002233332581,0.1138511269684731,4.486769459600061,7714.811556000001,Car,Car,0
1977,11,16,73.65,2.33,0.0,1.11,2.939,21,56.916,0.4291843651569247,0.2371916466864916,4.058993684919175,3239.4310559999994,Car,Car,0
1978,11,11,84.27,2.6,1.67,0.56,4.011,20,81.948,0.3846152366864473,0.1342314622171198,4.418213905435594,6715.474703999999,Car,Car,0
1979,8,14,62.48,2.4,0.0,0.0,2.676,18,50.787,0.4166664930556278,0.2165908556010228,3.947139152517424,2579.319369,Car,Car,0
1980,8,3,63.84,2.07,0.0,0.0,0.588,20,2.047,0.4830915540620512,2.686857505199069,1.114157500003572,4.190209,Car,Ped,1
1981,7,4,76.2,2.67,0.56,0.0,2.619,25,49.466,0.3745316949319494,0.1111874800633267,3.9212998422083554,2446.8851560000003,Car,Ped,0
1982,16,5,67.72,1.4,0.0,0.0,0.712,13,4.944,0.7142852040819971,2.123785978198629,1.782382307415458,24.443136,Car,Ped,1
1983,4,9,69.84,2.9,0.0,0.0,1.665,22,27.197,0.3448274673008733,0.2389969394051939,3.339215589306274,739.6768089999999,Ped,Car,0
1984,20,4,80.63,2.67,0.56,0.0,2.832,23,54.426,0.3745316949319494,0.2204828534067752,4.015048797739253,2962.189476,Car,Ped,0
1985,14,4,65.74,2.5,1.11,0.0,2.122,23,37.861,0.399999840000064,0.2377116231026221,3.659991177020151,1433.4553209999997,Car,Ped,0
1986,14,4,67.61,1.63,0.56,0.0,0.775,23,6.418,0.6134965561370822,1.4023057958389225,2.0039094790673992,41.190724,Car,Ped,1
1987,17,5,47.72,2.43,0.0,0.0,2.126,20,37.94,0.4115224643940475,0.2899314631014374,3.6620219999440535,1439.4435999999998,Car,Ped,0
1988,15,9,3.5,1.8,0.0,0.0,9.392,25,207.54,0.5555552469137517,0.0578201789639578,5.340130869361447,43072.8516,Car,Car,0
1989,14,4,43.59,2.67,0.0,0.0,0.52,21,0.468,0.3745316949319494,19.230728139469782,0.3839009301923238,0.219024,Car,Ped,0
1990,14,5,43.64,2.47,0.0,0.0,9.432,24,208.472,0.4048581356849652,0.0455696686098388,5.344590078878715,43460.574784,Car,Ped,1
1991,4,13,81.71,1.7,0.0,0.56,0.849,22,8.155,0.5882349480970894,1.0423052063390306,2.214300178126474,66.50402499999998,Ped,Car,1
1992,3,8,68.23,1.7,0.0,1.11,1.092,19,13.807,0.5882349480970894,0.3983486348700923,2.695100041926582,190.633249,Ped,Car,0
1993,3,3,65.96,1.8,0.0,0.56,1.137,19,14.857,0.5555552469137517,0.2019250049185566,2.7636110432074306,220.730449,Ped,Car,1
1994,13,17,3.67,2.2,0.0,0.0,6.663,19,143.844,0.4545452479339781,0.1042796355476791,4.975657301196582,20691.096336,Car,Car,0
1995,12,15,3.44,1.67,0.0,0.0,3.579,17,71.854,0.5988020366454871,0.1878809782631311,4.288457438477718,5162.997316,Car,Car,0
1996,4,17,83.63,1.5,0.0,0.56,0.891,19,9.119,0.6666662222225186,1.1514419178153397,2.3144148447476227,83.156161,Ped,Car,1
1997,14,10,65.62,2.53,1.11,2.22,1.246,26,17.403,0.3952567607680787,0.6895362472254067,2.912513694803057,302.864409,Car,Car,1
1998,16,4,75.17,2.33,1.67,0.0,1.42,26,21.465,0.4291843651569247,0.465874658007237,3.1119585425221232,460.746225,Car,Ped,0
1999,15,3,60.39,2.4,0.0,0.0,1.347,18,19.769,0.4166664930556278,0.4552582095574784,3.033461490363998,390.81336099999993,Car,Ped,0
2000,3,17,87.12,2.53,0.0,0.0,10.439,15,231.976,0.3952567607680787,0.0431079075287619,5.4509354439685485,53812.864576,Ped,Car,0
2001,16,17,3.43,2.67,0.0,0.0,9.281,15,204.948,0.3745316949319494,0.0805082260841373,5.327623709740011,42003.682704000006,LCV,Car,0
2002,14,15,3.45,2.77,1.11,-0.56,4.186,19,86.029,0.3610106999961371,0.1685478133123968,4.466241396444704,7400.988840999999,LCV,Car,0
2003,3,5,3.18,2.4,0.56,1.11,7.733,15,168.826,0.4166664930556278,0.0236930329232876,5.134774383474573,28502.218276,LCV,Car,0
2004,12,16,6.44,2.43,0.0,0.56,4.36,18,90.092,0.4115224643940475,0.1553967038649746,4.511869984822631,8116.568464,LCV,Car,0
2005,2,19,11.93,2.77,0.56,0.56,8.798,16,193.67,0.3610106999961371,0.0542159340413283,5.271305817301187,37508.0689,Car,Car,0
2006,3,18,77.67,2.87,0.0,0.0,1.51,19,23.573,0.3484319343442737,0.4454248315689631,3.201648279201575,555.686329,Ped,VRU,0
2007,2,7,0.66,2.8,0.56,0.0,6.447,9,138.811,0.3571427295918823,0.0324181798818668,4.940291510538348,19268.493721000003,Car,Car,0
2008,9,10,0.06,2.27,0.0,0.0,5.9,10,126.039,0.4405284402958412,0.0753734949073422,4.844494125931321,15885.829521,Car,Car,0
2009,9,1,85.84,2.87,0.0,0.0,3.205,16,63.14,0.3484319343442737,0.0791891023251646,4.161068194265009,3986.6596,Car,Ped,0
2010,9,18,0.32,2.87,0.0,0.0,8.903,11,196.114,0.3484319343442737,0.0688375125241568,5.283782241570212,38460.700996,Car,VRU,0
2011,9,18,8.63,2.57,0.0,0.0,5.541,13,117.648,0.3891049069630712,0.1147490810319845,4.7761611264396615,13841.051904,Car,VRU,0
2012,9,18,0.31,2.93,0.0,0.0,9.431,12,208.46,0.3412968118440915,0.0647606252290097,5.344532790344999,43455.5716,Car,VRU,0
2013,3,23,71.0,1.9,0.0,-1.67,1.219,21,16.792,0.5263155124655198,0.7741781339817689,2.878748918068172,281.9712640000001,Ped,Car,0
2014,2,14,78.82,2.83,0.56,0.56,3.061,19,59.784,0.353356765598316,0.1338150653383001,4.10732659644527,3574.126656,Ped,VRU,0
2015,4,24,85.24,2.2,0.0,0.56,1.691,18,27.802,0.4545452479339781,0.5035608767872499,3.360444829175191,772.951204,Ped,Car,0
2016,22,28,3.36,2.27,0.0,0.0,11.984,18,268.033,0.4405284402958412,0.0932720967445348,5.594834048657608,71841.689089,Car,Car,0
2017,22,23,3.04,2.2,0.0,-1.11,9.471,18,209.372,0.4545452479339781,0.1074642258398246,5.3488773921597375,43836.634384000005,Car,Car,0
2018,22,28,2.81,2.37,0.0,0.0,9.677,16,214.2,0.4219407502359703,0.1167133514625894,5.371567828287629,45881.63999999999,Car,Car,0
2019,22,5,82.1,2.1,0.0,0.0,10.615,18,236.075,0.4761902494332145,0.0571852163202998,5.468376546769791,55731.40562499999,Car,Ped,0
2020,24,4,84.83,1.77,0.56,0.0,1.009,20,11.887,0.5649714322195298,1.1777571146835102,2.556219051306254,141.300769,Car,Ped,1
2021,4,17,87.1,2.17,0.0,0.0,1.836,16,31.187,0.4608292807238338,0.3366787335531236,3.4715626443227188,972.628969,Ped,Car,0
2022,3,17,86.87,2.2,0.0,0.0,2.355,17,43.3,0.4545452479339781,0.2309468768834439,3.7909846770510898,1874.89,Ped,Car,0
2023,17,13,0.36,2.57,1.11,0.0,9.87,13,218.704,0.3891049069630712,0.0685858508825359,5.392281185870251,47831.439616,Car,Car,0
2024,15,13,3.71,2.47,2.22,1.11,9.504,13,210.148,0.4048581356849652,0.0666197153119719,5.352559309395714,44162.181904,Car,Car,0
2025,13,3,74.77,1.93,0.0,0.0,1.518,17,23.759,0.518134446562463,0.3367144940142895,3.209189059278657,564.490081,Car,Ped,0
2026,13,21,5.66,2.87,0.0,-1.11,10.949,19,243.878,0.3484319343442737,0.0697069843540336,5.500760127338205,59476.478884,Car,Car,0
2027,5,18,83.09,2.83,0.0,0.0,2.609,17,49.222,0.353356765598316,0.2336353615530583,3.916453177707461,2422.805284,Ped,Car,0
2028,4,22,60.76,2.4,0.0,0.0,2.153,15,38.578,0.4166664930556278,0.3369796169583799,3.678273408326712,1488.2620840000002,Ped,Car,0
2029,18,15,1.36,1.3,0.0,0.0,3.968,15,80.945,0.7692301775152481,0.2038421124980899,4.40604829051579,6552.093024999999,Car,Car,0
2030,16,15,4.9,2.6,0.0,0.0,6.182,21,132.623,0.3846152366864473,0.1168726381029486,4.895022401974078,17588.860128999997,Car,Car,0
2031,16,15,10.14,2.47,0.56,0.0,5.468,19,115.96,0.4048581356849652,0.1336667804961471,4.761831996001468,13446.7216,Car,Car,0
2032,14,5,75.69,1.6,0.56,0.56,0.837,21,7.868,0.6249996093752441,1.2074223173077887,2.182449291754065,61.905424,Car,Ped,1
2033,15,3,69.45,2.4,0.56,0.0,1.396,22,20.915,0.4166664930556278,0.4303131517899521,3.0871713338707725,437.437225,Car,Ped,0
2034,14,4,71.71,2.73,0.56,0.0,2.468,21,45.925,0.366300232124457,0.1959716887104695,3.848550582472572,2109.105625,Car,Ped,0
2035,4,9,51.78,2.63,0.0,-1.11,1.328,23,19.318,0.3802279923087481,0.3364737376294783,3.0115071926693533,373.185124,Ped,Car,0
2036,3,9,55.58,2.53,0.0,0.56,0.922,18,9.849,0.3952567607680787,0.6091988415880961,2.384072909840313,97.002801,Ped,Car,0
2037,8,3,67.59,2.47,0.56,0.0,1.786,21,30.013,0.4048581356849652,0.1832539171940853,3.4344064714191904,900.780169,Car,Ped,0
2038,7,3,68.41,2.03,0.56,0.0,0.533,22,0.761,0.492610594773106,6.570293600139816,0.5658818295140691,0.579121,Car,Ped,1
2039,5,14,88.73,2.5,0.0,1.11,2.628,19,49.67,0.399999840000064,0.1912623275364943,3.9253340194878175,2467.1089,Ped,Car,0
2040,4,20,61.78,1.53,0.0,0.0,0.679,19,4.182,0.6535943440559843,2.869439772969925,1.6451910821399185,17.489124000000004,Ped,Car,1
2041,3,16,75.51,2.03,0.0,0.56,0.644,22,3.366,0.492610594773106,2.8223402191502616,1.473847258127752,11.329956,Ped,Car,0
2042,3,16,76.62,1.9,0.0,0.56,1.229,15,17.012,0.5263155124655198,0.5584293111668639,2.8910382024393253,289.408144,Ped,Car,1
2043,3,15,86.04,1.4,0.0,0.0,0.923,25,9.881,0.7142852040819971,0.9108388917276702,2.387018148968875,97.634161,Ped,Car,1
2044,5,22,56.37,1.57,0.0,0.0,0.894,16,9.204,0.6369422694635226,1.46675342603722,2.322779800279565,84.71361600000002,Ped,Car,1
2045,5,29,57.18,2.97,0.0,4.44,2.767,17,52.903,0.3367002233332581,0.3213428289257163,3.9871861349931543,2798.727409,Ped,Car,0
2046,20,4,78.89,2.7,0.56,0.0,1.612,17,25.963,0.3703702331962099,0.462196184485761,3.294465555817787,674.0773690000001,Car,Ped,0
2047,2,11,77.95,2.7,0.0,-0.56,1.95,20,33.844,0.3703702331962099,0.1920576707227966,3.5508809559566457,1145.416336,Ped,Car,0
2048,3,16,84.26,2.93,0.0,0.56,16.026,21,362.366,0.3412968118440915,0.0262165875766032,5.895410590770456,131309.117956,Ped,Car,0
2049,3,22,89.69,1.87,0.0,0.0,0.658,18,3.676,0.5347590723213517,3.4004343306761884,1.542443043609822,13.512976000000002,Ped,Car,1
2050,15,4,89.14,2.17,0.0,0.0,1.257,18,17.679,0.4608292807238338,0.5373606800520007,2.927399898177166,312.5470409999999,Car,Ped,0
2051,5,13,84.81,2.23,0.0,1.11,3.831,26,77.752,0.4484302921837254,0.1157526479607901,4.366303674208646,6045.373503999999,Ped,Car,0
2052,8,15,1.95,2.53,1.67,1.67,4.245,27,87.401,0.3952567607680787,0.1315774404002535,4.48188328179681,7638.934800999999,Car,Car,0
2053,5,12,78.14,1.73,0.56,-1.11,0.691,26,4.45,0.5780343479570244,1.9101119303119256,1.6956156086751528,19.8025,Ped,Car,1
2054,5,11,70.45,2.33,0.56,0.56,1.767,24,29.565,0.4291843651569247,0.270590215775741,3.419855563480689,874.089225,Ped,Car,0
2055,15,16,61.76,2.27,1.11,1.11,4.828,22,101.022,0.4405284402958412,0.1534319242003531,4.62518847630184,10205.444484,Car,Car,0
2056,3,15,64.59,3.0,0.0,0.56,1.214,25,16.657,0.3333332222222592,0.5403133493238068,2.871132305320661,277.455649,Ped,Car,0
2057,3,10,56.66,1.7,0.0,0.56,0.662,23,3.786,0.5882349480970894,1.7168511048993382,1.5656949894861816,14.333796,Ped,Car,1
2058,3,12,60.89,3.0,0.0,0.0,8.889,12,195.801,0.3333332222222592,0.0383041964121521,5.282193065906056,38338.031601,Ped,Car,0
2059,3,16,56.12,2.33,0.0,0.56,1.361,24,20.105,0.4291843651569247,0.4725192503099104,3.049509979234462,404.211025,Ped,Car,0
2060,18,4,0.39,1.8,-0.56,0.56,2.299,25,41.984,0.5555552469137517,0.2620045669301504,3.76082795342652,1762.6562560000002,Car,Car,0
2061,19,2,5.89,1.87,0.56,0.56,4.107,21,84.179,0.5347590723213517,0.1247341958833652,4.444754924581121,7086.1040410000005,Car,Car,0
2062,14,5,53.53,2.8,0.0,1.11,1.404,29,21.089,0.3571427295918823,0.4504717885878046,3.0950797470546894,444.745921,Car,Ped,0
2063,9,7,50.45,1.27,0.56,1.67,0.681,28,4.224,0.7874009548023978,1.8939389455636964,1.65326339197413,17.842176000000002,Car,Ped,1
2064,4,15,56.12,2.4,0.56,0.56,3.277,24,64.818,0.4166664930556278,0.1465642237254432,4.186893357152592,4201.373124,Ped,Car,0
2065,12,13,25.79,2.9,0.0,0.0,10.378,18,230.552,0.3448274673008733,0.0542177033631558,5.444804470332775,53154.22470399999,Car,Car,0
2066,12,10,2.91,2.67,0.0,0.0,7.92,17,173.182,0.3745316949319494,0.0635169933161818,5.160100729573227,29992.005124,Car,Car,0
2067,17,17,0.65,2.47,0.0,0.0,10.852,13,241.62,0.4048581356849652,0.0703584137473784,5.491496433342773,58380.2244,Car,LCV,0
2068,17,17,11.41,2.23,0.0,0.0,7.313,16,159.019,0.4484302921837254,0.1069054634546471,5.075292558183604,25287.042361000003,Car,LCV,0
2069,12,10,83.66,2.4,0.56,0.56,3.264,18,64.516,0.4166664930556278,0.1705003383579214,4.182294387620133,4162.314256000001,Car,Car,0
2070,17,19,2.88,1.57,0.0,0.0,6.154,18,131.969,0.6369422694635226,0.1363956676462224,4.890116018346991,17415.816960999997,Car,VRU,0
2071,17,19,5.73,2.87,0.0,0.0,13.154,13,295.35,0.3484319343442737,0.0609446417438813,5.691541188233847,87231.62250000001,LCV,VRU,0
2072,2,18,10.9,1.57,0.0,0.0,3.603,26,72.42,0.6369422694635226,0.1380834004683319,4.2961963780686885,5244.6564,Car,VRU,1
2073,10,17,9.44,2.1,0.0,-0.56,5.983,18,127.984,0.4761902494332145,0.1054819344177246,4.859688365661438,16379.904255999998,Car,VRU,0
2074,19,21,1.42,2.27,0.0,0.0,7.685,21,167.694,0.4405284402958412,0.1192648507444223,5.128086422825777,28121.277635999995,Car,Car,0
2075,2,12,21.77,2.17,0.56,1.11,3.363,19,66.823,0.4608292807238338,0.1047543494791561,4.216901370458181,4465.313328999999,Ped,Car,0
2076,3,17,58.1,2.53,0.0,0.0,1.219,18,16.785,0.3952567607680787,0.5957699972731607,2.8783554054004186,281.736225,Ped,Car,0
2077,15,4,7.09,1.53,0.0,0.0,3.883,15,78.957,0.6535943440559843,0.1203186529336391,4.3814889901689735,6234.207848999999,Car,Car,0
2078,5,15,80.94,2.9,0.0,0.0,2.156,20,38.643,0.3448274673008733,0.2587790736024876,3.6799143877282874,1493.281449,Ped,Car,0
2079,1,1,56.95,2.9,0.0,0.0,3.362,20,66.804,0.3448274673008733,0.0149691632990664,4.21662119025624,4462.774416,Car,Ped,0
2080,4,24,84.55,2.97,0.0,0.56,3.474,20,69.41,0.3367002233332581,0.2017000403155159,4.254335298531042,4817.7481,Car,Car,0
2081,19,11,78.53,2.5,0.0,0.56,3.243,15,64.014,0.399999840000064,0.2343237380209995,4.174602631319085,4097.792195999999,Car,Car,0
2082,19,21,0.48,1.53,0.0,0.0,6.593,11,142.204,0.6535943440559843,0.1406430188979,4.964270187097322,20221.977616000004,Car,VRU,0
2083,19,21,1.43,1.53,0.0,0.0,7.058,9,153.073,0.6535943440559843,0.1306566139642091,5.037426516072835,23431.343329000003,Car,VRU,0
2084,10,21,63.64,1.7,1.67,1.67,1.505,22,23.464,0.5882349480970894,0.6605864021229798,3.1972026491867065,550.5592959999999,Car,VRU,0
2085,26,5,72.63,2.2,0.0,0.0,2.259,17,41.059,0.4545452479339781,0.3775055316129099,3.739073394433185,1685.8414809999997,Car,Ped,0
2086,2,12,63.39,1.93,0.0,0.0,0.789,13,6.741,0.518134446562463,1.0384214451236544,2.046530878222576,45.441081,Ped,Car,1
2087,11,4,83.81,2.93,2.22,0.0,2.888,15,55.735,0.3412968118440915,0.1345653514925029,4.0383913042429525,3106.390225,Car,Car,0
2088,15,18,3.45,1.63,0.0,0.0,3.191,19,62.811,0.6134965561370822,0.2626928362437656,4.1559255892822975,3945.221721,Car,Car,0
2089,3,21,69.95,2.53,0.0,0.0,1.833,20,31.114,0.3952567607680787,0.3856784603175914,3.469292072127493,968.080996,Ped,VRU,0
2090,3,17,69.57,1.27,0.0,0.0,0.866,18,8.545,0.7874009548023978,1.1702748776740928,2.2560174571777107,73.017025,Ped,Car,1
2091,7,17,30.89,2.27,0.0,0.0,2.045,17,36.07,0.4405284402958412,0.3326864338040911,3.612808017162641,1301.0449,VRU,Car,0
2092,7,21,28.32,2.9,0.0,0.0,4.747,19,99.135,0.3448274673008733,0.1412215651261253,4.606519275557387,9827.748225,VRU,VRU,0
2093,17,4,69.07,2.1,-1.11,0.0,2.17,19,38.979,0.4761902494332145,0.2693758108372249,3.688354316253183,1519.362441,VRU,Ped,0
2094,18,6,84.95,2.33,-1.67,0.0,11.67,18,260.714,0.4291843651569247,0.0460274475247687,5.56725230447511,67971.789796,VRU,Ped,0
2095,4,17,87.19,1.7,0.0,0.0,1.686,19,27.679,0.5882349480970894,0.3793489512139545,3.356165147620047,766.127041,Ped,Car,0
2096,6,11,89.15,2.6,0.0,1.11,2.831,13,54.415,0.3846152366864473,0.1562069253660401,4.0148503152276165,2960.992225,Ped,Car,0
2097,11,4,67.75,2.33,-0.56,0.0,0.509,16,0.221,0.4291843651569247,33.93649802489581,0.1996701951285676,0.048841,Car,Ped,0
2098,3,20,25.11,2.23,0.0,1.67,1.783,16,29.948,0.4484302921837254,0.383998918659045,3.432308376687208,896.882704,Ped,VRU,1
2099,20,20,0.91,2.73,0.0,0.0,7.975,12,174.459,0.366300232124457,0.1146401153586796,5.167405397379312,30435.942681,LCV,Car,0
2100,3,20,73.7,1.67,0.0,0.0,0.5,14,0.0,0.5988020366454871,11500000.0,0.0,0.0,Ped,Car,1
2101,3,22,38.42,1.7,0.0,-0.56,0.914,16,9.673,0.5882349480970894,1.2922566636765571,2.367717187931828,93.566929,Ped,VRU,1
2102,4,22,56.57,2.53,0.0,0.0,1.911,12,32.94,0.3952567607680787,0.3946569400529163,3.52459425980608,1085.0435999999995,Ped,LCV,0
2103,15,23,1.3,1.83,0.0,0.0,9.479,16,209.578,0.5464477888263449,0.0906583701979293,5.349856130805393,43922.938084,Car,VRU,0
2104,19,17,1.38,2.17,0.0,0.0,10.111,14,224.313,0.4608292807238338,0.0802450144207201,5.4174905466168894,50316.321969,Car,Car,0
2105,15,17,26.85,1.93,0.0,-1.67,4.85,24,87.137,0.518134446562463,0.1836188968679332,4.4788924220748765,7592.856769,Car,Car,0
2106,14,11,9.26,2.6,-0.56,0.0,3.79,19,65.908,0.3846152366864473,0.1896583087082249,4.203318541449763,4343.864464,Car,Car,0
2107,15,14,0.04,2.53,0.0,0.0,8.916,23,168.573,0.3952567607680787,0.0860161467968408,5.13328351257123,28416.856329,Car,Car,0
2108,14,9,8.78,2.4,0.0,0.56,4.124,18,72.583,0.4166664930556278,0.1584393017863783,4.298414020794374,5268.291889,Car,Car,0
2109,15,14,0.18,2.63,0.0,0.0,7.082,23,131.847,0.3802279923087481,0.1099759561463214,4.889198090091609,17383.631409,Car,Car,0
2110,15,14,0.47,2.63,0.56,0.56,5.49,23,99.948,0.3802279923087481,0.1450754377768896,4.6146055327745765,9989.602704,Car,Car,0
2111,9,10,35.31,2.67,0.56,1.11,1.693,22,23.888,0.3745316949319494,0.3976891996948593,3.214385759595336,570.6365440000001,Car,Car,1
2112,11,11,0.17,2.2,0.0,0.0,7.507,20,140.364,0.4545452479339781,0.0783676720642923,4.951338124158922,19702.052496,Car,Car,0
2113,11,4,87.54,2.43,0.0,0.0,2.851,20,47.091,0.4115224643940475,0.1592660984208002,3.8730950494173104,2217.562281,Car,Ped,0
2114,14,10,1.81,2.47,0.0,0.0,8.131,20,152.859,0.4048581356849652,0.0785037186001235,5.036036598594615,23365.873881000003,Car,Car,0
2115,14,10,21.19,2.37,0.0,0.0,6.032,22,110.806,0.4219407502359703,0.1082973836408011,4.716765226543933,12277.969636,Car,Car,0
2116,13,12,47.12,2.57,-0.56,0.0,6.745,22,125.09,0.3891049069630712,0.0999280510038528,4.836995937685135,15647.5081,Car,LCV,0
2117,11,3,82.33,2.93,0.0,0.0,10.312,19,196.533,0.3412968118440915,0.035617427935169,5.285905658991025,38625.220089,Car,Ped,0
2118,10,6,12.67,2.9,0.0,0.0,8.207,21,154.382,0.3448274673008733,0.0518195123018259,5.045886601108891,23833.801924000003,Car,Car,0
2119,10,3,81.14,1.83,0.0,0.0,1.341,19,16.851,0.5464477888263449,0.3857337614542899,2.882059529065415,283.956201,Car,Ped,0
2120,9,17,9.39,2.43,0.0,0.0,4.967,21,89.483,0.4115224643940475,0.1452789899167552,4.505161987756874,8007.207289000001,Car,LCV,0
2121,9,12,11.41,2.7,0.0,0.56,4.808,22,86.298,0.3703702331962099,0.1216714162359334,4.469327553075684,7447.344804,Car,Car,0
2122,9,11,28.26,2.4,0.0,0.56,4.91,19,88.345,0.4166664930556278,0.1131925959228864,4.492505280330625,7804.839025,Car,Car,0
2123,10,6,34.23,2.57,0.0,0.0,2.885,19,47.769,0.3891049069630712,0.167472625186363,3.887094865103295,2281.877361,Car,Ped,0
2124,14,13,1.04,1.77,0.0,0.0,4.432,23,78.771,0.5649714322195298,0.1713828671543732,4.379160029885581,6204.870441,Car,Car,0
2125,14,13,0.4,1.83,0.0,0.0,3.803,20,66.153,0.5464477888263449,0.2040723745850925,4.206973598069587,4376.219409000001,Car,Car,0
2126,14,13,4.64,2.1,-0.56,-1.67,10.875,19,207.819,0.4761902494332145,0.0649603738591737,5.341467848037166,43188.73676099999,Car,Car,0
2127,16,5,71.8,2.43,0.0,0.0,2.832,22,46.716,0.4115224643940475,0.2247623892293349,3.8652667714196993,2182.384656,Car,Ped,1
2128,16,12,24.55,2.43,0.0,0.0,4.314,21,76.406,0.4115224643940475,0.183231680977519,4.349064296971054,5837.876836000001,Car,Car,0
2129,16,4,67.98,2.0,0.0,0.0,0.819,22,6.39,0.499999750000125,1.56494498201174,2.0001277349601105,40.8321,Car,Ped,1
2130,10,11,5.05,2.73,0.0,0.0,2.707,19,44.215,0.366300232124457,0.2374759643226062,3.811428890192444,1954.9662250000003,Car,Car,0
2131,10,11,5.16,2.77,0.0,0.0,6.152,23,113.22,0.3610106999961371,0.0927397978030401,4.738126413236717,12818.7684,Car,Car,0
2132,12,9,54.19,2.6,0.0,0.0,3.746,19,65.015,0.3846152366864473,0.1615011895485474,4.189881988931164,4226.9502250000005,Car,Car,0
2133,11,12,8.51,2.97,0.0,0.0,5.184,19,93.821,0.3367002233332581,0.1225738361073338,4.55199090371661,8802.380041,Car,Car,0
2134,12,14,3.71,2.57,0.0,0.0,5.447,20,99.088,0.3891049069630712,0.1311965108671432,4.606049799015099,9818.431744,Car,Car,0
2135,8,10,66.8,1.37,0.56,0.0,0.954,19,9.102,0.7299264745062229,0.9887935630857436,2.312733424045861,82.846404,Ped,Car,1
2136,17,10,4.67,1.93,0.0,0.0,3.466,19,59.409,0.518134446562463,0.2272382934027118,4.101138100462902,3529.429281,LCV,Car,0
2137,14,14,0.5,1.73,0.0,0.0,7.894,21,148.101,0.5780343479570244,0.0945300835610152,5.004623928656317,21933.906201,Car,Car,0
2138,14,14,5.17,1.73,0.0,0.0,3.953,19,69.169,0.5780343479570244,0.2024028075813904,4.250906618058189,4784.350560999999,Car,Car,0
2139,14,13,1.68,1.83,0.56,0.0,1.864,19,27.317,0.5464477888263449,0.4941977342241924,3.343462331010917,746.218489,Car,Car,1
2140,4,19,85.45,2.27,0.0,-0.56,0.616,17,2.322,0.4405284402958412,4.952624912736902,1.200567011191103,5.391684000000001,Ped,Car,0
2141,19,16,8.68,2.97,1.11,0.0,6.866,18,127.517,0.3367002233332581,0.1372366026707293,4.856061191304812,16260.585289,Car,Car,0
2142,18,17,1.4,2.67,0.0,0.0,12.751,14,245.401,0.3745316949319494,0.0713118525543422,5.506960290092688,60221.650801,Car,Car,0
2143,13,15,5.53,2.1,0.0,0.56,4.344,21,77.008,0.4761902494332145,0.1817992912191033,4.356811385532818,5930.232063999999,Car,Car,0
2144,16,16,1.95,2.13,0.56,0.0,5.274,18,95.623,0.4694833476604002,0.1673237592700107,4.570816808116395,9143.758129000002,Car,Car,0
2145,16,16,7.23,2.33,0.0,0.0,6.027,21,110.711,0.4291843651569247,0.1445204167199247,4.715915179292757,12256.925521,Car,Car,0
2146,18,17,2.6,2.57,0.0,0.0,10.343,14,197.154,0.3891049069630712,0.0887630984470865,5.289044506159922,38869.699716,Car,Car,0
2147,12,12,16.89,2.93,1.11,0.0,2.346,18,36.972,0.3412968118440915,0.3245699360443055,3.636849046019552,1366.9287840000002,Car,Car,0
2148,10,12,24.03,2.63,1.11,0.0,3.245,19,54.985,0.3802279923087481,0.2000545566962888,4.02508379771216,3023.350225,Car,Car,1
2149,10,10,3.2,2.77,0.0,0.56,2.058,22,31.209,0.3610106999961371,0.320420381286796,3.472245916602237,974.001681,Car,Car,0
2150,14,12,0.79,2.4,0.0,0.0,6.704,17,124.273,0.4166664930556278,0.1046084016269954,4.830495355841078,15443.778529,Car,Car,0
2151,14,17,5.11,2.37,0.0,0.56,6.767,21,125.523,0.4219407502359703,0.1234833446979171,4.840424109822471,15756.023528999998,Car,Car,0
2152,2,12,88.93,2.4,0.0,0.0,3.165,19,53.381,0.4166664930556278,0.131132797603402,3.996014828148892,2849.531161,Ped,Car,0
2153,2,17,74.78,2.73,0.0,0.0,1.212,24,14.268,0.366300232124457,0.6658255771078233,2.7257591348829835,203.575824,Ped,Car,0
2154,2,12,48.12,2.53,0.0,0.0,1.433,22,18.69,0.3952567607680787,0.374531815166837,2.9801108926510342,349.31610000000006,Ped,Car,0
2155,12,17,52.81,1.9,0.56,0.0,3.153,21,53.132,0.5263155124655198,0.2729052120585483,3.991425508214259,2823.009424,Car,Car,0
2156,10,4,89.28,2.13,1.11,0.0,1.61,24,22.233,0.4694833476604002,0.3148472848986963,3.145573681793151,494.3062890000001,Car,Ped,0
2157,9,3,83.09,2.4,1.11,0.0,2.495,24,39.971,0.4166664930556278,0.1501088251455098,3.712864499364397,1597.6808409999996,Car,Ped,0
2158,4,1,56.24,2.73,0.0,0.0,9.77,24,185.692,0.366300232124457,0.0134631539675206,5.229460200138449,34481.518864000005,Ped,Car,0
2159,17,12,16.62,2.03,0.0,0.0,3.676,24,63.627,0.492610594773106,0.2278906717605628,4.168632280125349,4048.395129000001,Car,Car,0
2160,5,11,71.5,2.33,0.56,0.56,1.297,23,15.955,0.4291843651569247,0.5014101848066321,2.8305627755776017,254.562025,Ped,Car,0
2161,8,2,79.53,2.27,-1.11,0.0,0.5,24,0.0,0.4405284402958412,5000000.0,0.0,0.0,Car,Ped,1
2162,10,3,82.97,2.47,-0.56,0.0,1.343,24,16.883,0.4048581356849652,0.3850026425989076,2.883850540905899,285.035689,Car,Ped,0
2163,10,12,2.25,2.93,0.56,0.0,6.49,16,119.979,0.3412968118440915,0.09168271037696,4.795616976815543,14394.960441,Car,Car,0
2164,11,3,58.48,1.67,0.0,0.0,1.191,20,13.849,0.5988020366454871,0.5054516206620246,2.6979325229139244,191.794801,Car,Ped,1
2165,9,3,25.69,2.6,0.0,0.56,4.815,16,86.434,0.3846152366864473,0.0694171267161403,4.470884223032683,7470.836356,Car,Ped,0
2166,3,20,83.05,1.67,0.0,0.0,0.508,22,0.152,0.5988020366454871,75.65739699080927,0.1414995622736995,0.023104,Ped,Car,1
2167,3,15,57.44,2.13,0.0,0.0,1.173,18,13.489,0.4694833476604002,0.6672102700563222,2.6733897408385854,181.953121,Ped,Car,0
2168,8,21,51.39,2.13,0.0,0.56,4.229,20,74.699,0.4694833476604002,0.1941123683836146,4.32676495031652,5579.940600999999,Ped,Car,0
2169,19,21,1.81,1.83,1.11,2.78,9.522,18,180.719,0.5464477888263449,0.1106690491278224,5.2024615379044565,32659.356961,Car,Car,0
2170,1,16,77.36,2.2,0.0,2.22,11.504,20,220.41,0.4545452479339781,0.038564493269069,5.400016186372871,48580.5681,Ped,Car,0
2171,20,4,87.48,1.77,0.0,0.0,0.5,21,0.0,0.5649714322195298,12000000.0,0.0,0.0,Car,Ped,1
2172,21,1,59.89,2.5,0.56,0.0,13.254,22,255.476,0.399999840000064,0.0430568818869213,5.547035092981674,65267.986576,Car,Ped,0
2173,5,9,69.16,1.8,0.0,0.0,1.238,18,14.773,0.5555552469137517,0.4738373740041038,2.758299617505337,218.241529,Ped,Car,1
2174,3,12,67.11,2.1,0.0,0.0,1.725,18,24.538,0.4761902494332145,0.3056483696451068,3.2401675390024893,602.113444,Ped,Car,0
2175,3,5,83.71,2.87,0.0,0.0,1.874,20,27.527,0.3484319343442737,0.1453118703341493,3.3508510072254167,757.7357290000001,Ped,Car,0
2176,10,12,6.49,2.63,0.0,0.0,15.229,22,295.034,0.3802279923087481,0.0372838383464826,5.690474312592462,87045.061156,Car,Car,0
2177,8,7,84.8,2.3,0.0,0.56,4.669,17,83.51,0.4347824196598175,0.0898096025648473,4.436869870556391,6973.920100000001,Car,Car,0
2178,14,5,60.87,1.83,0.0,0.0,1.125,22,12.522,0.5464477888263449,0.7586646894533869,2.604317988668486,156.800484,Car,Ped,1
2179,9,6,87.66,2.07,0.0,0.0,10.112,18,192.542,0.4830915540620512,0.0389525400226831,5.265494543180534,37072.421764,Car,Ped,0
2180,9,9,77.86,2.97,0.0,0.0,2.594,16,41.935,0.3367002233332581,0.2146178558574495,3.759687344124448,1758.544225,Car,VRU,1
2181,9,4,59.03,3.0,0.0,0.0,2.071,17,31.476,0.3333332222222592,0.2065065381081923,3.4805013550002,990.738576,Car,Ped,0
2182,9,9,61.55,2.6,0.0,0.56,5.233,17,94.812,0.3846152366864473,0.0949246920756371,4.56238793809265,8989.315343999999,Car,Car,0
2183,9,3,64.57,2.83,0.0,0.0,0.544,18,0.872,0.353356765598316,6.88072605421324,0.6270073780554003,0.760384,Car,Ped,0
2184,9,19,66.63,2.43,0.0,0.56,8.096,22,152.158,0.4115224643940475,0.0920096209728728,5.031470068284085,23152.056964,Car,Car,0
2185,9,15,1.0,2.57,0.0,0.0,8.157,16,153.383,0.3891049069630712,0.0782355275471497,5.039436527901883,23526.344689,Car,Car,0
2186,9,15,2.41,2.73,0.0,0.0,8.81,17,166.466,0.366300232124457,0.0720867920651256,5.120780345586236,27710.929156,Car,Car,0
2187,9,15,10.83,3.0,0.0,0.0,9.679,16,183.866,0.3333332222222592,0.0652649208376485,5.219631238304397,33806.705956000005,Car,Car,0
2188,9,15,2.56,2.07,0.0,0.0,5.472,18,99.599,0.4830915540620512,0.1204831361712152,4.6111423172583805,9919.960801,Car,Car,0
2189,4,13,89.79,2.63,0.0,0.0,0.5,16,0.0,0.3802279923087481,8500000.0,0.0,0.0,Ped,Car,0
2190,18,13,1.68,2.63,1.11,0.0,6.016,19,110.494,0.3802279923087481,0.1402791089083651,4.713970777793081,12208.924036,Car,Car,0
2191,4,21,35.31,2.8,0.0,0.0,2.902,18,48.115,0.3571427295918823,0.2597942375601322,3.894164487126833,2315.053225,Ped,Car,0
2192,9,4,71.0,2.1,-0.56,0.0,1.682,20,23.682,0.4761902494332145,0.2744700500603813,3.206074233030992,560.8371239999999,Car,Ped,0
2193,4,24,69.88,2.93,0.0,0.0,3.799,17,66.078,0.3412968118440915,0.2118708161283511,4.205856121364434,4366.302084000001,Ped,VRU,0
2194,20,4,86.45,2.4,0.0,0.0,17.599,23,342.51,0.4166664930556278,0.0350354733145441,5.839216223320169,117313.1001,Car,Ped,0
2195,20,2,63.87,1.7,0.56,0.0,1.702,22,24.077,0.5882349480970894,0.4568675309686617,3.221951091385129,579.7019290000001,Car,Ped,1
2196,19,18,1.87,1.73,0.0,0.0,5.64,19,102.962,0.5780343479570244,0.1796779376888761,4.644025447756765,10601.173444,Car,VRU,0
2197,14,14,3.62,2.7,0.0,0.0,10.411,21,198.527,0.3703702331962099,0.0705193748431227,5.295949565518375,39412.969729,Car,Car,0
2198,6,9,6.8,3.0,0.0,-2.22,10.21,15,194.491,0.3333332222222592,0.0385621954817333,5.275514342560114,37826.74908100001,Car,Car,0
2199,4,19,76.8,2.0,0.0,0.0,0.684,16,3.684,0.499999750000125,3.121606101627008,1.544152445735471,13.571856,Ped,Car,0
2200,8,18,32.28,2.87,0.0,0.0,2.928,21,48.627,0.3484319343442737,0.267341183553557,3.9045350404622425,2364.585129,Car,VRU,0
2201,5,7,0.04,2.27,0.56,1.11,7.284,18,135.892,0.4405284402958412,0.0441527091796963,4.9191922937717125,18466.635664,Car,Car,0
2202,14,19,5.29,1.7,0.0,0.0,4.035,23,70.81,0.5882349480970894,0.2330179320291211,4.2740237421222265,5014.056100000001,Car,Car,0
2203,5,13,32.84,2.2,0.0,0.56,2.575,21,41.557,0.4545452479339781,0.2165700070609041,3.7508443538271377,1726.984249,Ped,VRU,0
2204,11,21,51.27,2.6,0.0,0.0,4.15,20,73.118,0.3846152366864473,0.2188243631004081,4.305658417782731,5346.241923999999,Car,Car,0
2205,10,3,56.14,3.0,1.67,0.56,2.084,18,31.723,0.3333332222222592,0.2048986475144643,3.488078194573111,1006.348729,Car,Ped,0
2206,5,5,80.04,1.83,0.0,-0.56,1.007,19,10.161,0.5464477888263449,0.4920775029940456,2.412425558673578,103.245921,Ped,Car,1
2207,5,10,64.46,1.77,0.0,0.56,0.851,24,7.029,0.5649714322195298,1.0670079574608111,2.083059987202547,49.406841,Ped,Car,0
2208,19,3,1.96,1.83,0.0,0.56,7.632,19,142.856,0.5464477888263449,0.0770006154659194,4.968812799242417,20407.836736,Car,Car,0
2209,12,4,69.28,2.3,0.56,0.0,5.699,22,104.147,0.4347824196598175,0.0768145018405282,4.65535937107123,10846.597609,Car,Ped,0
2210,12,2,59.88,2.43,0.0,0.0,6.105,21,112.269,0.4115224643940475,0.0623502475095507,4.729765520710687,12604.328361000002,Car,Ped,0
2211,11,4,53.69,1.47,0.56,0.0,0.68,22,3.601,0.6802716460737102,2.082754211953843,1.5262736711733316,12.967201,Car,Ped,1
2212,13,18,15.45,2.97,0.0,0.0,5.039,17,90.923,0.3367002233332581,0.1704739156156977,4.520951270083641,8266.991929,Car,Car,0
2213,14,19,3.26,2.0,0.0,0.0,5.719,21,104.537,0.499999750000125,0.157838849805917,4.659061602331902,10927.984369000002,Car,Car,0
2214,13,13,8.6,2.1,1.67,2.22,7.401,20,138.232,0.4761902494332145,0.0940447935785867,4.9361416065382695,19108.085824,Car,Car,0
2215,4,17,49.88,1.9,0.0,0.0,1.951,17,29.07,0.5263155124655198,0.3611970979980358,3.4035279970004377,845.0649,Ped,VRU,0
2216,21,3,79.93,1.17,0.0,0.0,0.5,16,0.0,0.8547001241879282,12000000.0,0.0,0.0,Car,Ped,1
2217,14,20,56.13,2.4,1.11,0.0,8.796,19,166.181,0.4166664930556278,0.1022980960380663,5.119077057829864,27616.124761000003,Car,Car,0
2218,3,24,63.95,2.53,0.56,0.0,3.501,17,60.11,0.3952567607680787,0.2245882511297912,4.1126755189068245,3613.2121,Ped,VRU,0
2219,17,20,0.36,2.9,0.0,0.0,18.288,20,356.299,0.3448274673008733,0.0519226827694641,5.878572966256906,126948.97740099998,Car,Car,0
2220,15,20,86.65,2.7,0.0,0.0,7.458,15,139.378,0.3703702331962099,0.1255578346255662,4.944338784157047,19426.226884,Car,VRU,0
2221,15,18,69.83,1.9,0.56,0.0,4.535,13,80.828,0.5263155124655198,0.2041371776595093,4.404619483326516,6533.165584,Car,Car,0
2222,22,16,14.04,2.5,0.0,0.0,9.571,16,181.692,0.399999840000064,0.1045725727903673,5.2078016747952605,33011.982864000005,Car,Car,0
2223,20,4,49.94,2.5,0.0,0.56,16.422,17,318.927,0.399999840000064,0.0376261651173272,5.768092844769306,101714.431329,Car,Ped,0
2224,20,18,0.91,2.93,0.0,0.0,15.244,21,295.34,0.3412968118440915,0.0643326333570372,5.691507443780589,87225.71559999998,Car,Car,0
2225,20,18,0.5,2.73,0.0,0.0,13.634,21,263.091,0.366300232124457,0.0722183576320803,5.576293740721661,69216.87428100001,Car,Car,0
2226,12,8,45.96,2.4,-0.56,0.56,2.584,17,41.738,0.4166664930556278,0.2395898164840237,3.755088454224272,1742.060644,Car,VRU,0
2227,16,14,9.49,2.8,0.0,0.0,8.127,18,152.767,0.3571427295918823,0.0981887443087267,5.035438469680005,23337.756289,Car,Car,0
2228,14,12,3.23,2.63,0.0,3.33,7.169,19,133.581,0.3802279923087481,0.0973192288026049,4.902166248257161,17843.883561,Car,Car,0
2229,14,6,89.74,2.53,1.67,0.56,6.0,20,110.17,0.3952567607680787,0.0907688110123553,4.711060561245524,12137.4289,Car,Car,0
2230,13,17,16.01,2.2,-0.56,0.0,4.281,21,75.734,0.4545452479339781,0.1980616341661389,4.340344895679238,5735.638755999999,Car,Car,0
2231,17,19,3.09,2.47,0.56,1.11,7.924,17,148.701,0.4048581356849652,0.1210482772742061,5.008639971429991,22111.987401,Car,Car,0
2232,12,17,4.53,2.3,0.0,0.0,4.504,19,80.204,0.4347824196598175,0.1807889858262806,4.3969645070380885,6432.681615999999,Car,Car,0
2233,12,17,2.03,1.93,0.0,0.0,3.389,21,57.877,0.518134446562463,0.2505312948056863,4.075450522035614,3349.7471290000003,Car,Car,1
2234,19,17,3.39,1.8,0.0,0.0,8.254,14,155.32,0.5555552469137517,0.1158897752002976,5.051905188294473,24124.3024,Car,Car,0
2235,16,15,12.96,2.1,0.56,-0.56,4.778,19,85.696,0.4761902494332145,0.1808719172321705,4.462407746620694,7343.804416,Car,Car,0
2236,27,4,64.54,3.0,0.0,0.56,23.242,17,455.533,0.3333332222222592,0.0340260748748694,6.123660986578915,207510.314089,VRU,Ped,0
2237,6,26,66.08,2.63,0.0,0.56,4.07,15,71.512,0.3802279923087481,0.2237386701009806,4.283752065405541,5113.966144,Ped,VRU,0
2238,15,4,74.79,2.8,0.0,0.0,1.849,17,27.015,0.3571427295918823,0.3516564741196937,3.332740081017248,729.8102250000001,Car,Ped,0
2239,13,3,83.08,2.93,1.11,0.0,2.208,14,34.21,0.3412968118440915,0.2338497446989259,3.5613301331669613,1170.3241,Car,Ped,0
2240,2,25,78.77,2.43,0.0,-0.56,2.206,19,34.165,0.4115224643940475,0.395141214835615,3.560051269759981,1167.2472249999998,Ped,VRU,0
2241,3,19,87.26,2.8,0.0,0.0,0.687,16,3.74,0.3571427295918823,2.941175684177624,1.556037135706985,13.987600000000002,Ped,Car,0
2242,3,20,64.35,2.27,0.0,0.56,1.055,18,11.119,0.4405284402958412,1.0342655783554655,2.4947744689863502,123.632161,Ped,Car,0
2243,3,23,85.63,2.33,0.0,0.0,2.054,17,31.127,0.4291843651569247,0.4176438327611452,3.469696798086848,968.890129,Ped,Car,0
2244,7,9,45.54,1.63,0.56,0.0,0.941,23,8.826,0.6134965561370822,0.9064127683647442,2.2850319337464566,77.89827600000001,Ped,VRU,1
2245,9,15,28.22,2.7,0.0,1.67,6.276,22,115.7,0.3703702331962099,0.103716507314464,4.75960653929251,13386.49,VRU,VRU,0
2246,3,19,72.31,2.83,0.0,0.56,11.125,21,212.828,0.353356765598316,0.05168492843195,5.365171953533278,45295.757584,Ped,Car,0
2247,4,18,76.66,2.37,0.0,0.0,8.854,20,167.34,0.4219407502359703,0.0657344324983002,5.12598574378343,28002.6756,Ped,Car,0
2248,25,6,71.65,2.03,0.0,-0.56,1.147,21,12.951,0.492610594773106,1.1968186860614094,2.635551190285971,167.72840100000002,Car,VRU,0
2249,20,21,6.31,2.23,0.0,0.0,10.462,17,199.544,0.4484302921837254,0.1027342335387972,5.301033674042265,39817.807936000005,Car,Car,0
2250,23,21,3.95,1.7,0.0,0.0,5.287,25,95.883,0.5882349480970894,0.2294463019571112,4.573504064909079,9193.549689,Car,Car,1
2251,22,21,1.74,1.67,0.0,0.56,7.881,22,147.853,0.5988020366454871,0.1454147014574293,5.002959241776657,21860.509609000004,Car,Car,1
2252,1,26,88.26,2.9,0.0,0.56,2.166,18,33.371,0.3448274673008733,0.4045428544381992,3.5372131855795987,1113.623641,Ped,Car,0
2253,11,4,88.79,2.93,0.56,0.0,2.645,15,42.974,0.3412968118440915,0.174524126808672,3.783598550171768,1846.764676,Car,Ped,0
2254,18,11,83.49,2.5,0.56,0.0,4.327,13,76.66,0.399999840000064,0.1891468798702468,4.352340324303521,5876.7556,Car,Car,0
2255,22,21,4.6,1.27,1.11,1.11,3.545,18,60.998,0.7874009548023978,0.3524705670272703,4.127102126460273,3720.756004,Car,VRU,1
2256,18,21,3.34,2.7,0.0,0.0,14.179,19,274.003,0.3703702331962099,0.071167103750079,5.616782006697977,75077.644009,Car,VRU,0
2257,20,22,2.98,2.97,0.0,0.0,15.134,19,293.135,0.3367002233332581,0.0716393468141322,5.68403884561959,85928.128225,Car,Car,0
2258,20,22,7.85,2.8,0.0,0.0,12.763,19,245.631,0.3571427295918823,0.0854940944526786,5.507893292480705,60334.588161,Car,Car,0
2259,20,23,0.61,2.9,0.0,0.0,19.971,19,390.027,0.3448274673008733,0.0551243886830286,5.968776611309708,152121.060729,Car,Car,0
2260,3,19,1.75,2.17,0.56,3.33,9.932,18,188.934,0.4608292807238338,0.0582213891717669,5.246676643393048,35696.056356,Car,Car,0
2261,17,18,0.55,2.6,0.56,0.56,8.124,18,152.711,0.3846152366864473,0.1145955424652085,5.035074215973274,23320.649521000003,Car,Car,0
2262,16,17,0.14,2.6,0.0,-0.56,8.089,20,152.019,0.3846152366864473,0.1085390634819393,5.0305620966889,23109.776361,Car,Car,0
2263,16,18,4.05,2.73,0.0,0.0,8.636,21,162.974,0.366300232124457,0.1043111164706571,5.099707878670579,26560.524676,Car,Car,0
2264,18,3,73.1,2.2,0.0,0.0,1.339,19,16.814,0.4545452479339781,0.6244795631926036,2.879984665009678,282.710596,Car,Ped,0
2265,15,10,87.99,2.9,0.0,0.0,4.664,21,83.415,0.3448274673008733,0.1498531421224822,4.435745110929157,6958.0622250000015,Car,Car,0
2266,20,14,8.09,2.83,0.0,0.0,9.226,21,174.789,0.353356765598316,0.0972601245086354,5.169284412189897,30551.194520999998,Car,Car,0
2267,3,14,66.32,2.37,0.0,0.0,2.433,24,38.727,0.4219407502359703,0.2194851080774367,3.682031057285097,1499.7805289999997,Ped,Car,0
2268,1,4,7.24,2.1,0.0,0.0,3.769,19,65.48,0.4761902494332145,0.0381795962403849,4.196901150547193,4287.630400000001,Car,Car,1
2269,10,15,82.87,2.73,0.0,-0.56,5.27,21,95.553,0.366300232124457,0.1308174507255926,4.570092080375227,9130.375809,Car,Car,0
2270,6,3,51.15,1.83,0.0,0.0,0.5,37,0.0,0.5464477888263449,4500000.0,0.0,0.0,Car,Ped,1
2271,6,4,70.67,2.7,0.0,0.0,1.045,37,10.909,0.3703702331962099,0.4583371107950215,2.477294416785859,119.00628100000002,Car,Ped,0
2272,3,11,76.09,2.27,0.0,0.0,6.25,24,115.187,0.4405284402958412,0.0607707461712628,4.755200962083484,13268.044969,Ped,Car,0
2273,7,5,48.03,2.1,1.11,0.56,1.137,20,12.757,0.4761902494332145,0.4703299780253996,2.6215477854788585,162.741049,Car,Ped,1
2274,16,4,76.44,1.6,1.67,0.0,1.258,22,15.191,0.6249996093752441,0.6582844672316196,2.7844555323046154,230.76648100000003,Car,Ped,1
2275,16,5,62.28,2.9,0.0,0.0,3.206,24,54.208,0.3448274673008733,0.1936983435341952,4.011107870318301,2938.507264,Car,Ped,0
2276,9,10,1.86,2.87,0.0,-0.56,3.505,26,60.183,0.3484319343442737,0.1578518824609626,4.1138693731531095,3621.993489,Car,Car,0
2277,8,11,2.08,2.63,0.0,0.0,3.996,26,70.023,0.3802279923087481,0.1356697065868399,4.263003768244868,4903.220528999999,Car,Car,0
2278,7,3,31.92,2.27,0.56,0.0,1.7,34,24.038,0.4405284402958412,0.2080039850235466,3.2203946708374707,577.8254440000001,Car,Ped,1
2279,9,2,67.78,2.87,0.0,0.0,2.056,39,31.161,0.3484319343442737,0.1765026739673734,3.4707545383547043,971.007921,Car,Ped,0
2280,9,1,57.15,2.73,0.0,0.0,2.417,37,38.394,0.366300232124457,0.130228678172926,3.673613520443503,1474.0992359999998,Car,Ped,0
2281,6,4,72.55,2.9,0.0,0.0,1.446,25,18.946,0.3448274673008733,0.2639079349779407,2.9930286219796765,358.95091600000006,Car,Ped,0
2282,11,4,55.29,2.43,0.0,0.56,2.609,25,42.254,0.4115224643940475,0.1774979841553939,3.767089714650497,1785.400516,Car,Ped,1
2283,11,4,54.25,1.27,0.0,0.0,0.751,23,5.035,0.7874009548023978,1.4895726932328317,1.7975758545494949,25.351225000000003,Car,Ped,1
2284,8,4,89.28,2.37,-0.56,0.0,0.747,33,4.957,0.4219407502359703,1.2104092777064197,1.7845669986465504,24.571849,Car,Ped,1
2285,4,7,48.39,2.9,0.0,0.0,2.815,24,46.38,0.3448274673008733,0.1185855946833636,3.85820019873064,2151.1044,Ped,Car,0
2286,4,10,74.78,2.17,0.0,0.56,1.609,23,22.208,0.4608292807238338,0.3152017149134674,3.1444970468191027,493.195264,Ped,Car,0
2287,14,17,6.02,2.03,0.0,0.0,4.541,24,80.943,0.492610594773106,0.1914927765033075,4.406023883603752,6551.769249,LCV,Car,0
2288,17,3,71.09,2.87,1.11,0.0,2.611,31,42.284,0.3484319343442737,0.2364960685721297,3.767783051709402,1787.936656,Car,Ped,0
2289,17,3,73.59,2.2,0.0,0.0,1.704,31,24.114,0.4545452479339781,0.4146968394004794,3.223425459566772,581.484996,Car,Ped,0
2290,17,5,68.82,1.8,0.0,0.0,1.327,33,16.558,0.5555552469137517,0.6643314008738131,2.865509686504017,274.167364,Car,Ped,0
2291,3,10,49.15,2.93,0.0,0.0,1.129,31,12.601,0.3412968118440915,0.5158320358834985,2.6101433194506165,158.78520100000003,Ped,Car,0
2292,3,10,55.06,2.5,0.0,0.0,0.736,33,4.721,0.399999840000064,1.3768266518054115,1.7441436152863916,22.287841,Ped,Car,1
2293,10,4,50.87,2.33,0.0,0.0,1.033,28,10.686,0.4291843651569247,0.6550626375573052,2.4583915441322453,114.190596,Car,Ped,0
2294,17,6,0.38,2.43,0.0,0.0,4.496,28,80.042,0.4115224643940475,0.1436745690553138,4.394967538806682,6406.721764,Car,Car,0
2295,17,4,0.59,2.43,0.0,0.0,6.676,29,123.715,0.4115224643940475,0.0848724885028291,4.826031134144749,15305.401225,Car,Car,0
2296,17,4,0.76,2.43,0.0,0.56,6.876,28,127.724,0.4115224643940475,0.0822085114605828,4.857670577403292,16313.420176,Car,Car,0
2297,15,10,5.19,2.23,0.0,0.56,3.699,32,64.076,0.4484302921837254,0.1950808384561952,4.175555817646924,4105.733775999999,Car,Car,1
2298,13,0,11.55,2.5,0.0,0.0,11.661,29,223.568,0.399999840000064,0.0290739281602289,5.414178556641722,49982.65062400001,Car,Car,0
2299,15,5,0.59,2.5,0.0,0.0,11.944,28,229.238,0.399999840000064,0.0436227848627941,5.439113556513421,52550.060644,Car,Car,0
2300,15,5,12.34,2.5,0.0,0.0,12.035,28,231.055,0.399999840000064,0.0432797384030653,5.44697441253542,53386.413025,Car,Car,0
2301,9,12,0.56,2.87,0.56,0.0,6.41,27,118.387,0.3484319343442737,0.0886921698438834,4.782370317308949,14015.481769,Car,Car,0
2302,1,14,72.15,2.8,0.0,1.11,1.538,27,20.791,0.3571427295918823,0.3607329921248139,3.081497040514785,432.265681,Ped,Car,1
2303,2,13,83.12,2.97,0.0,0.56,2.36,25,37.261,0.3367002233332581,0.2012828372485215,3.644431100628201,1388.382121,Ped,Car,0
2304,3,17,81.12,2.07,0.0,0.0,0.944,25,8.89,0.4830915540620512,1.124859266045077,2.2915241456346207,79.03210000000001,Ped,Car,1
2305,12,13,2.83,2.6,0.0,-1.11,7.039,28,130.979,0.3846152366864473,0.0954351453634922,4.882642819020979,17155.498441000003,Car,Car,0
2306,12,17,1.5,2.23,0.0,0.0,7.235,32,134.916,0.4484302921837254,0.1074742794963215,4.912037047854706,18202.327056,Car,Car,0
2307,12,17,1.69,2.2,0.0,0.0,6.921,33,128.617,0.4545452479339781,0.1127378176077982,4.864583948155276,16542.332689,Car,Car,0
2308,12,17,1.7,2.2,0.0,0.0,6.963,33,129.469,0.4545452479339781,0.1119959209386345,4.871135650651058,16762.221961,Car,Car,0
2309,12,17,1.8,2.2,0.0,0.56,6.78,35,125.784,0.4545452479339781,0.1152769818476357,4.842484851076086,15821.614656000002,Car,Car,0
2310,12,14,59.4,2.13,1.11,0.0,2.735,25,44.777,0.4694833476604002,0.2903276170728808,3.823781781577708,2004.979729,Car,Car,1
2311,17,2,89.68,1.93,0.0,0.0,1.372,25,17.458,0.518134446562463,0.544163103209812,2.9154978808433847,304.78176399999995,Car,Ped,0
2312,2,19,60.41,2.57,0.0,0.0,1.608,23,22.197,0.3891049069630712,0.4730368755671092,3.1440229599661333,492.706809,Ped,Car,0
2313,2,4,77.94,2.97,0.0,0.56,1.874,21,27.523,0.3367002233332581,0.1089997417069454,3.350710779354898,757.515529,Ped,Car,0
2314,4,18,72.14,2.03,0.0,-1.11,7.829,26,146.797,0.492610594773106,0.0749334109352819,4.995839710608506,21549.359209,Ped,Car,1
2315,2,8,17.53,2.6,0.56,0.0,2.914,25,48.364,0.3846152366864473,0.1033826791956273,3.899221413590937,2339.076496,Car,Car,0
2316,4,12,79.13,2.73,0.0,-0.56,1.862,22,27.285,0.366300232124457,0.2932013819607336,3.3423316287951192,744.471225,Ped,Car,0
2317,4,16,63.63,2.97,0.0,0.0,3.389,20,57.873,0.3367002233332581,0.1727921453390675,4.07538258148357,3349.284129,Ped,Car,0
2318,15,18,5.41,2.03,-0.56,0.56,5.08,25,91.75,0.492610594773106,0.1798365103015094,4.529907701487544,8418.0625,Car,Car,0
2319,24,22,0.46,2.23,0.0,0.0,6.44,27,118.99,0.4484302921837254,0.1932935524557227,4.787408405976297,14158.620099999998,Car,Car,0
2320,16,16,1.83,2.2,-0.56,-0.56,4.682,27,83.772,0.4545452479339781,0.1909946021224919,4.439965299594328,7017.7479840000005,Car,Car,0
2321,4,21,77.99,1.8,0.0,0.0,0.5,19,0.0,0.5555552469137517,12500000.0,0.0,0.0,Ped,Car,1
2322,4,3,69.56,2.2,1.11,0.0,1.523,20,20.491,0.4545452479339781,0.1708066872867752,3.067634242843069,419.881081,Ped,Car,0
2323,21,21,0.58,2.47,0.0,0.0,8.211,21,154.467,0.4048581356849652,0.1359513673732812,5.046433490448207,23860.054089000005,Car,Car,0
2324,3,17,1.74,2.03,0.0,0.0,7.215,23,134.502,0.492610594773106,0.0743483362749376,4.908986400358427,18090.788004,Car,Car,0
2325,1,17,2.57,1.9,0.56,0.56,8.403,20,158.306,0.5263155124655198,0.0568519193406951,5.07082688099013,25060.789636000005,Car,Car,0
2326,7,4,63.28,2.8,0.56,0.0,1.756,30,25.153,0.3571427295918823,0.2186617811528731,3.263963906684126,632.6734089999999,Car,Ped,1
2327,8,3,78.75,2.8,0.0,0.0,1.706,27,24.161,0.3571427295918823,0.2276395750325079,3.225295176670384,583.7539210000001,Car,Ped,0
2328,8,3,82.09,2.13,0.0,0.0,0.793,24,5.872,0.4694833476604002,0.9366483418514404,1.9274551846819543,34.480384,Car,Ped,1
2329,8,5,26.3,2.73,0.0,0.0,1.733,21,24.698,0.366300232124457,0.2631791941380195,3.246413167861289,609.991204,Car,Ped,0
2330,5,19,60.62,2.17,0.0,0.0,0.915,20,8.312,0.4608292807238338,1.4436956877170737,2.231303890989082,69.08934399999998,Ped,Car,0
2331,3,20,47.55,2.83,0.0,0.0,0.68,20,3.6,0.353356765598316,3.1944435570990115,1.5260563034950492,12.96,Ped,Car,0
2332,10,20,1.05,2.4,0.56,0.0,6.354,19,117.27,0.4166664930556278,0.1279099503034881,4.772970146263026,13752.2529,Car,Car,0
2333,9,20,0.89,2.47,0.56,0.0,6.849,19,127.17,0.4048581356849652,0.1140206014467201,4.853357507741733,16172.2089,Car,Car,0
2334,15,18,3.47,2.57,0.0,0.0,7.513,23,140.479,0.3891049069630712,0.1174552771769782,4.952151296175462,19734.349441,Car,Car,0
2335,8,7,1.11,2.2,0.0,0.0,7.841,19,147.043,0.4545452479339781,0.0510054878436546,4.997502772105927,21621.643849000004,Car,Car,0
2336,8,13,64.4,2.4,0.0,0.0,6.772,30,125.632,0.4166664930556278,0.0835774318360176,4.841285242383437,15783.399424,Car,VRU,0
2337,7,11,77.42,2.9,0.0,0.0,3.87,26,67.505,0.3448274673008733,0.133323455546649,4.226906735305072,4556.925025,Car,VRU,0
2338,3,12,56.94,2.47,0.0,0.0,2.368,27,37.426,0.4048581356849652,0.2003954416609992,3.6487343138095096,1400.705476,Ped,VRU,0
2339,2,20,84.65,3.0,0.0,0.0,1.792,30,25.882,0.3333332222222592,0.4250057791126737,3.2914569176489565,669.8779240000001,Ped,Car,0
2340,5,2,86.49,2.73,-0.56,0.0,0.786,25,5.736,0.366300232124457,0.6101812046406547,1.9074662769400252,32.901695999999994,Car,Ped,1
2341,5,20,55.12,2.0,0.56,0.56,0.793,25,5.87,0.499999750000125,2.129471528199058,1.927164106234258,34.456900000000005,Ped,Car,1
2342,5,20,57.51,1.77,0.56,0.56,0.751,25,5.036,0.5649714322195298,2.4821281806735147,1.7977415409056023,25.361296,Ped,Car,1
2343,20,18,0.57,2.6,0.0,0.0,11.898,27,228.302,0.3846152366864473,0.0832230988636845,5.435039912023814,52121.803204,Car,Car,0
2344,17,3,87.27,3.0,0.56,0.0,1.942,25,28.889,0.3333332222222592,0.346152502815864,3.397490519730829,834.5743209999999,Car,Ped,0
2345,18,5,89.7,1.77,0.0,0.0,7.834,25,146.911,0.5649714322195298,0.07827868520207,4.99661074152852,21582.841921,Car,Ped,1
2346,6,14,31.13,1.4,0.0,-1.11,1.574,18,21.507,0.7142852040819971,0.4649648735311817,3.113826371936459,462.551049,Ped,Car,0
2347,6,16,33.42,1.87,0.0,-0.56,3.693,18,63.957,0.5347590723213517,0.1719905534657574,4.173725512520979,4090.497849,Ped,VRU,0
2348,4,17,82.11,2.73,0.0,0.0,1.409,23,18.207,0.366300232124457,0.5767012370680926,2.955274795922715,331.49484900000004,Ped,LCV,0
2349,16,17,6.78,2.77,-0.56,0.0,8.374,21,157.726,0.3610106999961371,0.1046117944751544,5.067179445241424,24877.491076,LCV,Car,0
2350,5,19,79.7,1.57,0.0,0.0,1.992,15,29.878,0.6369422694635226,0.4016332953466331,3.430043956219735,892.694884,Ped,VRU,0
2351,5,16,34.31,1.5,0.0,0.0,0.505,15,0.093,0.6666662222225186,112.90201180632468,0.0889262091944015,0.008649,Ped,LCV,1
2352,14,13,0.52,2.03,0.0,0.0,3.063,18,51.341,0.492610594773106,0.2629477364494705,3.9577800027658734,2635.898281,Car,Car,0
2353,13,13,3.44,2.07,0.0,0.0,2.254,18,35.133,0.4830915540620512,0.3700224754497915,3.587206575202634,1234.3276890000002,Car,Car,0
2354,6,5,6.6,2.07,1.11,1.11,3.939,19,68.892,0.4830915540620512,0.0798351030622553,4.246951193476792,4746.107663999999,Car,Car,0
2355,3,19,68.14,2.87,0.0,0.0,2.636,14,42.794,0.3484319343442737,0.25704537418691,3.77949682169755,1831.326436,Ped,VRU,0
2356,19,16,0.53,1.83,0.0,-0.56,3.951,19,69.117,0.5464477888263449,0.2531938560239325,4.25016527533858,4777.159689000001,VRU,LCV,0
2357,19,18,1.0,1.63,0.0,0.0,3.826,19,66.632,0.6134965561370822,0.2776443709082067,4.214081243824435,4439.823424000001,VRU,LCV,0
2358,19,18,1.05,1.63,0.0,0.0,3.836,20,66.819,0.6134965561370822,0.2768673539432294,4.2168423916757805,4464.7787610000005,VRU,LCV,0
2359,19,18,1.09,1.6,0.0,0.0,3.846,19,67.029,0.6249996093752441,0.2759999362067175,4.219934084851608,4492.886841,VRU,LCV,0
2360,19,18,0.92,1.7,0.0,0.0,3.887,18,67.847,0.5882349480970894,0.2726723322671256,4.231886651240584,4603.215408999999,VRU,LCV,0
2361,19,18,1.48,1.47,0.0,0.0,3.93,21,68.7,0.6802716460737102,0.2692867500831623,4.244200317766478,4719.6900000000005,VRU,LCV,0
2362,19,18,1.08,1.63,0.0,0.0,3.843,19,66.954,0.6134965561370822,0.2763091036187666,4.218831005678403,4482.838115999999,VRU,LCV,0
2363,16,11,81.11,2.03,0.0,1.67,2.749,15,45.041,0.492610594773106,0.2997269088224749,3.8295323038610674,2028.691681,VRU,Car,0
2364,19,19,76.84,2.77,0.0,0.0,14.869,16,287.814,0.3610106999961371,0.0660148565878836,5.66578288229802,82836.89859600001,VRU,VRU,0
2365,14,14,7.85,1.67,0.0,0.0,3.221,15,54.51,0.5988020366454871,0.2568336038005209,4.01656318470207,2971.3401,Car,Car,1
2366,3,9,83.12,1.53,0.0,0.0,0.704,16,4.087,0.6535943440559843,1.468069129417879,1.626688265840628,16.703568999999998,Ped,VRU,1
2367,4,4,48.51,2.63,0.56,0.0,1.241,15,14.837,0.3802279923087481,0.2695962614008046,2.762348974509589,220.136569,Car,Ped,0
2368,9,9,28.09,2.17,1.11,0.0,2.6,16,42.062,0.4608292807238338,0.2139698489379999,3.76264093767599,1769.2118439999997,Car,VRU,1
2369,9,4,3.47,2.33,0.0,0.0,0.819,17,6.383,0.4291843651569247,1.018329779362403,1.9991800600770284,40.742689,VRU,Ped,1
2370,9,9,36.1,2.23,0.0,0.56,2.303,16,36.118,0.4484302921837254,0.2491832258379969,3.614102027156113,1304.5099240000002,VRU,VRU,0
2371,2,14,86.16,2.77,0.0,-0.56,1.708,22,24.206,0.3610106999961371,0.3304965574445774,3.2270820614153,585.930436,Ped,VRU,0
2372,2,9,87.12,2.67,0.0,0.0,0.549,21,0.986,0.3745316949319494,5.578087648998327,0.6861225656229808,0.972196,Ped,Car,0
2373,12,3,62.38,2.17,-0.56,0.0,0.959,18,9.188,0.4608292807238338,0.816282018254025,2.321210557117211,84.41934400000001,Car,Ped,1
2374,13,15,54.88,2.5,0.56,0.0,4.906,18,88.263,0.399999840000064,0.1586168591752279,4.491587068315919,7790.357169000001,Car,Car,0
2375,3,11,76.75,2.6,0.0,1.11,1.852,16,27.076,0.3846152366864473,0.2585315312996184,3.334915118868175,733.109776,Ped,Car,1
2376,3,10,44.39,2.67,0.0,0.56,3.389,15,57.86,0.3745316949319494,0.1123401294099528,4.075161742805327,3347.7796,Ped,Car,1
2377,4,10,34.46,2.13,0.0,-0.56,1.585,16,21.735,0.4694833476604002,0.3220611768087795,3.123905587276974,472.410225,Ped,VRU,1
2378,4,12,77.05,2.73,0.0,0.56,0.963,25,9.281,0.366300232124457,0.8619759872884402,2.3302975315605816,86.13696100000001,Ped,Car,0
2379,4,16,78.97,1.93,0.0,0.56,0.5,24,0.0,0.518134446562463,10000000.0,0.0,0.0,Ped,Car,1
2380,13,18,3.02,1.6,0.0,0.0,5.966,18,109.492,0.6249996093752441,0.1415628526142288,4.704943120146887,11988.498064,Car,VRU,0
2381,8,13,9.41,2.1,0.56,0.56,3.323,15,56.538,0.4761902494332145,0.185715798476851,4.052445599090395,3196.5454439999994,Car,VRU,0
2382,15,19,20.84,2.17,0.0,0.0,6.551,19,121.208,0.4608292807238338,0.1402547675049933,4.805724511043105,14691.379264,Car,Car,0
2383,10,11,79.72,2.87,0.0,0.0,4.203,22,74.181,0.3484319343442737,0.1415456769045217,4.319898539457518,5502.820761,Car,Car,0
2384,8,16,30.86,3.0,1.11,0.0,6.807,27,126.338,0.3333332222222592,0.0949832980181473,4.846844968481559,15961.290243999998,Car,Car,0
2385,6,4,86.98,2.47,0.0,0.0,1.554,16,21.12,0.4048581356849652,0.2367424130330296,3.096482176654134,446.0544,Car,Ped,0
2386,6,3,65.83,2.4,0.0,0.0,1.282,17,15.673,0.4166664930556278,0.2871179552658741,2.813790644578322,245.642929,Car,Ped,0
2387,16,16,42.39,1.33,1.11,0.56,3.001,23,50.093,0.7518791339254632,0.3194058986404108,3.933647501524809,2509.3086490000005,VRU,Car,0
2388,3,15,50.22,2.1,0.0,0.0,1.104,24,12.09,0.4761902494332145,0.7444168118761942,2.5718485799218085,146.1681,Ped,Car,0
2389,3,18,76.7,2.77,0.0,-0.56,2.179,22,33.628,0.3610106999961371,0.3122397908814145,3.544662603353528,1130.842384,Ped,Car,0
2390,3,16,62.03,2.67,0.0,0.0,2.363,19,37.326,0.3745316949319494,0.2545142727719479,3.646128517046304,1393.230276,Ped,Car,0
2391,30,4,65.91,2.43,0.0,0.56,25.247,18,495.697,0.4115224643940475,0.0342951439401587,6.207980182231968,245715.515809,VRU,Ped,0
2392,33,30,1.77,1.6,0.56,0.56,11.349,19,217.321,0.6249996093752441,0.1449468751526687,5.385966456821985,47228.417041,VRU,VRU,0
2393,30,30,2.02,1.43,-0.56,3.33,9.937,17,189.029,0.6993002102795733,0.1587058062058953,5.247176692092419,35731.962841,VRU,VRU,0
2394,31,24,0.89,1.4,-0.56,3.89,10.063,17,191.561,0.7142852040819971,0.1435574039415256,5.260412986647872,36695.616721000006,VRU,VRU,0
2395,18,4,86.19,2.53,0.0,0.0,1.271,20,15.448,0.3952567607680787,0.7120662408035836,2.8002038892727548,238.640704,Car,Ped,0
2396,4,28,59.84,1.2,0.56,-0.56,9.576,22,181.802,0.8333326388894676,0.0880078322130238,5.208403599879236,33051.967204,Ped,VRU,1
2397,15,3,76.19,1.87,0.0,0.0,0.691,21,3.819,0.5347590723213517,2.3566372462327188,1.5725664376581956,14.584761,Car,Ped,1
2398,14,20,56.99,2.93,1.11,0.0,11.089,22,212.101,0.3412968118440915,0.0801504939620723,5.361766231726128,44986.834201,Car,Car,0
2399,3,16,51.91,1.8,0.0,0.0,0.5,20,0.0,0.5555552469137517,9500000.0,0.0,0.0,Ped,Car,0
2400,10,11,79.07,2.77,0.56,0.56,4.648,17,83.096,0.3610106999961371,0.1263598713974213,4.431959003422091,6904.945216000001,Car,Car,0
2401,10,26,0.68,2.43,0.0,1.11,11.859,15,227.539,0.4115224643940475,0.0791073175187228,5.431706874107349,51773.996521,Car,Car,0
2402,3,3,48.24,1.87,0.0,0.0,0.847,19,6.944,0.5347590723213517,0.4320275875536308,2.072416926742872,48.219136,Ped,Car,1
2403,10,13,1.61,2.47,0.0,-2.22,7.432,12,138.859,0.4048581356849652,0.0828178217989628,4.940634772243009,19281.821881000003,Car,Car,0
2404,10,14,1.64,2.43,0.0,-1.67,7.472,12,139.658,0.4115224643940475,0.0859241856111058,4.946331412095436,19504.356963999995,Car,Car,0
2405,10,15,1.86,2.43,0.0,-1.11,7.601,12,142.238,0.4115224643940475,0.0878808750975064,4.96450758245247,20231.648644,Car,Car,0
2406,10,20,0.16,2.1,0.0,0.0,8.375,16,157.735,0.4761902494332145,0.0950962050585082,5.067236145119535,24880.330225000005,Car,Car,0
2407,10,19,19.6,2.4,0.0,0.56,7.359,17,137.391,0.4166664930556278,0.1055382077025554,4.930083012167365,18876.286881,Car,Car,0
2408,11,20,63.43,1.7,1.67,0.0,2.212,16,34.3,0.5882349480970894,0.4518950305569962,3.563882963939251,1176.4899999999998,Car,Car,0
2409,19,3,83.67,2.37,0.56,0.0,2.107,16,32.181,0.4219407502359703,0.341816589235369,3.501977422945872,1035.6167609999998,Car,Ped,0
2410,23,3,64.97,2.53,0.0,0.0,0.77,19,5.407,0.3952567607680787,2.404290289570873,1.8573911426568843,29.235649,LCV,Ped,1
2411,11,16,4.87,2.13,0.0,0.0,8.403,14,158.308,0.4694833476604002,0.0852768016444096,5.070839435366272,25061.422864,Car,Car,0
2412,8,9,7.08,2.9,0.0,0.0,7.943,21,149.091,0.3448274673008733,0.0570121599760404,5.011241776815093,22228.126281,Car,Car,1
2413,13,13,8.68,2.23,0.0,0.0,6.679,21,123.77,0.4484302921837254,0.1050335290859374,4.82647204242293,15319.0129,Car,Car,0
2414,13,13,3.36,2.6,0.0,0.0,7.03,25,130.793,0.3846152366864473,0.0993936976795876,4.88123250988408,17106.808849,Car,Car,0
2415,10,2,4.49,1.87,0.56,-1.11,1.472,24,19.46,0.5347590723213517,0.308324752912397,3.0184717605234805,378.6916000000001,Car,Ped,1
2416,13,14,1.77,2.63,0.0,0.0,7.935,26,148.93,0.3802279923087481,0.0906466118938655,5.010168518506812,22180.144900000003,Car,Car,0
2417,14,14,1.38,2.57,0.0,0.0,10.857,15,207.468,0.3891049069630712,0.0674802857911567,5.339785552241797,43042.971024,Car,Car,0
2418,14,14,0.72,2.57,0.0,0.0,11.309,15,216.509,0.3891049069630712,0.0646624386761638,5.382240228982983,46876.147081,Car,Car,0
2419,14,14,1.53,2.77,0.0,0.0,11.58,26,221.936,0.3610106999961371,0.0630812483640272,5.406884734753329,49255.588096,Car,Car,0
2420,1,14,11.26,1.67,0.0,0.0,5.199,15,94.121,0.5988020366454871,0.0796846603873241,4.55514976536343,8858.762641,Car,Car,0
2421,10,5,22.93,3.0,1.11,0.56,8.555,18,161.344,0.3333332222222592,0.0464845296603249,5.089717540674668,26031.886336,Car,Car,0
2422,10,7,5.32,2.4,0.0,0.0,7.235,19,134.906,0.4166664930556278,0.0630068339213464,4.911963470292886,18199.628836,Car,Car,0
2423,19,20,1.6,1.83,0.0,0.0,6.793,15,126.047,0.5464477888263449,0.1547041964132094,4.844557096736502,15887.846209,Car,Car,0
2424,14,16,4.15,2.2,0.0,0.0,11.539,14,221.114,0.4545452479339781,0.0678383093434232,5.403190763582849,48891.400996,Car,Car,0
2425,8,4,37.07,2.27,0.0,0.0,0.5,19,0.0,0.4405284402958412,6000000.0,0.0,0.0,Car,Ped,1
2426,8,10,38.11,3.0,0.0,1.11,2.122,18,32.497,0.3333332222222592,0.2769486328907705,3.511455882582174,1056.055009,Car,Car,0
2427,8,4,39.3,2.97,0.0,0.0,1.084,21,11.69,0.3367002233332581,0.5132591519880966,2.540814281726296,136.65609999999998,Car,Ped,0
2428,26,14,34.36,1.8,0.0,0.56,11.106,14,212.437,0.5555552469137517,0.094145558004747,5.363341707156216,45129.478969,Car,VRU,0
2429,4,3,57.73,2.5,1.11,0.0,0.579,21,1.591,0.399999840000064,2.199872910199302,0.9520439015799728,2.531281,Car,Ped,1
2430,15,11,0.53,2.17,0.0,0.0,14.082,22,272.062,0.4608292807238338,0.047783225706702,5.609698875627351,74017.73184400001,Car,VRU,0
2431,15,11,1.62,2.1,0.0,0.0,8.553,23,161.313,0.4761902494332145,0.0805886687335263,5.089526569895696,26021.883968999995,Car,VRU,0
2432,12,11,7.46,1.97,1.11,0.0,3.542,23,60.931,0.5076139555259109,0.1887380776823279,4.126020862082643,3712.586761,Car,VRU,0
2433,6,6,72.57,3.0,0.0,0.0,6.891,18,128.012,0.3333332222222592,0.0468706055145564,4.859905423291091,16387.072144,Car,Ped,0
2434,15,3,85.91,2.67,0.0,0.0,10.116,24,192.613,0.3745316949319494,0.0467258178486093,5.26586132134843,37099.767769,Car,Ped,0
2435,11,13,2.6,2.2,0.0,0.0,12.467,20,239.712,0.4545452479339781,0.0500600718776695,5.483601198137104,57461.842944,VRU,Car,0
2436,11,6,68.61,2.07,0.56,0.0,1.278,24,15.586,0.4830915540620512,0.5453611866186843,2.808558966029012,242.923396,Car,Ped,0
2437,3,12,82.67,1.77,0.0,0.0,5.605,18,102.267,0.5649714322195298,0.0733374395128688,4.637317867198409,10458.539288999998,Ped,Car,1
2438,6,19,1.35,2.47,0.56,0.0,7.773,19,145.688,0.4048581356849652,0.0857997907459791,4.9883078822121645,21224.993343999995,Car,Car,0
2439,2,19,81.15,2.3,0.0,0.0,0.5,20,0.0,0.4347824196598175,10500000.0,0.0,0.0,Ped,Car,0
2440,7,3,55.84,2.83,-0.56,0.0,0.998,19,9.973,0.353356765598316,0.5013536045970516,2.3954377100086623,99.460729,Car,Ped,0
2441,4,8,85.16,2.43,0.0,-1.11,1.884,23,27.722,0.4115224643940475,0.2164345928708392,3.357663379638427,768.5092840000001,Ped,VRU,0
2442,3,17,53.05,2.17,0.0,0.0,0.631,20,2.631,0.4608292807238338,3.8008347393254502,1.2895080924321989,6.922160999999999,Ped,Car,0
2443,10,8,14.67,2.1,-0.56,0.0,2.231,25,34.678,0.4761902494332145,0.2595305306093047,3.574534252329076,1202.5636839999995,Car,VRU,1
2444,15,16,12.79,2.63,0.0,0.0,9.699,21,184.268,0.3802279923087481,0.0841166123031855,5.22180342544779,33954.695824,VRU,Car,0
2445,13,2,66.91,1.3,-1.11,0.0,0.885,22,7.707,0.7692301775152481,0.9731411738495946,2.1641272998464784,59.397849,VRU,Ped,1
2446,10,4,31.12,1.57,1.67,0.0,1.99,22,29.847,0.6369422694635226,0.2345294255861753,3.4290395008902443,890.8434090000001,VRU,Ped,1
2447,16,4,69.82,2.23,0.0,0.0,2.184,18,33.738,0.4484302921837254,0.2964016747761671,3.5478341886318208,1138.252644,Car,Ped,0
2448,6,13,67.18,2.87,0.0,0.0,3.85,22,67.1,0.3484319343442737,0.1415797296336851,4.220977213155467,4502.409999999999,Ped,Car,0
2449,10,3,87.13,2.67,0.56,0.0,1.524,22,20.51,0.3745316949319494,0.3169185608523373,3.068517943279639,420.66010000000006,Car,Ped,1
2450,15,14,1.03,2.97,0.0,0.0,12.851,21,247.407,0.3367002233332581,0.0586078807042327,5.515068530016532,61210.22364900001,Car,Car,0
2451,15,14,1.1,2.97,0.0,0.0,12.949,20,249.358,0.3367002233332581,0.0581493272397543,5.522891893528028,62179.412164,Car,Car,0
2452,15,14,1.11,2.97,0.0,0.0,12.949,20,249.358,0.3367002233332581,0.0581493272397543,5.522891893528028,62179.412164,Car,Car,0
2453,14,10,2.95,1.4,0.0,0.0,6.952,23,129.244,0.7142852040819971,0.0928476363092473,4.869409614313323,16704.011535999998,VRU,Car,0
2454,3,16,71.06,2.93,0.0,1.11,2.554,21,41.146,0.3412968118440915,0.2308851351070545,3.741139780775021,1692.993316,Ped,VRU,0
2455,10,7,5.12,2.67,0.0,0.0,5.093,30,92.01,0.3745316949319494,0.0923812619021708,4.532707014254376,8465.840100000001,Car,Car,0
2456,2,11,27.46,1.9,0.56,-1.67,1.505,21,20.127,0.5263155124655198,0.3229492560764517,3.0505518433180976,405.096129,Ped,VRU,1
2457,1,14,20.98,2.03,0.0,0.0,1.679,22,23.621,0.492610594773106,0.317514063015365,3.203599737315684,557.9516409999999,Ped,VRU,1
2458,3,9,76.53,1.8,0.0,0.56,0.5,33,0.0,0.5555552469137517,6000000.0,0.0,0.0,Ped,Car,1
2459,3,6,87.3,2.83,0.0,0.0,2.468,28,39.411,0.353356765598316,0.1141813170388643,3.69910202513411,1553.2269210000002,Ped,Car,0
2460,3,8,68.35,2.4,0.0,0.0,1.348,32,16.987,0.4166664930556278,0.3237769868854426,2.8896492747458336,288.558169,Ped,Car,0
2461,5,17,66.89,3.0,0.0,0.0,14.428,24,278.983,0.3333332222222592,0.0394289256355085,5.634728887040349,77831.514289,Ped,Car,0
2462,11,5,72.59,2.27,0.56,0.0,3.684,22,63.771,0.4405284402958412,0.1254488697770323,4.170857972322207,4066.740441,Car,Ped,0
2463,14,6,69.58,2.3,0.56,0.0,2.553,23,41.127,0.4347824196598175,0.243149263424289,3.7406888652903,1691.4301290000003,VRU,Ped,0
2464,14,6,74.26,2.87,0.0,0.0,2.472,26,39.5,0.3484319343442737,0.2531645505527962,3.701301974112493,1560.25,VRU,Car,1
2465,7,6,77.54,1.9,0.56,0.0,1.979,25,29.628,0.5263155124655198,0.2193870588839253,3.421914623250877,877.818384,Car,Ped,0
2466,2,5,75.1,1.77,0.0,0.56,1.118,36,12.385,0.5649714322195298,0.2825998964392494,2.594134676972316,153.388225,Ped,Car,0
2467,5,5,64.77,2.67,0.0,0.0,2.394,28,37.931,0.3745316949319494,0.1318182981777886,3.661790848423203,1438.7607609999998,Car,Ped,0
2468,16,9,0.85,2.1,0.0,0.0,8.617,29,162.597,0.4761902494332145,0.0768771866831664,5.097406086592201,26437.784409000004,Car,Car,0
2469,16,9,0.68,2.1,0.0,0.0,9.404,29,178.354,0.4761902494332145,0.0700853355120415,5.189361506489555,31810.149316000006,Car,Car,0
2470,16,9,0.76,2.1,0.0,0.0,9.239,29,175.057,0.4761902494332145,0.0714053132899266,5.170807806242008,30644.953248999995,Car,Car,0
2471,16,9,0.81,2.13,0.0,0.0,8.77,30,165.655,0.4694833476604002,0.0754580297880653,5.115925807303968,27441.579025,Car,Car,0
2472,9,3,61.75,2.47,2.22,0.0,1.75,26,25.036,0.4048581356849652,0.239654887375983,3.259480195710141,626.8012960000001,Car,Ped,0
2473,9,3,89.13,1.5,0.56,0.0,1.043,31,10.882,0.6666662222225186,0.5513691829287647,2.475024649933549,118.417924,Car,Ped,1
2474,14,4,61.44,1.87,0.0,0.0,1.261,33,15.241,0.5347590723213517,0.5905123948223611,2.787538909192466,232.288081,Car,Ped,0
2475,8,4,82.38,2.93,2.22,0.0,0.933,34,8.666,0.3412968118440915,0.692360870948434,2.268614573422892,75.099556,Car,Ped,0
2476,11,7,77.21,1.67,2.22,-0.56,1.105,28,12.127,0.5988020366454871,0.7421455642660539,2.5746711778212705,147.064129,Car,Ped,0
2477,8,9,0.33,2.37,2.22,0.0,3.847,22,67.046,0.4219407502359703,0.1267786277066696,4.2201839470612486,4495.166116000001,Car,Car,0
2478,10,9,0.1,2.23,0.0,0.0,5.121,21,92.556,0.4484302921837254,0.1026405624417589,4.538560187488647,8566.613136,Car,Car,0
2479,10,4,73.43,2.97,0.0,0.0,2.978,20,49.634,0.3367002233332581,0.1410323540107113,3.9246232874038847,2463.533956,Car,Ped,0
2480,3,7,77.61,2.37,0.0,1.11,2.278,32,35.609,0.4219407502359703,0.1404139363527777,3.600294111817812,1268.0008810000002,Ped,Car,1
2481,3,18,56.39,2.73,0.0,-0.56,1.908,21,28.198,0.366300232124457,0.3723668213218376,3.374100213777788,795.127204,Ped,Car,0
2482,5,8,50.83,2.7,0.0,0.56,1.309,34,16.214,0.3703702331962099,0.4008880966517764,2.8457230062272827,262.89379599999995,Ped,Car,0
2483,9,4,47.74,2.53,0.0,0.0,1.199,18,13.995,0.3952567607680787,0.4644515566665554,2.7077168122009723,195.860025,Car,Ped,0
2484,9,4,42.22,2.8,0.0,0.0,8.964,18,169.541,0.3571427295918823,0.0383388086755486,5.138975737023697,28744.150681,Car,Ped,0
2485,8,5,51.43,2.27,0.0,0.0,1.464,18,19.301,0.4405284402958412,0.3367700980897312,3.010670145918198,372.5286009999999,Car,Ped,1
2486,8,14,25.58,2.93,0.0,0.0,7.017,21,130.537,0.3412968118440915,0.0842672952169324,4.8792881808623285,17039.908369,Car,Car,0
2487,2,8,27.05,2.33,0.0,0.56,2.64,24,42.859,0.4291843651569247,0.1166616086081894,3.780979942912221,1836.893881,Ped,VRU,1
2488,4,17,2.95,2.0,0.0,0.0,4.056,18,71.237,0.499999750000125,0.1473953121636886,4.279952380007206,5074.710168999999,Car,Car,0
2489,1,12,3.04,1.63,0.56,0.56,3.953,18,69.167,0.6134965561370822,0.0939754493620447,4.250878115036866,4784.073889,Car,Car,0
2490,16,6,52.1,2.17,-0.56,0.0,5.383,21,97.812,0.4608292807238338,0.112460637626665,4.593219054868337,9567.187344,Car,Ped,0
2491,16,14,4.79,2.6,0.0,0.0,7.979,22,149.819,0.3846152366864473,0.1001208117787409,5.016080442332151,22445.732761,Car,Car,0
2492,15,14,2.71,2.37,0.0,0.56,4.136,23,72.83,0.4219407502359703,0.1990937773020214,4.3017651530710745,5304.2089,Car,Car,0
2493,4,14,13.06,1.73,0.0,0.0,1.695,20,23.934,0.5780343479570244,0.3760340780465414,3.2162323339227834,572.836356,Ped,VRU,1
2494,3,1,8.51,2.97,-3.33,-1.67,4.84,20,86.935,0.3367002233332581,0.0230056936446115,4.476597905188328,7557.694225,Car,Car,0
2495,3,15,66.38,2.23,0.0,0.0,1.037,23,10.748,0.4484302921837254,0.83736501327084,2.4636830133363734,115.51950399999998,Ped,Car,1
2496,3,15,61.61,2.27,0.0,0.0,1.69,25,23.828,0.4405284402958412,0.3777068835946414,3.2119720485514063,567.773584,Ped,Car,0
2497,16,9,1.43,2.97,-0.56,-0.56,3.783,24,65.755,0.3367002233332581,0.1900996093057621,4.201029200842059,4323.720025,Car,Car,0
2498,18,16,2.0,1.63,3.33,1.67,6.163,22,113.437,0.6134965561370822,0.1498629181848698,4.740024453228025,12867.952969,Car,Car,0
2499,2,14,85.48,1.93,0.0,0.0,0.51,24,0.195,0.518134446562463,41.025430638817234,0.178146185383474,0.038025,Ped,Car,1
2500,13,14,0.01,1.9,0.0,0.0,5.787,27,105.897,0.5263155124655198,0.1274823637356831,4.671865754026358,11214.174609000002,LCV,Car,0
2501,11,12,6.34,2.03,0.0,-1.11,6.158,23,113.333,0.492610594773106,0.1014708857837445,4.739115243041685,12844.368889,LCV,Car,0
2502,11,14,4.44,2.13,0.0,0.0,6.328,28,116.731,0.4694833476604002,0.1070838071541937,4.768402361065753,13626.126361,LCV,Car,0
2503,13,14,7.41,2.13,0.0,0.0,6.352,27,117.218,0.4694833476604002,0.1151700240989436,4.7725303776418855,13740.059524,LCV,Car,0
2504,13,14,17.37,2.17,0.0,0.0,6.459,25,119.357,0.4608292807238338,0.1131060590237182,4.790462326226879,14246.093449,LCV,Car,0
2505,14,3,64.12,2.23,0.0,0.0,1.209,24,14.208,0.4484302921837254,0.5982544623976308,2.721821605186128,201.867264,Car,Ped,0
2506,8,6,56.32,0.93,0.56,0.0,0.5,23,0.0,1.075267661002515,7000000.0,0.0,0.0,VRU,Ped,1
2507,4,14,33.38,0.83,0.0,0.56,0.5,23,0.0,1.204817825520692,9000000.0,0.0,0.0,Ped,VRU,1
